{"directed": true, "multigraph": false, "graph": {}, 
  "nodes": [{
	 "id": "0", 
	 "label": "{'changeType': 'Add', 'type': 'object', 'className': 'EOperation', 'attributes': {'id': '_a0h4D96tEei97MD7GK1RmA', 'name':'getDomainMetaClass','ordered':'true','unique':'true','lowerBound':'0','upperBound':'1','many':'false','required':'false','eType':'EClass','eGenericType':'org.eclipse.emf.ecore.impl.EGenericTypeImpl@77dac193 (expression: EClass)','eContainingClass':'LinkMapping'}}" 
},{
	 "id": "1", 
	 "label": "{'changeType': 'Preserve', 'type': 'object', 'className': 'EClass', 'attributes': {'id': '_au4jBN6tEei97MD7GK1RmA', 'name':'LinkMapping','ePackage':'mappings','abstract':'false','interface':'false','eStructuralFeatures':['diagramLink','domainMetaElement','domainSpecialization','domainInitializer','containmentFeature','labelEditFeature','labelDisplayFeature','linkMetaFeature','creationConstraints'],'eGenericSuperTypes':['org.eclipse.emf.ecore.impl.EGenericTypeImpl@6069fc86 (expression: MappingEntry)']}}" 
},{
	 "id": "2", 
	 "label": "{'changeType': 'Preserve', 'type': 'object', 'className': 'EPackage', 'attributes': {'id': '_au4i4d6tEei97MD7GK1RmA', 'name':'mappings','nsURI':'http://www.eclipse.org/gmf/2005/mappings','nsPrefix':'gmfmap','eFactoryInstance':'org.eclipse.emf.ecore.impl.EFactoryImpl@59037dd6','eClassifiers':['AbstractNodeMapping','MappingEntry','NodeMapping','ChildNodeMapping','LinkMapping','CanvasMapping','Mapping','Constraint','LinkConstraints','ValueExpression','ElementInitializer','FeatureSeqInitializer','...']}}" 
},{
	 "id": "3", 
	 "label": "{'changeType': 'Preserve', 'type': 'object', 'className': 'EClass', 'attributes': {'id': '_ayvII96tEei97MD7GK1RmA', 'eAnnotations':['org.eclipse.emf.ecore.impl.EAnnotationImpl@4effb615 (source: http://www.eclipse.org/emf/2004/EmfaticAnnotationMap)'],'name':'AbstractNodeMapping','ePackage':'mappings','abstract':'true','interface':'false','eOperations':['getDomainMetaClass'],'eStructuralFeatures':['diagramNode','domainMetaElement','domainSpecialization','domainInitializer','containmentFeature','editFeature','childMappings']}}" 
},{
	 "id": "4", 
	 "label": "{'changeType': 'Preserve', 'type': 'object', 'className': 'EAnnotation', 'attributes': {'id': '_aycNMt6tEei97MD7GK1RmA', 'source':'http://www.eclipse.org/emf/2004/EmfaticAnnotationMap','details':['org.eclipse.emf.ecore.impl.EStringToStringMapEntryImpl@36dfa010 (key: constraints, value: http://www.eclipse.org/gmf/2005/constraints)','org.eclipse.emf.ecore.impl.EStringToStringMapEntryImpl@4154285b (key: constraintsMeta, value: http://www.eclipse.org/gmf/2005/constraints/meta)'],'eModelElement':'AbstractNodeMapping'}}" 
},{
	 "id": "5", 
	 "label": "{'changeType': 'Preserve', 'type': 'object', 'className': 'EStringToStringMapEntry', 'attributes': {'id': '_aycNM96tEei97MD7GK1RmA', 'key':'constraints','value':'http://www.eclipse.org/gmf/2005/constraints'}}" 
},{
	 "id": "6", 
	 "label": "{'changeType': 'Preserve', 'type': 'object', 'className': 'EStringToStringMapEntry', 'attributes': {'id': '_aycNNN6tEei97MD7GK1RmA', 'key':'constraintsMeta','value':'http://www.eclipse.org/gmf/2005/constraints/meta'}}" 
},{
	 "id": "7", 
	 "label": "{'changeType': 'Preserve', 'type': 'object', 'className': 'EOperation', 'attributes': {'id': '_a0FL9d6tEei97MD7GK1RmA', 'name':'getDomainMetaClass','ordered':'true','unique':'true','lowerBound':'0','upperBound':'1','many':'false','required':'false','eType':'EClass','eGenericType':'org.eclipse.emf.ecore.impl.EGenericTypeImpl@59e743d8 (expression: EClass)','eContainingClass':'AbstractNodeMapping'}}" 
},{
	 "id": "8", 
	 "label": "{'changeType': 'Preserve', 'type': 'object', 'className': 'EReference', 'attributes': {'id': '_au4i5t6tEei97MD7GK1RmA', 'name':'diagramNode','ordered':'true','unique':'true','lowerBound':'1','upperBound':'1','many':'false','required':'true','eType':'Node','eGenericType':'org.eclipse.emf.ecore.impl.EGenericTypeImpl@72055331 (expression: Node)','changeable':'true','volatile':'false','transient':'false','unsettable':'false','derived':'false','eContainingClass':'AbstractNodeMapping','containment':'false','container':'false','resolveProxies':'true','eReferenceType':'Node'}}" 
},{
	 "id": "9", 
	 "label": "{'changeType': 'Preserve', 'type': 'object', 'className': 'EReference', 'attributes': {'id': '_au4i6N6tEei97MD7GK1RmA', 'name':'domainMetaElement','ordered':'true','unique':'true','lowerBound':'0','upperBound':'1','many':'false','required':'false','eType':'EClass','eGenericType':'org.eclipse.emf.ecore.impl.EGenericTypeImpl@234a47af (expression: EClass)','changeable':'true','volatile':'false','transient':'false','unsettable':'false','derived':'false','eContainingClass':'AbstractNodeMapping','containment':'false','container':'false','resolveProxies':'true','eReferenceType':'EClass'}}" 
},{
	 "id": "10", 
	 "label": "{'changeType': 'Preserve', 'type': 'object', 'className': 'EReference', 'attributes': {'id': '_avoJyd6tEei97MD7GK1RmA', 'eAnnotations':['org.eclipse.emf.ecore.impl.EAnnotationImpl@74cccb6e (source: http://www.eclipse.org/emf/2002/GenModel)','org.eclipse.emf.ecore.impl.EAnnotationImpl@44f42172 (source: http://www.eclipse.org/gmf/2005/constraints/meta)'],'name':'domainSpecialization','ordered':'true','unique':'true','lowerBound':'0','upperBound':'1','many':'false','required':'false','eType':'Constraint','eGenericType':'org.eclipse.emf.ecore.impl.EGenericTypeImpl@fc71b78 (expression: Constraint)','changeable':'true','volatile':'false','transient':'false','unsettable':'false','derived':'false','eContainingClass':'AbstractNodeMapping','containment':'true','container':'false','resolveProxies':'true','eReferenceType':'Constraint'}}" 
},{
	 "id": "11", 
	 "label": "{'changeType': 'Preserve', 'type': 'object', 'className': 'EAnnotation', 'attributes': {'id': '_avoJyt6tEei97MD7GK1RmA', 'source':'http://www.eclipse.org/emf/2002/GenModel','details':['org.eclipse.emf.ecore.impl.EStringToStringMapEntryImpl@35726f4c (key: documentation, value: Specializes further the domain meta element EClass associated with this mapping and should be evaluated in this EClass context)'],'eModelElement':'domainSpecialization'}}" 
},{
	 "id": "12", 
	 "label": "{'changeType': 'Preserve', 'type': 'object', 'className': 'EStringToStringMapEntry', 'attributes': {'id': '_avoJy96tEei97MD7GK1RmA', 'key':'documentation','value':'Specializes further the domain meta element EClass associated with this mapping and should be evaluated in this EClass context'}}" 
},{
	 "id": "13", 
	 "label": "{'changeType': 'Preserve', 'type': 'object', 'className': 'EAnnotation', 'attributes': {'id': '_ayvILt6tEei97MD7GK1RmA', 'source':'http://www.eclipse.org/gmf/2005/constraints/meta','details':['org.eclipse.emf.ecore.impl.EStringToStringMapEntryImpl@2cdcd848 (key: def, value: context)','org.eclipse.emf.ecore.impl.EStringToStringMapEntryImpl@3e59e106 (key: ocl, value: if domainMetaElement.oclIsUndefined() then containmentFeature.eContainingClass else domainMetaElement endif)'],'eModelElement':'domainSpecialization'}}" 
},{
	 "id": "14", 
	 "label": "{'changeType': 'Preserve', 'type': 'object', 'className': 'EStringToStringMapEntry', 'attributes': {'id': '_ayvIL96tEei97MD7GK1RmA', 'key':'def','value':'context'}}" 
},{
	 "id": "15", 
	 "label": "{'changeType': 'Preserve', 'type': 'object', 'className': 'EStringToStringMapEntry', 'attributes': {'id': '_ayvIMN6tEei97MD7GK1RmA', 'key':'ocl','value':'if domainMetaElement.oclIsUndefined() then containmentFeature.eContainingClass else domainMetaElement endif'}}" 
},{
	 "id": "16", 
	 "label": "{'changeType': 'Preserve', 'type': 'object', 'className': 'EReference', 'attributes': {'id': '_av7EvN6tEei97MD7GK1RmA', 'eAnnotations':['org.eclipse.emf.ecore.impl.EAnnotationImpl@7d6dbc53 (source: http://www.eclipse.org/emf/2002/GenModel)','org.eclipse.emf.ecore.impl.EAnnotationImpl@4619b31e (source: http://www.eclipse.org/gmf/2005/constraints)','...'],'name':'domainInitializer','ordered':'true','unique':'true','lowerBound':'0','upperBound':'1','many':'false','required':'false','eType':'ElementInitializer','eGenericType':'org.eclipse.emf.ecore.impl.EGenericTypeImpl@2008a65c (expression: ElementInitializer)','changeable':'true','volatile':'false','transient':'false','unsettable':'false','derived':'false','eContainingClass':'AbstractNodeMapping','containment':'true','container':'false','resolveProxies':'true','eReferenceType':'ElementInitializer'}}" 
},{
	 "id": "17", 
	 "label": "{'changeType': 'Preserve', 'type': 'object', 'className': 'EAnnotation', 'attributes': {'id': '_av7Evd6tEei97MD7GK1RmA', 'source':'http://www.eclipse.org/emf/2002/GenModel','details':['org.eclipse.emf.ecore.impl.EStringToStringMapEntryImpl@3739352e (key: documentation, value: Initializer for the domain model element associated with mapping)'],'eModelElement':'domainInitializer'}}" 
},{
	 "id": "18", 
	 "label": "{'changeType': 'Preserve', 'type': 'object', 'className': 'EStringToStringMapEntry', 'attributes': {'id': '_av7Evt6tEei97MD7GK1RmA', 'key':'documentation','value':'Initializer for the domain model element associated with mapping'}}" 
},{
	 "id": "19", 
	 "label": "{'changeType': 'Preserve', 'type': 'object', 'className': 'EAnnotation', 'attributes': {'id': '_ayvINN6tEei97MD7GK1RmA', 'source':'http://www.eclipse.org/gmf/2005/constraints','details':['org.eclipse.emf.ecore.impl.EStringToStringMapEntryImpl@61c541d2 (key: ocl, value: let i : FeatureSeqInitializer = domainInitializer.oclAsType( FeatureSeqInitializer) in i.oclIsUndefined() or i.initializers.feature.eContainingClass->forAll(c|c.isSuperTypeOf(domainMetaElement)))'],'eModelElement':'domainInitializer'}}" 
},{
	 "id": "20", 
	 "label": "{'changeType': 'Preserve', 'type': 'object', 'className': 'EStringToStringMapEntry', 'attributes': {'id': '_ayvINd6tEei97MD7GK1RmA', 'key':'ocl','value':'let i : FeatureSeqInitializer = domainInitializer.oclAsType( FeatureSeqInitializer) in i.oclIsUndefined() or i.initializers.feature.eContainingClass->forAll(c|c.isSuperTypeOf(domainMetaElement))'}}" 
},{
	 "id": "21", 
	 "label": "{'changeType': 'Preserve', 'type': 'object', 'className': 'EAnnotation', 'attributes': {'id': '_ayvINt6tEei97MD7GK1RmA', 'source':'http://www.eclipse.org/gmf/2005/constraints/meta','details':['org.eclipse.emf.ecore.impl.EStringToStringMapEntryImpl@f343ddd (key: def, value: context)','org.eclipse.emf.ecore.impl.EStringToStringMapEntryImpl@43efe66 (key: ocl, value: if domainMetaElement.oclIsUndefined() then containmentFeature.eContainingClass else domainMetaElement endif)'],'eModelElement':'domainInitializer'}}" 
},{
	 "id": "22", 
	 "label": "{'changeType': 'Preserve', 'type': 'object', 'className': 'EStringToStringMapEntry', 'attributes': {'id': '_ayvIN96tEei97MD7GK1RmA', 'key':'def','value':'context'}}" 
},{
	 "id": "23", 
	 "label": "{'changeType': 'Preserve', 'type': 'object', 'className': 'EStringToStringMapEntry', 'attributes': {'id': '_ayvION6tEei97MD7GK1RmA', 'key':'ocl','value':'if domainMetaElement.oclIsUndefined() then containmentFeature.eContainingClass else domainMetaElement endif'}}" 
},{
	 "id": "24", 
	 "label": "{'changeType': 'Preserve', 'type': 'object', 'className': 'EReference', 'attributes': {'id': '_au4i6t6tEei97MD7GK1RmA', 'eAnnotations':['org.eclipse.emf.ecore.impl.EAnnotationImpl@69f60d86 (source: http://www.eclipse.org/gmf/2005/constraints)','org.eclipse.emf.ecore.impl.EAnnotationImpl@343c14e8 (source: http://www.eclipse.org/gmf/2005/constraints)'],'name':'containmentFeature','ordered':'true','unique':'true','lowerBound':'0','upperBound':'1','many':'false','required':'false','eType':'EReference','eGenericType':'org.eclipse.emf.ecore.impl.EGenericTypeImpl@555ed951 (expression: EReference)','changeable':'true','volatile':'false','transient':'false','unsettable':'false','derived':'false','eContainingClass':'AbstractNodeMapping','containment':'false','container':'false','resolveProxies':'true','eReferenceType':'EReference'}}" 
},{
	 "id": "25", 
	 "label": "{'changeType': 'Preserve', 'type': 'object', 'className': 'EAnnotation', 'attributes': {'id': '_ayvIOt6tEei97MD7GK1RmA', 'source':'http://www.eclipse.org/gmf/2005/constraints','details':['org.eclipse.emf.ecore.impl.EStringToStringMapEntryImpl@47820fb0 (key: ocl, value: containmentFeature.containment)'],'eModelElement':'containmentFeature'}}" 
},{
	 "id": "26", 
	 "label": "{'changeType': 'Preserve', 'type': 'object', 'className': 'EStringToStringMapEntry', 'attributes': {'id': '_ayvIO96tEei97MD7GK1RmA', 'key':'ocl','value':'containmentFeature.containment'}}" 
},{
	 "id": "27", 
	 "label": "{'changeType': 'Preserve', 'type': 'object', 'className': 'EAnnotation', 'attributes': {'id': '_ayvIPN6tEei97MD7GK1RmA', 'source':'http://www.eclipse.org/gmf/2005/constraints','details':['org.eclipse.emf.ecore.impl.EStringToStringMapEntryImpl@c1d7f69 (key: ocl, value: domainMetaElement.oclIsUndefined() or containmentFeature.eReferenceType.isSuperTypeOf(domainMetaElement))'],'eModelElement':'containmentFeature'}}" 
},{
	 "id": "28", 
	 "label": "{'changeType': 'Preserve', 'type': 'object', 'className': 'EStringToStringMapEntry', 'attributes': {'id': '_ayvIPd6tEei97MD7GK1RmA', 'key':'ocl','value':'domainMetaElement.oclIsUndefined() or containmentFeature.eReferenceType.isSuperTypeOf(domainMetaElement)'}}" 
},{
	 "id": "29", 
	 "label": "{'changeType': 'Preserve', 'type': 'object', 'className': 'EReference', 'attributes': {'id': '_au4i7t6tEei97MD7GK1RmA', 'eAnnotations':['org.eclipse.emf.ecore.impl.EAnnotationImpl@56b97c37 (source: http://www.eclipse.org/gmf/2005/constraints)'],'name':'editFeature','ordered':'true','unique':'true','lowerBound':'0','upperBound':'1','many':'false','required':'false','eType':'EAttribute','eGenericType':'org.eclipse.emf.ecore.impl.EGenericTypeImpl@120f7489 (expression: EAttribute)','changeable':'true','volatile':'false','transient':'false','unsettable':'false','derived':'false','eContainingClass':'AbstractNodeMapping','containment':'false','container':'false','resolveProxies':'true','eReferenceType':'EAttribute'}}" 
},{
	 "id": "30", 
	 "label": "{'changeType': 'Preserve', 'type': 'object', 'className': 'EAnnotation', 'attributes': {'id': '_ayvIQN6tEei97MD7GK1RmA', 'source':'http://www.eclipse.org/gmf/2005/constraints','details':['org.eclipse.emf.ecore.impl.EStringToStringMapEntryImpl@31b8a7be (key: ocl, value: editFeature.oclIsUndefined() or (not domainMetaElement.oclIsUndefined() and editFeature.eContainingClass.isSuperTypeOf(domainMetaElement)) or containmentFeature.eType.oclAsType(ecore::EClass).eAllAttributes->includes(editFeature))'],'eModelElement':'editFeature'}}" 
},{
	 "id": "31", 
	 "label": "{'changeType': 'Preserve', 'type': 'object', 'className': 'EStringToStringMapEntry', 'attributes': {'id': '_ayvIQd6tEei97MD7GK1RmA', 'key':'ocl','value':'editFeature.oclIsUndefined() or (not domainMetaElement.oclIsUndefined() and editFeature.eContainingClass.isSuperTypeOf(domainMetaElement)) or containmentFeature.eType.oclAsType(ecore::EClass).eAllAttr'}}" 
},{
	 "id": "32", 
	 "label": "{'changeType': 'Preserve', 'type': 'object', 'className': 'EReference', 'attributes': {'id': '_au4i8t6tEei97MD7GK1RmA', 'name':'childMappings','ordered':'true','unique':'true','lowerBound':'0','upperBound':'-1','many':'true','required':'false','eType':'ChildNodeMapping','eGenericType':'org.eclipse.emf.ecore.impl.EGenericTypeImpl@6af787ff (expression: ChildNodeMapping)','changeable':'true','volatile':'false','transient':'false','unsettable':'false','derived':'false','eContainingClass':'AbstractNodeMapping','containment':'true','container':'false','resolveProxies':'true','eOpposite':'parentNode','eReferenceType':'ChildNodeMapping'}}" 
},{
	 "id": "33", 
	 "label": "{'changeType': 'Preserve', 'type': 'object', 'className': 'EClass', 'attributes': {'id': '_au4i4t6tEei97MD7GK1RmA', 'name':'MappingEntry','ePackage':'mappings','abstract':'true','interface':'false'}}" 
},{
	 "id": "34", 
	 "label": "{'changeType': 'Preserve', 'type': 'object', 'className': 'EClass', 'attributes': {'id': '_au4i5d6tEei97MD7GK1RmA', 'name':'NodeMapping','ePackage':'mappings','abstract':'false','interface':'false','eGenericSuperTypes':['org.eclipse.emf.ecore.impl.EGenericTypeImpl@2526c60d (expression: AbstractNodeMapping)','org.eclipse.emf.ecore.impl.EGenericTypeImpl@7f9b9a (expression: MappingEntry)']}}" 
},{
	 "id": "35", 
	 "label": "{'changeType': 'Preserve', 'type': 'object', 'className': 'EClass', 'attributes': {'id': '_au4i896tEei97MD7GK1RmA', 'name':'ChildNodeMapping','ePackage':'mappings','abstract':'false','interface':'false','eStructuralFeatures':['compartment','parentNode'],'eGenericSuperTypes':['org.eclipse.emf.ecore.impl.EGenericTypeImpl@7a5b5ae1 (expression: AbstractNodeMapping)']}}" 
},{
	 "id": "36", 
	 "label": "{'changeType': 'Preserve', 'type': 'object', 'className': 'EReference', 'attributes': {'id': '_au4i9N6tEei97MD7GK1RmA', 'eAnnotations':['org.eclipse.emf.ecore.impl.EAnnotationImpl@158108f3 (source: http://www.eclipse.org/gmf/2005/constraints)'],'name':'compartment','ordered':'true','unique':'true','lowerBound':'1','upperBound':'1','many':'false','required':'true','eType':'Compartment','eGenericType':'org.eclipse.emf.ecore.impl.EGenericTypeImpl@25009407 (expression: Compartment)','changeable':'true','volatile':'false','transient':'false','unsettable':'false','derived':'false','eContainingClass':'ChildNodeMapping','containment':'false','container':'false','resolveProxies':'true','eReferenceType':'Compartment'}}" 
},{
	 "id": "37", 
	 "label": "{'changeType': 'Preserve', 'type': 'object', 'className': 'EAnnotation', 'attributes': {'id': '_axcuzt6tEei97MD7GK1RmA', 'source':'http://www.eclipse.org/gmf/2005/constraints','details':['org.eclipse.emf.ecore.impl.EStringToStringMapEntryImpl@52c4a11 (key: ocl, value: parentNode.diagramNode.oclAsType(diadef::Node).compartments->includes(self.compartment))'],'eModelElement':'compartment'}}" 
},{
	 "id": "38", 
	 "label": "{'changeType': 'Preserve', 'type': 'object', 'className': 'EStringToStringMapEntry', 'attributes': {'id': '_axcuz96tEei97MD7GK1RmA', 'key':'ocl','value':'parentNode.diagramNode.oclAsType(diadef::Node).compartments->includes(self.compartment)'}}" 
},{
	 "id": "39", 
	 "label": "{'changeType': 'Preserve', 'type': 'object', 'className': 'EReference', 'attributes': {'id': '_axcu5d6tEei97MD7GK1RmA', 'name':'parentNode','ordered':'true','unique':'true','lowerBound':'1','upperBound':'1','many':'false','required':'true','eType':'AbstractNodeMapping','eGenericType':'org.eclipse.emf.ecore.impl.EGenericTypeImpl@2673421d (expression: AbstractNodeMapping)','changeable':'false','volatile':'false','transient':'false','unsettable':'false','derived':'false','eContainingClass':'ChildNodeMapping','containment':'false','container':'true','resolveProxies':'true','eOpposite':'childMappings','eReferenceType':'AbstractNodeMapping'}}" 
},{
	 "id": "40", 
	 "label": "{'changeType': 'Preserve', 'type': 'object', 'className': 'EReference', 'attributes': {'id': '_au4jBd6tEei97MD7GK1RmA', 'name':'diagramLink','ordered':'true','unique':'true','lowerBound':'1','upperBound':'1','many':'false','required':'true','eType':'Connection','eGenericType':'org.eclipse.emf.ecore.impl.EGenericTypeImpl@27fd4118 (expression: Connection)','changeable':'true','volatile':'false','transient':'false','unsettable':'false','derived':'false','eContainingClass':'LinkMapping','containment':'false','container':'false','resolveProxies':'true','eReferenceType':'Connection'}}" 
},{
	 "id": "41", 
	 "label": "{'changeType': 'Preserve', 'type': 'object', 'className': 'EReference', 'attributes': {'id': '_au4jB96tEei97MD7GK1RmA', 'name':'domainMetaElement','ordered':'true','unique':'true','lowerBound':'0','upperBound':'1','many':'false','required':'false','eType':'EClass','eGenericType':'org.eclipse.emf.ecore.impl.EGenericTypeImpl@e71507f (expression: EClass)','changeable':'true','volatile':'false','transient':'false','unsettable':'false','derived':'false','eContainingClass':'LinkMapping','containment':'false','container':'false','resolveProxies':'true','eReferenceType':'EClass'}}" 
},{
	 "id": "42", 
	 "label": "{'changeType': 'Preserve', 'type': 'object', 'className': 'EReference', 'attributes': {'id': '_avoJ7N6tEei97MD7GK1RmA', 'eAnnotations':['org.eclipse.emf.ecore.impl.EAnnotationImpl@4c3a0a00 (source: http://www.eclipse.org/emf/2002/GenModel)','org.eclipse.emf.ecore.impl.EAnnotationImpl@718e510d (source: http://www.eclipse.org/gmf/2005/constraints/meta)'],'name':'domainSpecialization','ordered':'true','unique':'true','lowerBound':'0','upperBound':'1','many':'false','required':'false','eType':'Constraint','eGenericType':'org.eclipse.emf.ecore.impl.EGenericTypeImpl@1520dccf (expression: Constraint)','changeable':'true','volatile':'false','transient':'false','unsettable':'false','derived':'false','eContainingClass':'LinkMapping','containment':'true','container':'false','resolveProxies':'true','eReferenceType':'Constraint'}}" 
},{
	 "id": "43", 
	 "label": "{'changeType': 'Preserve', 'type': 'object', 'className': 'EAnnotation', 'attributes': {'id': '_avoJ7d6tEei97MD7GK1RmA', 'source':'http://www.eclipse.org/emf/2002/GenModel','details':['org.eclipse.emf.ecore.impl.EStringToStringMapEntryImpl@75780575 (key: documentation, value: Specializes further the domain meta element EClass associated with this mapping and should be evaluated in this EClass context)'],'eModelElement':'domainSpecialization'}}" 
},{
	 "id": "44", 
	 "label": "{'changeType': 'Preserve', 'type': 'object', 'className': 'EStringToStringMapEntry', 'attributes': {'id': '_avoJ7t6tEei97MD7GK1RmA', 'key':'documentation','value':'Specializes further the domain meta element EClass associated with this mapping and should be evaluated in this EClass context'}}" 
},{
	 "id": "45", 
	 "label": "{'changeType': 'Preserve', 'type': 'object', 'className': 'EAnnotation', 'attributes': {'id': '_aycNed6tEei97MD7GK1RmA', 'source':'http://www.eclipse.org/gmf/2005/constraints/meta','details':['org.eclipse.emf.ecore.impl.EStringToStringMapEntryImpl@636b1e33 (key: def, value: context)','org.eclipse.emf.ecore.impl.EStringToStringMapEntryImpl@7f1d7254 (key: ocl, value: if domainMetaElement.oclIsUndefined() then linkMetaFeature.eContainingClass else domainMetaElement endif )'],'eModelElement':'domainSpecialization'}}" 
},{
	 "id": "46", 
	 "label": "{'changeType': 'Preserve', 'type': 'object', 'className': 'EStringToStringMapEntry', 'attributes': {'id': '_aycNet6tEei97MD7GK1RmA', 'key':'def','value':'context'}}" 
},{
	 "id": "47", 
	 "label": "{'changeType': 'Preserve', 'type': 'object', 'className': 'EStringToStringMapEntry', 'attributes': {'id': '_aycNe96tEei97MD7GK1RmA', 'key':'ocl','value':'if domainMetaElement.oclIsUndefined() then linkMetaFeature.eContainingClass else domainMetaElement endif '}}" 
},{
	 "id": "48", 
	 "label": "{'changeType': 'Preserve', 'type': 'object', 'className': 'EReference', 'attributes': {'id': '_av7E5d6tEei97MD7GK1RmA', 'eAnnotations':['org.eclipse.emf.ecore.impl.EAnnotationImpl@49fea504 (source: http://www.eclipse.org/emf/2002/GenModel)','org.eclipse.emf.ecore.impl.EAnnotationImpl@6644e343 (source: http://www.eclipse.org/gmf/2005/constraints)','...'],'name':'domainInitializer','ordered':'true','unique':'true','lowerBound':'0','upperBound':'1','many':'false','required':'false','eType':'ElementInitializer','eGenericType':'org.eclipse.emf.ecore.impl.EGenericTypeImpl@228b19c8 (expression: ElementInitializer)','changeable':'true','volatile':'false','transient':'false','unsettable':'false','derived':'false','eContainingClass':'LinkMapping','containment':'true','container':'false','resolveProxies':'true','eReferenceType':'ElementInitializer'}}" 
},{
	 "id": "49", 
	 "label": "{'changeType': 'Preserve', 'type': 'object', 'className': 'EAnnotation', 'attributes': {'id': '_av7E5t6tEei97MD7GK1RmA', 'source':'http://www.eclipse.org/emf/2002/GenModel','details':['org.eclipse.emf.ecore.impl.EStringToStringMapEntryImpl@725fa08e (key: documentation, value: Initializer for the domain model element associated with mapping)'],'eModelElement':'domainInitializer'}}" 
},{
	 "id": "50", 
	 "label": "{'changeType': 'Preserve', 'type': 'object', 'className': 'EStringToStringMapEntry', 'attributes': {'id': '_av7E596tEei97MD7GK1RmA', 'key':'documentation','value':'Initializer for the domain model element associated with mapping'}}" 
},{
	 "id": "51", 
	 "label": "{'changeType': 'Preserve', 'type': 'object', 'className': 'EAnnotation', 'attributes': {'id': '_axcu8d6tEei97MD7GK1RmA', 'source':'http://www.eclipse.org/gmf/2005/constraints','details':['org.eclipse.emf.ecore.impl.EStringToStringMapEntryImpl@70b2f41f (key: ocl, value: let i : FeatureSeqInitializer = domainInitializer.oclAsType( FeatureSeqInitializer) in i.oclIsUndefined() or i.initializers.feature.eContainingClass->forAll(c|c.isSuperTypeOf(domainMetaElement)) )'],'eModelElement':'domainInitializer'}}" 
},{
	 "id": "52", 
	 "label": "{'changeType': 'Preserve', 'type': 'object', 'className': 'EStringToStringMapEntry', 'attributes': {'id': '_axcu8t6tEei97MD7GK1RmA', 'key':'ocl','value':'let i : FeatureSeqInitializer = domainInitializer.oclAsType( FeatureSeqInitializer) in i.oclIsUndefined() or i.initializers.feature.eContainingClass->forAll(c|c.isSuperTypeOf(domainMetaElement)) '}}" 
},{
	 "id": "53", 
	 "label": "{'changeType': 'Preserve', 'type': 'object', 'className': 'EAnnotation', 'attributes': {'id': '_aycNgd6tEei97MD7GK1RmA', 'source':'http://www.eclipse.org/gmf/2005/constraints/meta','details':['org.eclipse.emf.ecore.impl.EStringToStringMapEntryImpl@430c2b5d (key: def, value: context)','org.eclipse.emf.ecore.impl.EStringToStringMapEntryImpl@2138684 (key: ocl, value: if domainMetaElement.oclIsUndefined() then linkMetaFeature.eContainingClass else domainMetaElement endif )'],'eModelElement':'domainInitializer'}}" 
},{
	 "id": "54", 
	 "label": "{'changeType': 'Preserve', 'type': 'object', 'className': 'EStringToStringMapEntry', 'attributes': {'id': '_aycNgt6tEei97MD7GK1RmA', 'key':'def','value':'context'}}" 
},{
	 "id": "55", 
	 "label": "{'changeType': 'Preserve', 'type': 'object', 'className': 'EStringToStringMapEntry', 'attributes': {'id': '_aycNg96tEei97MD7GK1RmA', 'key':'ocl','value':'if domainMetaElement.oclIsUndefined() then linkMetaFeature.eContainingClass else domainMetaElement endif '}}" 
},{
	 "id": "56", 
	 "label": "{'changeType': 'Preserve', 'type': 'object', 'className': 'EReference', 'attributes': {'id': '_au4jCd6tEei97MD7GK1RmA', 'eAnnotations':['org.eclipse.emf.ecore.impl.EAnnotationImpl@6c7b7908 (source: http://www.eclipse.org/gmf/2005/constraints)'],'name':'containmentFeature','ordered':'true','unique':'true','lowerBound':'0','upperBound':'1','many':'false','required':'false','eType':'EReference','eGenericType':'org.eclipse.emf.ecore.impl.EGenericTypeImpl@50b669fa (expression: EReference)','changeable':'true','volatile':'false','transient':'false','unsettable':'false','derived':'false','eContainingClass':'LinkMapping','containment':'false','container':'false','resolveProxies':'true','eReferenceType':'EReference'}}" 
},{
	 "id": "57", 
	 "label": "{'changeType': 'Preserve', 'type': 'object', 'className': 'EAnnotation', 'attributes': {'id': '_axcu9N6tEei97MD7GK1RmA', 'source':'http://www.eclipse.org/gmf/2005/constraints','details':['org.eclipse.emf.ecore.impl.EStringToStringMapEntryImpl@4e0fe119 (key: ocl, value: containmentFeature.oclIsUndefined() or containmentFeature.eReferenceType.isSuperTypeOf(domainMetaElement))'],'eModelElement':'containmentFeature'}}" 
},{
	 "id": "58", 
	 "label": "{'changeType': 'Preserve', 'type': 'object', 'className': 'EStringToStringMapEntry', 'attributes': {'id': '_axcu9d6tEei97MD7GK1RmA', 'key':'ocl','value':'containmentFeature.oclIsUndefined() or containmentFeature.eReferenceType.isSuperTypeOf(domainMetaElement)'}}" 
},{
	 "id": "59", 
	 "label": "{'changeType': 'Preserve', 'type': 'object', 'className': 'EReference', 'attributes': {'id': '_au4jDd6tEei97MD7GK1RmA', 'eAnnotations':['org.eclipse.emf.ecore.impl.EAnnotationImpl@3643e910 (source: http://www.eclipse.org/gmf/2005/constraints)'],'name':'labelEditFeature','ordered':'true','unique':'true','lowerBound':'0','upperBound':'1','many':'false','required':'false','eType':'EAttribute','eGenericType':'org.eclipse.emf.ecore.impl.EGenericTypeImpl@64ef8145 (expression: EAttribute)','changeable':'true','volatile':'false','transient':'false','unsettable':'false','derived':'false','eContainingClass':'LinkMapping','containment':'false','container':'false','resolveProxies':'true','eReferenceType':'EAttribute'}}" 
},{
	 "id": "60", 
	 "label": "{'changeType': 'Preserve', 'type': 'object', 'className': 'EAnnotation', 'attributes': {'id': '_axcu-N6tEei97MD7GK1RmA', 'source':'http://www.eclipse.org/gmf/2005/constraints','details':['org.eclipse.emf.ecore.impl.EStringToStringMapEntryImpl@775d1e8 (key: ocl, value: labelEditFeature.oclIsUndefined() or labelEditFeature.eContainingClass.isSuperTypeOf(domainMetaElement))'],'eModelElement':'labelEditFeature'}}" 
},{
	 "id": "61", 
	 "label": "{'changeType': 'Preserve', 'type': 'object', 'className': 'EStringToStringMapEntry', 'attributes': {'id': '_axcu-d6tEei97MD7GK1RmA', 'key':'ocl','value':'labelEditFeature.oclIsUndefined() or labelEditFeature.eContainingClass.isSuperTypeOf(domainMetaElement)'}}" 
},{
	 "id": "62", 
	 "label": "{'changeType': 'Preserve', 'type': 'object', 'className': 'EReference', 'attributes': {'id': '_au4jD96tEei97MD7GK1RmA', 'eAnnotations':['org.eclipse.emf.ecore.impl.EAnnotationImpl@77289052 (source: http://www.eclipse.org/emf/2002/GenModel)','org.eclipse.emf.ecore.impl.EAnnotationImpl@4686b2fd (source: http://www.eclipse.org/gmf/2005/constraints)'],'name':'labelDisplayFeature','ordered':'true','unique':'true','lowerBound':'0','upperBound':'1','many':'false','required':'false','eType':'EAttribute','eGenericType':'org.eclipse.emf.ecore.impl.EGenericTypeImpl@7c53f545 (expression: EAttribute)','changeable':'true','volatile':'false','transient':'false','unsettable':'false','derived':'false','eContainingClass':'LinkMapping','containment':'false','container':'false','resolveProxies':'true','eReferenceType':'EAttribute'}}" 
},{
	 "id": "63", 
	 "label": "{'changeType': 'Preserve', 'type': 'object', 'className': 'EAnnotation', 'attributes': {'id': '_au4jEN6tEei97MD7GK1RmA', 'source':'http://www.eclipse.org/emf/2002/GenModel','details':['org.eclipse.emf.ecore.impl.EStringToStringMapEntryImpl@5efbf5ce (key: documentation, value: By default, same as editFeature, once latter is set)'],'eModelElement':'labelDisplayFeature'}}" 
},{
	 "id": "64", 
	 "label": "{'changeType': 'Preserve', 'type': 'object', 'className': 'EStringToStringMapEntry', 'attributes': {'id': '_au4jEd6tEei97MD7GK1RmA', 'key':'documentation','value':'By default, same as editFeature, once latter is set'}}" 
},{
	 "id": "65", 
	 "label": "{'changeType': 'Preserve', 'type': 'object', 'className': 'EAnnotation', 'attributes': {'id': '_axcu_t6tEei97MD7GK1RmA', 'source':'http://www.eclipse.org/gmf/2005/constraints','details':['org.eclipse.emf.ecore.impl.EStringToStringMapEntryImpl@4fca56ee (key: ocl, value: labelDisplayFeature.oclIsUndefined() or labelDisplayFeature.eContainingClass.isSuperTypeOf(domainMetaElement))'],'eModelElement':'labelDisplayFeature'}}" 
},{
	 "id": "66", 
	 "label": "{'changeType': 'Preserve', 'type': 'object', 'className': 'EStringToStringMapEntry', 'attributes': {'id': '_axcu_96tEei97MD7GK1RmA', 'key':'ocl','value':'labelDisplayFeature.oclIsUndefined() or labelDisplayFeature.eContainingClass.isSuperTypeOf(domainMetaElement)'}}" 
},{
	 "id": "67", 
	 "label": "{'changeType': 'Preserve', 'type': 'object', 'className': 'EReference', 'attributes': {'id': '_au4jE96tEei97MD7GK1RmA', 'eAnnotations':['org.eclipse.emf.ecore.impl.EAnnotationImpl@e657e93 (source: http://www.eclipse.org/gmf/2005/constraints)'],'name':'linkMetaFeature','ordered':'true','unique':'true','lowerBound':'1','upperBound':'1','many':'false','required':'true','eType':'EStructuralFeature','eGenericType':'org.eclipse.emf.ecore.impl.EGenericTypeImpl@701f026f (expression: EStructuralFeature)','changeable':'true','volatile':'false','transient':'false','unsettable':'false','derived':'false','eContainingClass':'LinkMapping','containment':'false','container':'false','resolveProxies':'true','eReferenceType':'EStructuralFeature'}}" 
},{
	 "id": "68", 
	 "label": "{'changeType': 'Preserve', 'type': 'object', 'className': 'EAnnotation', 'attributes': {'id': '_axcvAt6tEei97MD7GK1RmA', 'source':'http://www.eclipse.org/gmf/2005/constraints','details':['org.eclipse.emf.ecore.impl.EStringToStringMapEntryImpl@13052497 (key: ocl, value: domainMetaElement.oclIsUndefined() or linkMetaFeature.eContainingClass.isSuperTypeOf(domainMetaElement))'],'eModelElement':'linkMetaFeature'}}" 
},{
	 "id": "69", 
	 "label": "{'changeType': 'Preserve', 'type': 'object', 'className': 'EStringToStringMapEntry', 'attributes': {'id': '_axcvA96tEei97MD7GK1RmA', 'key':'ocl','value':'domainMetaElement.oclIsUndefined() or linkMetaFeature.eContainingClass.isSuperTypeOf(domainMetaElement)'}}" 
},{
	 "id": "70", 
	 "label": "{'changeType': 'Preserve', 'type': 'object', 'className': 'EReference', 'attributes': {'id': '_azL0Yd6tEei97MD7GK1RmA', 'eAnnotations':['org.eclipse.emf.ecore.impl.EAnnotationImpl@11bcb416 (source: http://www.eclipse.org/emf/2002/GenModel)'],'name':'creationConstraints','ordered':'true','unique':'true','lowerBound':'0','upperBound':'1','many':'false','required':'false','eType':'LinkConstraints','eGenericType':'org.eclipse.emf.ecore.impl.EGenericTypeImpl@47d47183 (expression: LinkConstraints)','changeable':'true','volatile':'false','transient':'false','unsettable':'false','derived':'false','eContainingClass':'LinkMapping','containment':'true','container':'false','resolveProxies':'true','eOpposite':'linkMapping','eReferenceType':'LinkConstraints'}}" 
},{
	 "id": "71", 
	 "label": "{'changeType': 'Preserve', 'type': 'object', 'className': 'EAnnotation', 'attributes': {'id': '_azL0Yt6tEei97MD7GK1RmA', 'source':'http://www.eclipse.org/emf/2002/GenModel','details':['org.eclipse.emf.ecore.impl.EStringToStringMapEntryImpl@2ba70b2a (key: documentation, value: Specifies additional restrictions on link creation)'],'eModelElement':'creationConstraints'}}" 
},{
	 "id": "72", 
	 "label": "{'changeType': 'Preserve', 'type': 'object', 'className': 'EStringToStringMapEntry', 'attributes': {'id': '_azL0Y96tEei97MD7GK1RmA', 'key':'documentation','value':'Specifies additional restrictions on link creation'}}" 
},{
	 "id": "73", 
	 "label": "{'changeType': 'Preserve', 'type': 'object', 'className': 'EClass', 'attributes': {'id': '_au4jFd6tEei97MD7GK1RmA', 'name':'CanvasMapping','ePackage':'mappings','abstract':'false','interface':'false','eStructuralFeatures':['diagramCanvas','domainModel','domainMetaElement'],'eGenericSuperTypes':['org.eclipse.emf.ecore.impl.EGenericTypeImpl@51f68e08 (expression: MappingEntry)']}}" 
},{
	 "id": "74", 
	 "label": "{'changeType': 'Preserve', 'type': 'object', 'className': 'EReference', 'attributes': {'id': '_au4jFt6tEei97MD7GK1RmA', 'name':'diagramCanvas','ordered':'true','unique':'true','lowerBound':'1','upperBound':'1','many':'false','required':'true','eType':'Canvas','eGenericType':'org.eclipse.emf.ecore.impl.EGenericTypeImpl@36f32df6 (expression: Canvas)','changeable':'true','volatile':'false','transient':'false','unsettable':'false','derived':'false','eContainingClass':'CanvasMapping','containment':'false','container':'false','resolveProxies':'true','eReferenceType':'Canvas'}}" 
},{
	 "id": "75", 
	 "label": "{'changeType': 'Preserve', 'type': 'object', 'className': 'EReference', 'attributes': {'id': '_au4jGN6tEei97MD7GK1RmA', 'name':'domainModel','ordered':'true','unique':'true','lowerBound':'0','upperBound':'1','many':'false','required':'false','eType':'EPackage','eGenericType':'org.eclipse.emf.ecore.impl.EGenericTypeImpl@6bc92350 (expression: EPackage)','changeable':'true','volatile':'false','transient':'false','unsettable':'false','derived':'false','eContainingClass':'CanvasMapping','containment':'false','container':'false','resolveProxies':'true','eReferenceType':'EPackage'}}" 
},{
	 "id": "76", 
	 "label": "{'changeType': 'Preserve', 'type': 'object', 'className': 'EReference', 'attributes': {'id': '_au4jGt6tEei97MD7GK1RmA', 'name':'domainMetaElement','ordered':'true','unique':'true','lowerBound':'0','upperBound':'1','many':'false','required':'false','eType':'EClass','eGenericType':'org.eclipse.emf.ecore.impl.EGenericTypeImpl@15d46b96 (expression: EClass)','changeable':'true','volatile':'false','transient':'false','unsettable':'false','derived':'false','eContainingClass':'CanvasMapping','containment':'false','container':'false','resolveProxies':'true','eReferenceType':'EClass'}}" 
},{
	 "id": "77", 
	 "label": "{'changeType': 'Preserve', 'type': 'object', 'className': 'EClass', 'attributes': {'id': '_au4jHN6tEei97MD7GK1RmA', 'name':'Mapping','ePackage':'mappings','abstract':'false','interface':'false','eStructuralFeatures':['nodes','links','diagram']}}" 
},{
	 "id": "78", 
	 "label": "{'changeType': 'Preserve', 'type': 'object', 'className': 'EReference', 'attributes': {'id': '_au4jHd6tEei97MD7GK1RmA', 'name':'nodes','ordered':'true','unique':'true','lowerBound':'1','upperBound':'-1','many':'true','required':'true','eType':'NodeMapping','eGenericType':'org.eclipse.emf.ecore.impl.EGenericTypeImpl@6b8be8f4 (expression: NodeMapping)','changeable':'true','volatile':'false','transient':'false','unsettable':'false','derived':'false','eContainingClass':'Mapping','containment':'true','container':'false','resolveProxies':'false','eReferenceType':'NodeMapping'}}" 
},{
	 "id": "79", 
	 "label": "{'changeType': 'Preserve', 'type': 'object', 'className': 'EReference', 'attributes': {'id': '_au4jHt6tEei97MD7GK1RmA', 'name':'links','ordered':'true','unique':'true','lowerBound':'0','upperBound':'-1','many':'true','required':'false','eType':'LinkMapping','eGenericType':'org.eclipse.emf.ecore.impl.EGenericTypeImpl@1e1f5f68 (expression: LinkMapping)','changeable':'true','volatile':'false','transient':'false','unsettable':'false','derived':'false','eContainingClass':'Mapping','containment':'true','container':'false','resolveProxies':'false','eReferenceType':'LinkMapping'}}" 
},{
	 "id": "80", 
	 "label": "{'changeType': 'Preserve', 'type': 'object', 'className': 'EReference', 'attributes': {'id': '_au4jH96tEei97MD7GK1RmA', 'name':'diagram','ordered':'true','unique':'true','lowerBound':'1','upperBound':'1','many':'false','required':'true','eType':'CanvasMapping','eGenericType':'org.eclipse.emf.ecore.impl.EGenericTypeImpl@40da0be9 (expression: CanvasMapping)','changeable':'true','volatile':'false','transient':'false','unsettable':'false','derived':'false','eContainingClass':'Mapping','containment':'true','container':'false','resolveProxies':'false','eReferenceType':'CanvasMapping'}}" 
},{
	 "id": "81", 
	 "label": "{'changeType': 'Preserve', 'type': 'object', 'className': 'EClass', 'attributes': {'id': '_avoKBt6tEei97MD7GK1RmA', 'eAnnotations':['org.eclipse.emf.ecore.impl.EAnnotationImpl@54a98bbe (source: http://www.eclipse.org/emf/2002/GenModel)','org.eclipse.emf.ecore.impl.EAnnotationImpl@2470e455 (source: http://www.eclipse.org/gmf/2005/constraints/meta)'],'name':'Constraint','ePackage':'mappings','abstract':'false','interface':'false','eGenericSuperTypes':['org.eclipse.emf.ecore.impl.EGenericTypeImpl@114adef9 (expression: ValueExpression)']}}" 
},{
	 "id": "82", 
	 "label": "{'changeType': 'Preserve', 'type': 'object', 'className': 'EAnnotation', 'attributes': {'id': '_avoKCd6tEei97MD7GK1RmA', 'source':'http://www.eclipse.org/emf/2002/GenModel','details':['org.eclipse.emf.ecore.impl.EStringToStringMapEntryImpl@34653473 (key: documentation, value: Boolean type value expression which is to be evaluated in a context)'],'eModelElement':'Constraint'}}" 
},{
	 "id": "83", 
	 "label": "{'changeType': 'Preserve', 'type': 'object', 'className': 'EStringToStringMapEntry', 'attributes': {'id': '_avoKCt6tEei97MD7GK1RmA', 'key':'documentation','value':'Boolean type value expression which is to be evaluated in a context'}}" 
},{
	 "id": "84", 
	 "label": "{'changeType': 'Preserve', 'type': 'object', 'className': 'EAnnotation', 'attributes': {'id': '_aycNpN6tEei97MD7GK1RmA', 'source':'http://www.eclipse.org/gmf/2005/constraints/meta','details':['org.eclipse.emf.ecore.impl.EStringToStringMapEntryImpl@5f14f981 (key: def, value: Constraint)'],'eModelElement':'Constraint'}}" 
},{
	 "id": "85", 
	 "label": "{'changeType': 'Preserve', 'type': 'object', 'className': 'EStringToStringMapEntry', 'attributes': {'id': '_aycNpd6tEei97MD7GK1RmA', 'key':'def','value':'Constraint'}}" 
},{
	 "id": "86", 
	 "label": "{'changeType': 'Preserve', 'type': 'object', 'className': 'EClass', 'attributes': {'id': '_azL0dN6tEei97MD7GK1RmA', 'eAnnotations':['org.eclipse.emf.ecore.impl.EAnnotationImpl@5aa31f86 (source: http://www.eclipse.org/emf/2002/GenModel)'],'name':'LinkConstraints','ePackage':'mappings','abstract':'false','interface':'false','eStructuralFeatures':['linkMapping','sourceEnd','targetEnd']}}" 
},{
	 "id": "87", 
	 "label": "{'changeType': 'Preserve', 'type': 'object', 'className': 'EAnnotation', 'attributes': {'id': '_azL0dd6tEei97MD7GK1RmA', 'source':'http://www.eclipse.org/emf/2002/GenModel','details':['org.eclipse.emf.ecore.impl.EStringToStringMapEntryImpl@79520acb (key: documentation, value: Groups constraints on the link source and target end)'],'eModelElement':'LinkConstraints'}}" 
},{
	 "id": "88", 
	 "label": "{'changeType': 'Preserve', 'type': 'object', 'className': 'EStringToStringMapEntry', 'attributes': {'id': '_azL0dt6tEei97MD7GK1RmA', 'key':'documentation','value':'Groups constraints on the link source and target end'}}" 
},{
	 "id": "89", 
	 "label": "{'changeType': 'Preserve', 'type': 'object', 'className': 'EReference', 'attributes': {'id': '_azL0d96tEei97MD7GK1RmA', 'eAnnotations':['org.eclipse.emf.ecore.impl.EAnnotationImpl@477e8451 (source: http://www.eclipse.org/emf/2002/GenModel)'],'name':'linkMapping','ordered':'true','unique':'true','lowerBound':'1','upperBound':'1','many':'false','required':'true','eType':'LinkMapping','eGenericType':'org.eclipse.emf.ecore.impl.EGenericTypeImpl@563e454 (expression: LinkMapping)','changeable':'false','volatile':'false','transient':'false','unsettable':'false','derived':'false','eContainingClass':'LinkConstraints','containment':'false','container':'true','resolveProxies':'true','eOpposite':'creationConstraints','eReferenceType':'LinkMapping'}}" 
},{
	 "id": "90", 
	 "label": "{'changeType': 'Preserve', 'type': 'object', 'className': 'EAnnotation', 'attributes': {'id': '_azL0eN6tEei97MD7GK1RmA', 'source':'http://www.eclipse.org/emf/2002/GenModel','details':['org.eclipse.emf.ecore.impl.EStringToStringMapEntryImpl@2e13ca27 (key: documentation, value: References the link mapping restricted by these constraints)'],'eModelElement':'linkMapping'}}" 
},{
	 "id": "91", 
	 "label": "{'changeType': 'Preserve', 'type': 'object', 'className': 'EStringToStringMapEntry', 'attributes': {'id': '_azL0ed6tEei97MD7GK1RmA', 'key':'documentation','value':'References the link mapping restricted by these constraints'}}" 
},{
	 "id": "92", 
	 "label": "{'changeType': 'Preserve', 'type': 'object', 'className': 'EReference', 'attributes': {'id': '_azL0et6tEei97MD7GK1RmA', 'eAnnotations':['org.eclipse.emf.ecore.impl.EAnnotationImpl@17a13bd6 (source: http://www.eclipse.org/emf/2002/GenModel)'],'name':'sourceEnd','ordered':'true','unique':'true','lowerBound':'0','upperBound':'1','many':'false','required':'false','eType':'Constraint','eGenericType':'org.eclipse.emf.ecore.impl.EGenericTypeImpl@24ce6f12 (expression: Constraint)','changeable':'true','volatile':'false','transient':'false','unsettable':'false','derived':'false','eContainingClass':'LinkConstraints','containment':'true','container':'false','resolveProxies':'true','eReferenceType':'Constraint'}}" 
},{
	 "id": "93", 
	 "label": "{'changeType': 'Preserve', 'type': 'object', 'className': 'EAnnotation', 'attributes': {'id': '_azL0e96tEei97MD7GK1RmA', 'source':'http://www.eclipse.org/emf/2002/GenModel','details':['org.eclipse.emf.ecore.impl.EStringToStringMapEntryImpl@27d389f7 (key: documentation, value: Restriction enforced by the the source end, may reference variables 'oppositeEnd' pointing to targetEnd and 'link' denoting the link domainmetaElement instance if available.)'],'eModelElement':'sourceEnd'}}" 
},{
	 "id": "94", 
	 "label": "{'changeType': 'Preserve', 'type': 'object', 'className': 'EStringToStringMapEntry', 'attributes': {'id': '_azL0fN6tEei97MD7GK1RmA', 'key':'documentation','value':'Restriction enforced by the the source end, may reference variables 'oppositeEnd' pointing to targetEnd and 'link' denoting the link domainmetaElement instance if available.'}}" 
},{
	 "id": "95", 
	 "label": "{'changeType': 'Preserve', 'type': 'object', 'className': 'EReference', 'attributes': {'id': '_azL0fd6tEei97MD7GK1RmA', 'eAnnotations':['org.eclipse.emf.ecore.impl.EAnnotationImpl@7bbdbcfc (source: http://www.eclipse.org/emf/2002/GenModel)'],'name':'targetEnd','ordered':'true','unique':'true','lowerBound':'0','upperBound':'1','many':'false','required':'false','eType':'Constraint','eGenericType':'org.eclipse.emf.ecore.impl.EGenericTypeImpl@65dc441a (expression: Constraint)','changeable':'true','volatile':'false','transient':'false','unsettable':'false','derived':'false','eContainingClass':'LinkConstraints','containment':'true','container':'false','resolveProxies':'true','eReferenceType':'Constraint'}}" 
},{
	 "id": "96", 
	 "label": "{'changeType': 'Preserve', 'type': 'object', 'className': 'EAnnotation', 'attributes': {'id': '_azL0ft6tEei97MD7GK1RmA', 'source':'http://www.eclipse.org/emf/2002/GenModel','details':['org.eclipse.emf.ecore.impl.EStringToStringMapEntryImpl@409a1e4d (key: documentation, value: Restriction enforced by the the target end, may reference variables 'oppositeEnd' pointing to sourceEnd and 'link' denoting the link domainmetaElement instance if available.)'],'eModelElement':'targetEnd'}}" 
},{
	 "id": "97", 
	 "label": "{'changeType': 'Preserve', 'type': 'object', 'className': 'EStringToStringMapEntry', 'attributes': {'id': '_azL0f96tEei97MD7GK1RmA', 'key':'documentation','value':'Restriction enforced by the the target end, may reference variables 'oppositeEnd' pointing to sourceEnd and 'link' denoting the link domainmetaElement instance if available.'}}" 
},{
	 "id": "98", 
	 "label": "{'changeType': 'Preserve', 'type': 'object', 'className': 'EClass', 'attributes': {'id': '_avoKC96tEei97MD7GK1RmA', 'eAnnotations':['org.eclipse.emf.ecore.impl.EAnnotationImpl@1d5b86af (source: http://www.eclipse.org/gmf/2005/constraints/meta)','org.eclipse.emf.ecore.impl.EAnnotationImpl@1bef8ced (source: http://www.eclipse.org/emf/2002/GenModel)'],'name':'ValueExpression','ePackage':'mappings','abstract':'false','interface':'false','eStructuralFeatures':['body','language']}}" 
},{
	 "id": "99", 
	 "label": "{'changeType': 'Preserve', 'type': 'object', 'className': 'EAnnotation', 'attributes': {'id': '_aycNp96tEei97MD7GK1RmA', 'source':'http://www.eclipse.org/gmf/2005/constraints/meta','details':['org.eclipse.emf.ecore.impl.EStringToStringMapEntryImpl@b9793a4 (key: def, value: ValueSpec)'],'eModelElement':'ValueExpression'}}" 
},{
	 "id": "100", 
	 "label": "{'changeType': 'Preserve', 'type': 'object', 'className': 'EStringToStringMapEntry', 'attributes': {'id': '_aycNqN6tEei97MD7GK1RmA', 'key':'def','value':'ValueSpec'}}" 
},{
	 "id": "101", 
	 "label": "{'changeType': 'Preserve', 'type': 'object', 'className': 'EAnnotation', 'attributes': {'id': '_avoKDN6tEei97MD7GK1RmA', 'source':'http://www.eclipse.org/emf/2002/GenModel','details':['org.eclipse.emf.ecore.impl.EStringToStringMapEntryImpl@6b90130 (key: documentation, value: Expression as a textual statement which results in a value when evaluated in a context)'],'eModelElement':'ValueExpression'}}" 
},{
	 "id": "102", 
	 "label": "{'changeType': 'Preserve', 'type': 'object', 'className': 'EStringToStringMapEntry', 'attributes': {'id': '_avoKDd6tEei97MD7GK1RmA', 'key':'documentation','value':'Expression as a textual statement which results in a value when evaluated in a context'}}" 
},{
	 "id": "103", 
	 "label": "{'changeType': 'Preserve', 'type': 'object', 'className': 'EAttribute', 'attributes': {'id': '_avoKDt6tEei97MD7GK1RmA', 'eAnnotations':['org.eclipse.emf.ecore.impl.EAnnotationImpl@702b2053 (source: http://www.eclipse.org/emf/2002/GenModel)','org.eclipse.emf.ecore.impl.EAnnotationImpl@59ba7116 (source: http://www.eclipse.org/gmf/2005/constraints/meta)'],'name':'body','ordered':'true','unique':'true','lowerBound':'1','upperBound':'1','many':'false','required':'true','eType':'EString','eGenericType':'org.eclipse.emf.ecore.impl.EGenericTypeImpl@3d2c417 (expression: EString)','changeable':'true','volatile':'false','transient':'false','unsettable':'false','derived':'false','eContainingClass':'ValueExpression','iD':'false','eAttributeType':'EString'}}" 
},{
	 "id": "104", 
	 "label": "{'changeType': 'Preserve', 'type': 'object', 'className': 'EAnnotation', 'attributes': {'id': '_avoKD96tEei97MD7GK1RmA', 'source':'http://www.eclipse.org/emf/2002/GenModel','details':['org.eclipse.emf.ecore.impl.EStringToStringMapEntryImpl@17c4525f (key: documentation, value: The text of the expression)'],'eModelElement':'body'}}" 
},{
	 "id": "105", 
	 "label": "{'changeType': 'Preserve', 'type': 'object', 'className': 'EStringToStringMapEntry', 'attributes': {'id': '_avoKEN6tEei97MD7GK1RmA', 'key':'documentation','value':'The text of the expression'}}" 
},{
	 "id": "106", 
	 "label": "{'changeType': 'Preserve', 'type': 'object', 'className': 'EAnnotation', 'attributes': {'id': '_aycNrt6tEei97MD7GK1RmA', 'source':'http://www.eclipse.org/gmf/2005/constraints/meta','details':['org.eclipse.emf.ecore.impl.EStringToStringMapEntryImpl@2a5240b6 (key: def, value: body)'],'eModelElement':'body'}}" 
},{
	 "id": "107", 
	 "label": "{'changeType': 'Preserve', 'type': 'object', 'className': 'EStringToStringMapEntry', 'attributes': {'id': '_aycNr96tEei97MD7GK1RmA', 'key':'def','value':'body'}}" 
},{
	 "id": "108", 
	 "label": "{'changeType': 'Preserve', 'type': 'object', 'className': 'EAttribute', 'attributes': {'id': '_avoKEt6tEei97MD7GK1RmA', 'eAnnotations':['org.eclipse.emf.ecore.impl.EAnnotationImpl@3c89dd89 (source: http://www.eclipse.org/emf/2002/GenModel)','org.eclipse.emf.ecore.impl.EAnnotationImpl@1181f3a9 (source: http://www.eclipse.org/gmf/2005/constraints/meta)'],'name':'language','ordered':'true','unique':'true','lowerBound':'0','upperBound':'1','many':'false','required':'false','eType':'EString','eGenericType':'org.eclipse.emf.ecore.impl.EGenericTypeImpl@5c5c092c (expression: EString)','changeable':'true','volatile':'false','transient':'false','defaultValueLiteral':'ocl','defaultValue':'ocl','unsettable':'false','derived':'false','eContainingClass':'ValueExpression','iD':'false','eAttributeType':'EString'}}" 
},{
	 "id": "109", 
	 "label": "{'changeType': 'Preserve', 'type': 'object', 'className': 'EAnnotation', 'attributes': {'id': '_avoKE96tEei97MD7GK1RmA', 'source':'http://www.eclipse.org/emf/2002/GenModel','details':['org.eclipse.emf.ecore.impl.EStringToStringMapEntryImpl@4e67d5e (key: documentation, value: Specifies the language in which the expression is stated)'],'eModelElement':'language'}}" 
},{
	 "id": "110", 
	 "label": "{'changeType': 'Preserve', 'type': 'object', 'className': 'EStringToStringMapEntry', 'attributes': {'id': '_avoKFN6tEei97MD7GK1RmA', 'key':'documentation','value':'Specifies the language in which the expression is stated'}}" 
},{
	 "id": "111", 
	 "label": "{'changeType': 'Preserve', 'type': 'object', 'className': 'EAnnotation', 'attributes': {'id': '_aycNtN6tEei97MD7GK1RmA', 'source':'http://www.eclipse.org/gmf/2005/constraints/meta','details':['org.eclipse.emf.ecore.impl.EStringToStringMapEntryImpl@2e4becf9 (key: def, value: lang)'],'eModelElement':'language'}}" 
},{
	 "id": "112", 
	 "label": "{'changeType': 'Preserve', 'type': 'object', 'className': 'EStringToStringMapEntry', 'attributes': {'id': '_aycNtd6tEei97MD7GK1RmA', 'key':'def','value':'lang'}}" 
},{
	 "id": "113", 
	 "label": "{'changeType': 'Preserve', 'type': 'object', 'className': 'EClass', 'attributes': {'id': '_av7FD96tEei97MD7GK1RmA', 'eAnnotations':['org.eclipse.emf.ecore.impl.EAnnotationImpl@75e5290a (source: http://www.eclipse.org/emf/2002/GenModel)'],'name':'ElementInitializer','ePackage':'mappings','abstract':'false','interface':'true'}}" 
},{
	 "id": "114", 
	 "label": "{'changeType': 'Preserve', 'type': 'object', 'className': 'EAnnotation', 'attributes': {'id': '_av7FEN6tEei97MD7GK1RmA', 'source':'http://www.eclipse.org/emf/2002/GenModel','details':['org.eclipse.emf.ecore.impl.EStringToStringMapEntryImpl@4382f6b (key: documentation, value: Base class for initializers of domain model elements)'],'eModelElement':'ElementInitializer'}}" 
},{
	 "id": "115", 
	 "label": "{'changeType': 'Preserve', 'type': 'object', 'className': 'EStringToStringMapEntry', 'attributes': {'id': '_av7FEd6tEei97MD7GK1RmA', 'key':'documentation','value':'Base class for initializers of domain model elements'}}" 
},{
	 "id": "116", 
	 "label": "{'changeType': 'Preserve', 'type': 'object', 'className': 'EClass', 'attributes': {'id': '_av7FEt6tEei97MD7GK1RmA', 'eAnnotations':['org.eclipse.emf.ecore.impl.EAnnotationImpl@33cb4278 (source: http://www.eclipse.org/emf/2002/GenModel)'],'name':'FeatureSeqInitializer','ePackage':'mappings','abstract':'false','interface':'false','eStructuralFeatures':['initializers'],'eGenericSuperTypes':['org.eclipse.emf.ecore.impl.EGenericTypeImpl@6f3a9bec (expression: ElementInitializer)']}}" 
},{
	 "id": "117", 
	 "label": "{'changeType': 'Preserve', 'type': 'object', 'className': 'EAnnotation', 'attributes': {'id': '_av7FE96tEei97MD7GK1RmA', 'source':'http://www.eclipse.org/emf/2002/GenModel','details':['org.eclipse.emf.ecore.impl.EStringToStringMapEntryImpl@76cd701d (key: documentation, value: Feature sequence initializer)'],'eModelElement':'FeatureSeqInitializer'}}" 
},{
	 "id": "118", 
	 "label": "{'changeType': 'Preserve', 'type': 'object', 'className': 'EStringToStringMapEntry', 'attributes': {'id': '_av7FFN6tEei97MD7GK1RmA', 'key':'documentation','value':'Feature sequence initializer'}}" 
},{
	 "id": "119", 
	 "label": "{'changeType': 'Preserve', 'type': 'object', 'className': 'EReference', 'attributes': {'id': '_av7FFd6tEei97MD7GK1RmA', 'eAnnotations':['org.eclipse.emf.ecore.impl.EAnnotationImpl@7fad6fef (source: http://www.eclipse.org/emf/2002/GenModel)'],'name':'initializers','ordered':'true','unique':'true','lowerBound':'1','upperBound':'-1','many':'true','required':'true','eType':'FeatureValueSpec','eGenericType':'org.eclipse.emf.ecore.impl.EGenericTypeImpl@29faebb (expression: FeatureValueSpec)','changeable':'true','volatile':'false','transient':'false','unsettable':'false','derived':'false','eContainingClass':'FeatureSeqInitializer','containment':'true','container':'false','resolveProxies':'true','eReferenceType':'FeatureValueSpec'}}" 
},{
	 "id": "120", 
	 "label": "{'changeType': 'Preserve', 'type': 'object', 'className': 'EAnnotation', 'attributes': {'id': '_av7FFt6tEei97MD7GK1RmA', 'source':'http://www.eclipse.org/emf/2002/GenModel','details':['org.eclipse.emf.ecore.impl.EStringToStringMapEntryImpl@161c2ae0 (key: documentation, value: Value specifications as initializers for individual features which should be initialized in the order given by this list)'],'eModelElement':'initializers'}}" 
},{
	 "id": "121", 
	 "label": "{'changeType': 'Preserve', 'type': 'object', 'className': 'EStringToStringMapEntry', 'attributes': {'id': '_av7FF96tEei97MD7GK1RmA', 'key':'documentation','value':'Value specifications as initializers for individual features which should be initialized in the order given by this list'}}" 
},{
	 "id": "122", 
	 "label": "{'changeType': 'Preserve', 'type': 'object', 'className': 'EClass', 'attributes': {'id': '_av7FGN6tEei97MD7GK1RmA', 'eAnnotations':['org.eclipse.emf.ecore.impl.EAnnotationImpl@40ed428d (source: http://www.eclipse.org/emf/2002/GenModel)','org.eclipse.emf.ecore.impl.EAnnotationImpl@5b1cd1db (source: http://www.eclipse.org/gmf/2005/constraints/meta)'],'name':'FeatureValueSpec','ePackage':'mappings','abstract':'false','interface':'false','eStructuralFeatures':['feature'],'eGenericSuperTypes':['org.eclipse.emf.ecore.impl.EGenericTypeImpl@54ab8de0 (expression: ValueExpression)']}}" 
},{
	 "id": "123", 
	 "label": "{'changeType': 'Preserve', 'type': 'object', 'className': 'EAnnotation', 'attributes': {'id': '_av7FGd6tEei97MD7GK1RmA', 'source':'http://www.eclipse.org/emf/2002/GenModel','details':['org.eclipse.emf.ecore.impl.EStringToStringMapEntryImpl@37d13b5a (key: documentation, value: Value specification associated with a specific feature)'],'eModelElement':'FeatureValueSpec'}}" 
},{
	 "id": "124", 
	 "label": "{'changeType': 'Preserve', 'type': 'object', 'className': 'EStringToStringMapEntry', 'attributes': {'id': '_av7FGt6tEei97MD7GK1RmA', 'key':'documentation','value':'Value specification associated with a specific feature'}}" 
},{
	 "id": "125", 
	 "label": "{'changeType': 'Preserve', 'type': 'object', 'className': 'EAnnotation', 'attributes': {'id': '_aycNw96tEei97MD7GK1RmA', 'source':'http://www.eclipse.org/gmf/2005/constraints/meta','details':['org.eclipse.emf.ecore.impl.EStringToStringMapEntryImpl@53d093d5 (key: def, value: ValueSpec)'],'eModelElement':'FeatureValueSpec'}}" 
},{
	 "id": "126", 
	 "label": "{'changeType': 'Preserve', 'type': 'object', 'className': 'EStringToStringMapEntry', 'attributes': {'id': '_aycNxN6tEei97MD7GK1RmA', 'key':'def','value':'ValueSpec'}}" 
},{
	 "id": "127", 
	 "label": "{'changeType': 'Preserve', 'type': 'object', 'className': 'EReference', 'attributes': {'id': '_av7FG96tEei97MD7GK1RmA', 'eAnnotations':['org.eclipse.emf.ecore.impl.EAnnotationImpl@47b6b589 (source: http://www.eclipse.org/emf/2002/GenModel)','org.eclipse.emf.ecore.impl.EAnnotationImpl@2d004c10 (source: http://www.eclipse.org/gmf/2005/constraints/meta)'],'name':'feature','ordered':'true','unique':'true','lowerBound':'1','upperBound':'1','many':'false','required':'true','eType':'EStructuralFeature','eGenericType':'org.eclipse.emf.ecore.impl.EGenericTypeImpl@3c586e00 (expression: EStructuralFeature)','changeable':'true','volatile':'false','transient':'false','unsettable':'false','derived':'false','eContainingClass':'FeatureValueSpec','containment':'false','container':'false','resolveProxies':'true','eReferenceType':'EStructuralFeature'}}" 
},{
	 "id": "128", 
	 "label": "{'changeType': 'Preserve', 'type': 'object', 'className': 'EAnnotation', 'attributes': {'id': '_axcvLd6tEei97MD7GK1RmA', 'source':'http://www.eclipse.org/emf/2002/GenModel','details':['org.eclipse.emf.ecore.impl.EStringToStringMapEntryImpl@7a9936ad (key: documentation, value: Denotes the feature for which this value expression is specified. Its containing EClass is the context for evaluation.)'],'eModelElement':'feature'}}" 
},{
	 "id": "129", 
	 "label": "{'changeType': 'Preserve', 'type': 'object', 'className': 'EStringToStringMapEntry', 'attributes': {'id': '_axcvLt6tEei97MD7GK1RmA', 'key':'documentation','value':'Denotes the feature for which this value expression is specified. Its containing EClass is the context for evaluation.'}}" 
},{
	 "id": "130", 
	 "label": "{'changeType': 'Preserve', 'type': 'object', 'className': 'EAnnotation', 'attributes': {'id': '_aycNyN6tEei97MD7GK1RmA', 'source':'http://www.eclipse.org/gmf/2005/constraints/meta','details':['org.eclipse.emf.ecore.impl.EStringToStringMapEntryImpl@4e3080b2 (key: def, value: type)'],'eModelElement':'feature'}}" 
},{
	 "id": "131", 
	 "label": "{'changeType': 'Preserve', 'type': 'object', 'className': 'EStringToStringMapEntry', 'attributes': {'id': '_aycNyd6tEei97MD7GK1RmA', 'key':'def','value':'type'}}" 
}], 
 "links": [{
	 "source": "1", 
	 "target": "0", 
	 "label": "{'changeType': 'ADD', 'type': 'reference', 'referenceTypeName': 'eOperations'}" 
},{
	 "source": "0", 
	 "target": "1", 
	 "label": "{'changeType': 'ADD', 'type': 'reference', 'referenceTypeName': 'eContainingClass'}" 
},{
	 "source": "3", 
	 "target": "2", 
	 "label": "{'changeType': 'Preserve', 'type': 'reference', 'referenceTypeName': 'eClassifiers'}" 
},{
	 "source": "2", 
	 "target": "3", 
	 "label": "{'changeType': 'Preserve', 'type': 'reference', 'referenceTypeName': 'ePackage'}" 
},{
	 "source": "4", 
	 "target": "3", 
	 "label": "{'changeType': 'Preserve', 'type': 'reference', 'referenceTypeName': 'eAnnotations'}" 
},{
	 "source": "3", 
	 "target": "4", 
	 "label": "{'changeType': 'Preserve', 'type': 'reference', 'referenceTypeName': 'eModelElement'}" 
},{
	 "source": "5", 
	 "target": "4", 
	 "label": "{'changeType': 'Preserve', 'type': 'reference', 'referenceTypeName': 'details'}" 
},{
	 "source": "6", 
	 "target": "4", 
	 "label": "{'changeType': 'Preserve', 'type': 'reference', 'referenceTypeName': 'details'}" 
},{
	 "source": "7", 
	 "target": "3", 
	 "label": "{'changeType': 'Preserve', 'type': 'reference', 'referenceTypeName': 'eOperations'}" 
},{
	 "source": "3", 
	 "target": "7", 
	 "label": "{'changeType': 'Preserve', 'type': 'reference', 'referenceTypeName': 'eContainingClass'}" 
},{
	 "source": "8", 
	 "target": "3", 
	 "label": "{'changeType': 'Preserve', 'type': 'reference', 'referenceTypeName': 'eStructuralFeatures'}" 
},{
	 "source": "3", 
	 "target": "8", 
	 "label": "{'changeType': 'Preserve', 'type': 'reference', 'referenceTypeName': 'eContainingClass'}" 
},{
	 "source": "9", 
	 "target": "3", 
	 "label": "{'changeType': 'Preserve', 'type': 'reference', 'referenceTypeName': 'eStructuralFeatures'}" 
},{
	 "source": "3", 
	 "target": "9", 
	 "label": "{'changeType': 'Preserve', 'type': 'reference', 'referenceTypeName': 'eContainingClass'}" 
},{
	 "source": "10", 
	 "target": "3", 
	 "label": "{'changeType': 'Preserve', 'type': 'reference', 'referenceTypeName': 'eStructuralFeatures'}" 
},{
	 "source": "3", 
	 "target": "10", 
	 "label": "{'changeType': 'Preserve', 'type': 'reference', 'referenceTypeName': 'eContainingClass'}" 
},{
	 "source": "11", 
	 "target": "10", 
	 "label": "{'changeType': 'Preserve', 'type': 'reference', 'referenceTypeName': 'eAnnotations'}" 
},{
	 "source": "10", 
	 "target": "11", 
	 "label": "{'changeType': 'Preserve', 'type': 'reference', 'referenceTypeName': 'eModelElement'}" 
},{
	 "source": "12", 
	 "target": "11", 
	 "label": "{'changeType': 'Preserve', 'type': 'reference', 'referenceTypeName': 'details'}" 
},{
	 "source": "13", 
	 "target": "10", 
	 "label": "{'changeType': 'Preserve', 'type': 'reference', 'referenceTypeName': 'eAnnotations'}" 
},{
	 "source": "10", 
	 "target": "13", 
	 "label": "{'changeType': 'Preserve', 'type': 'reference', 'referenceTypeName': 'eModelElement'}" 
},{
	 "source": "14", 
	 "target": "13", 
	 "label": "{'changeType': 'Preserve', 'type': 'reference', 'referenceTypeName': 'details'}" 
},{
	 "source": "15", 
	 "target": "13", 
	 "label": "{'changeType': 'Preserve', 'type': 'reference', 'referenceTypeName': 'details'}" 
},{
	 "source": "16", 
	 "target": "3", 
	 "label": "{'changeType': 'Preserve', 'type': 'reference', 'referenceTypeName': 'eStructuralFeatures'}" 
},{
	 "source": "3", 
	 "target": "16", 
	 "label": "{'changeType': 'Preserve', 'type': 'reference', 'referenceTypeName': 'eContainingClass'}" 
},{
	 "source": "17", 
	 "target": "16", 
	 "label": "{'changeType': 'Preserve', 'type': 'reference', 'referenceTypeName': 'eAnnotations'}" 
},{
	 "source": "16", 
	 "target": "17", 
	 "label": "{'changeType': 'Preserve', 'type': 'reference', 'referenceTypeName': 'eModelElement'}" 
},{
	 "source": "18", 
	 "target": "17", 
	 "label": "{'changeType': 'Preserve', 'type': 'reference', 'referenceTypeName': 'details'}" 
},{
	 "source": "19", 
	 "target": "16", 
	 "label": "{'changeType': 'Preserve', 'type': 'reference', 'referenceTypeName': 'eAnnotations'}" 
},{
	 "source": "16", 
	 "target": "19", 
	 "label": "{'changeType': 'Preserve', 'type': 'reference', 'referenceTypeName': 'eModelElement'}" 
},{
	 "source": "20", 
	 "target": "19", 
	 "label": "{'changeType': 'Preserve', 'type': 'reference', 'referenceTypeName': 'details'}" 
},{
	 "source": "21", 
	 "target": "16", 
	 "label": "{'changeType': 'Preserve', 'type': 'reference', 'referenceTypeName': 'eAnnotations'}" 
},{
	 "source": "16", 
	 "target": "21", 
	 "label": "{'changeType': 'Preserve', 'type': 'reference', 'referenceTypeName': 'eModelElement'}" 
},{
	 "source": "22", 
	 "target": "21", 
	 "label": "{'changeType': 'Preserve', 'type': 'reference', 'referenceTypeName': 'details'}" 
},{
	 "source": "23", 
	 "target": "21", 
	 "label": "{'changeType': 'Preserve', 'type': 'reference', 'referenceTypeName': 'details'}" 
},{
	 "source": "24", 
	 "target": "3", 
	 "label": "{'changeType': 'Preserve', 'type': 'reference', 'referenceTypeName': 'eStructuralFeatures'}" 
},{
	 "source": "3", 
	 "target": "24", 
	 "label": "{'changeType': 'Preserve', 'type': 'reference', 'referenceTypeName': 'eContainingClass'}" 
},{
	 "source": "25", 
	 "target": "24", 
	 "label": "{'changeType': 'Preserve', 'type': 'reference', 'referenceTypeName': 'eAnnotations'}" 
},{
	 "source": "24", 
	 "target": "25", 
	 "label": "{'changeType': 'Preserve', 'type': 'reference', 'referenceTypeName': 'eModelElement'}" 
},{
	 "source": "26", 
	 "target": "25", 
	 "label": "{'changeType': 'Preserve', 'type': 'reference', 'referenceTypeName': 'details'}" 
},{
	 "source": "27", 
	 "target": "24", 
	 "label": "{'changeType': 'Preserve', 'type': 'reference', 'referenceTypeName': 'eAnnotations'}" 
},{
	 "source": "24", 
	 "target": "27", 
	 "label": "{'changeType': 'Preserve', 'type': 'reference', 'referenceTypeName': 'eModelElement'}" 
},{
	 "source": "28", 
	 "target": "27", 
	 "label": "{'changeType': 'Preserve', 'type': 'reference', 'referenceTypeName': 'details'}" 
},{
	 "source": "29", 
	 "target": "3", 
	 "label": "{'changeType': 'Preserve', 'type': 'reference', 'referenceTypeName': 'eStructuralFeatures'}" 
},{
	 "source": "3", 
	 "target": "29", 
	 "label": "{'changeType': 'Preserve', 'type': 'reference', 'referenceTypeName': 'eContainingClass'}" 
},{
	 "source": "30", 
	 "target": "29", 
	 "label": "{'changeType': 'Preserve', 'type': 'reference', 'referenceTypeName': 'eAnnotations'}" 
},{
	 "source": "29", 
	 "target": "30", 
	 "label": "{'changeType': 'Preserve', 'type': 'reference', 'referenceTypeName': 'eModelElement'}" 
},{
	 "source": "31", 
	 "target": "30", 
	 "label": "{'changeType': 'Preserve', 'type': 'reference', 'referenceTypeName': 'details'}" 
},{
	 "source": "32", 
	 "target": "3", 
	 "label": "{'changeType': 'Preserve', 'type': 'reference', 'referenceTypeName': 'eStructuralFeatures'}" 
},{
	 "source": "3", 
	 "target": "32", 
	 "label": "{'changeType': 'Preserve', 'type': 'reference', 'referenceTypeName': 'eContainingClass'}" 
},{
	 "source": "33", 
	 "target": "2", 
	 "label": "{'changeType': 'Preserve', 'type': 'reference', 'referenceTypeName': 'eClassifiers'}" 
},{
	 "source": "2", 
	 "target": "33", 
	 "label": "{'changeType': 'Preserve', 'type': 'reference', 'referenceTypeName': 'ePackage'}" 
},{
	 "source": "34", 
	 "target": "2", 
	 "label": "{'changeType': 'Preserve', 'type': 'reference', 'referenceTypeName': 'eClassifiers'}" 
},{
	 "source": "2", 
	 "target": "34", 
	 "label": "{'changeType': 'Preserve', 'type': 'reference', 'referenceTypeName': 'ePackage'}" 
},{
	 "source": "35", 
	 "target": "2", 
	 "label": "{'changeType': 'Preserve', 'type': 'reference', 'referenceTypeName': 'eClassifiers'}" 
},{
	 "source": "2", 
	 "target": "35", 
	 "label": "{'changeType': 'Preserve', 'type': 'reference', 'referenceTypeName': 'ePackage'}" 
},{
	 "source": "36", 
	 "target": "35", 
	 "label": "{'changeType': 'Preserve', 'type': 'reference', 'referenceTypeName': 'eStructuralFeatures'}" 
},{
	 "source": "35", 
	 "target": "36", 
	 "label": "{'changeType': 'Preserve', 'type': 'reference', 'referenceTypeName': 'eContainingClass'}" 
},{
	 "source": "37", 
	 "target": "36", 
	 "label": "{'changeType': 'Preserve', 'type': 'reference', 'referenceTypeName': 'eAnnotations'}" 
},{
	 "source": "36", 
	 "target": "37", 
	 "label": "{'changeType': 'Preserve', 'type': 'reference', 'referenceTypeName': 'eModelElement'}" 
},{
	 "source": "38", 
	 "target": "37", 
	 "label": "{'changeType': 'Preserve', 'type': 'reference', 'referenceTypeName': 'details'}" 
},{
	 "source": "39", 
	 "target": "35", 
	 "label": "{'changeType': 'Preserve', 'type': 'reference', 'referenceTypeName': 'eStructuralFeatures'}" 
},{
	 "source": "35", 
	 "target": "39", 
	 "label": "{'changeType': 'Preserve', 'type': 'reference', 'referenceTypeName': 'eContainingClass'}" 
},{
	 "source": "1", 
	 "target": "2", 
	 "label": "{'changeType': 'Preserve', 'type': 'reference', 'referenceTypeName': 'eClassifiers'}" 
},{
	 "source": "2", 
	 "target": "1", 
	 "label": "{'changeType': 'Preserve', 'type': 'reference', 'referenceTypeName': 'ePackage'}" 
},{
	 "source": "40", 
	 "target": "1", 
	 "label": "{'changeType': 'Preserve', 'type': 'reference', 'referenceTypeName': 'eStructuralFeatures'}" 
},{
	 "source": "1", 
	 "target": "40", 
	 "label": "{'changeType': 'Preserve', 'type': 'reference', 'referenceTypeName': 'eContainingClass'}" 
},{
	 "source": "41", 
	 "target": "1", 
	 "label": "{'changeType': 'Preserve', 'type': 'reference', 'referenceTypeName': 'eStructuralFeatures'}" 
},{
	 "source": "1", 
	 "target": "41", 
	 "label": "{'changeType': 'Preserve', 'type': 'reference', 'referenceTypeName': 'eContainingClass'}" 
},{
	 "source": "42", 
	 "target": "1", 
	 "label": "{'changeType': 'Preserve', 'type': 'reference', 'referenceTypeName': 'eStructuralFeatures'}" 
},{
	 "source": "1", 
	 "target": "42", 
	 "label": "{'changeType': 'Preserve', 'type': 'reference', 'referenceTypeName': 'eContainingClass'}" 
},{
	 "source": "43", 
	 "target": "42", 
	 "label": "{'changeType': 'Preserve', 'type': 'reference', 'referenceTypeName': 'eAnnotations'}" 
},{
	 "source": "42", 
	 "target": "43", 
	 "label": "{'changeType': 'Preserve', 'type': 'reference', 'referenceTypeName': 'eModelElement'}" 
},{
	 "source": "44", 
	 "target": "43", 
	 "label": "{'changeType': 'Preserve', 'type': 'reference', 'referenceTypeName': 'details'}" 
},{
	 "source": "45", 
	 "target": "42", 
	 "label": "{'changeType': 'Preserve', 'type': 'reference', 'referenceTypeName': 'eAnnotations'}" 
},{
	 "source": "42", 
	 "target": "45", 
	 "label": "{'changeType': 'Preserve', 'type': 'reference', 'referenceTypeName': 'eModelElement'}" 
},{
	 "source": "46", 
	 "target": "45", 
	 "label": "{'changeType': 'Preserve', 'type': 'reference', 'referenceTypeName': 'details'}" 
},{
	 "source": "47", 
	 "target": "45", 
	 "label": "{'changeType': 'Preserve', 'type': 'reference', 'referenceTypeName': 'details'}" 
},{
	 "source": "48", 
	 "target": "1", 
	 "label": "{'changeType': 'Preserve', 'type': 'reference', 'referenceTypeName': 'eStructuralFeatures'}" 
},{
	 "source": "1", 
	 "target": "48", 
	 "label": "{'changeType': 'Preserve', 'type': 'reference', 'referenceTypeName': 'eContainingClass'}" 
},{
	 "source": "49", 
	 "target": "48", 
	 "label": "{'changeType': 'Preserve', 'type': 'reference', 'referenceTypeName': 'eAnnotations'}" 
},{
	 "source": "48", 
	 "target": "49", 
	 "label": "{'changeType': 'Preserve', 'type': 'reference', 'referenceTypeName': 'eModelElement'}" 
},{
	 "source": "50", 
	 "target": "49", 
	 "label": "{'changeType': 'Preserve', 'type': 'reference', 'referenceTypeName': 'details'}" 
},{
	 "source": "51", 
	 "target": "48", 
	 "label": "{'changeType': 'Preserve', 'type': 'reference', 'referenceTypeName': 'eAnnotations'}" 
},{
	 "source": "48", 
	 "target": "51", 
	 "label": "{'changeType': 'Preserve', 'type': 'reference', 'referenceTypeName': 'eModelElement'}" 
},{
	 "source": "52", 
	 "target": "51", 
	 "label": "{'changeType': 'Preserve', 'type': 'reference', 'referenceTypeName': 'details'}" 
},{
	 "source": "53", 
	 "target": "48", 
	 "label": "{'changeType': 'Preserve', 'type': 'reference', 'referenceTypeName': 'eAnnotations'}" 
},{
	 "source": "48", 
	 "target": "53", 
	 "label": "{'changeType': 'Preserve', 'type': 'reference', 'referenceTypeName': 'eModelElement'}" 
},{
	 "source": "54", 
	 "target": "53", 
	 "label": "{'changeType': 'Preserve', 'type': 'reference', 'referenceTypeName': 'details'}" 
},{
	 "source": "55", 
	 "target": "53", 
	 "label": "{'changeType': 'Preserve', 'type': 'reference', 'referenceTypeName': 'details'}" 
},{
	 "source": "56", 
	 "target": "1", 
	 "label": "{'changeType': 'Preserve', 'type': 'reference', 'referenceTypeName': 'eStructuralFeatures'}" 
},{
	 "source": "1", 
	 "target": "56", 
	 "label": "{'changeType': 'Preserve', 'type': 'reference', 'referenceTypeName': 'eContainingClass'}" 
},{
	 "source": "57", 
	 "target": "56", 
	 "label": "{'changeType': 'Preserve', 'type': 'reference', 'referenceTypeName': 'eAnnotations'}" 
},{
	 "source": "56", 
	 "target": "57", 
	 "label": "{'changeType': 'Preserve', 'type': 'reference', 'referenceTypeName': 'eModelElement'}" 
},{
	 "source": "58", 
	 "target": "57", 
	 "label": "{'changeType': 'Preserve', 'type': 'reference', 'referenceTypeName': 'details'}" 
},{
	 "source": "59", 
	 "target": "1", 
	 "label": "{'changeType': 'Preserve', 'type': 'reference', 'referenceTypeName': 'eStructuralFeatures'}" 
},{
	 "source": "1", 
	 "target": "59", 
	 "label": "{'changeType': 'Preserve', 'type': 'reference', 'referenceTypeName': 'eContainingClass'}" 
},{
	 "source": "60", 
	 "target": "59", 
	 "label": "{'changeType': 'Preserve', 'type': 'reference', 'referenceTypeName': 'eAnnotations'}" 
},{
	 "source": "59", 
	 "target": "60", 
	 "label": "{'changeType': 'Preserve', 'type': 'reference', 'referenceTypeName': 'eModelElement'}" 
},{
	 "source": "61", 
	 "target": "60", 
	 "label": "{'changeType': 'Preserve', 'type': 'reference', 'referenceTypeName': 'details'}" 
},{
	 "source": "62", 
	 "target": "1", 
	 "label": "{'changeType': 'Preserve', 'type': 'reference', 'referenceTypeName': 'eStructuralFeatures'}" 
},{
	 "source": "1", 
	 "target": "62", 
	 "label": "{'changeType': 'Preserve', 'type': 'reference', 'referenceTypeName': 'eContainingClass'}" 
},{
	 "source": "63", 
	 "target": "62", 
	 "label": "{'changeType': 'Preserve', 'type': 'reference', 'referenceTypeName': 'eAnnotations'}" 
},{
	 "source": "62", 
	 "target": "63", 
	 "label": "{'changeType': 'Preserve', 'type': 'reference', 'referenceTypeName': 'eModelElement'}" 
},{
	 "source": "64", 
	 "target": "63", 
	 "label": "{'changeType': 'Preserve', 'type': 'reference', 'referenceTypeName': 'details'}" 
},{
	 "source": "65", 
	 "target": "62", 
	 "label": "{'changeType': 'Preserve', 'type': 'reference', 'referenceTypeName': 'eAnnotations'}" 
},{
	 "source": "62", 
	 "target": "65", 
	 "label": "{'changeType': 'Preserve', 'type': 'reference', 'referenceTypeName': 'eModelElement'}" 
},{
	 "source": "66", 
	 "target": "65", 
	 "label": "{'changeType': 'Preserve', 'type': 'reference', 'referenceTypeName': 'details'}" 
},{
	 "source": "67", 
	 "target": "1", 
	 "label": "{'changeType': 'Preserve', 'type': 'reference', 'referenceTypeName': 'eStructuralFeatures'}" 
},{
	 "source": "1", 
	 "target": "67", 
	 "label": "{'changeType': 'Preserve', 'type': 'reference', 'referenceTypeName': 'eContainingClass'}" 
},{
	 "source": "68", 
	 "target": "67", 
	 "label": "{'changeType': 'Preserve', 'type': 'reference', 'referenceTypeName': 'eAnnotations'}" 
},{
	 "source": "67", 
	 "target": "68", 
	 "label": "{'changeType': 'Preserve', 'type': 'reference', 'referenceTypeName': 'eModelElement'}" 
},{
	 "source": "69", 
	 "target": "68", 
	 "label": "{'changeType': 'Preserve', 'type': 'reference', 'referenceTypeName': 'details'}" 
},{
	 "source": "70", 
	 "target": "1", 
	 "label": "{'changeType': 'Preserve', 'type': 'reference', 'referenceTypeName': 'eStructuralFeatures'}" 
},{
	 "source": "1", 
	 "target": "70", 
	 "label": "{'changeType': 'Preserve', 'type': 'reference', 'referenceTypeName': 'eContainingClass'}" 
},{
	 "source": "71", 
	 "target": "70", 
	 "label": "{'changeType': 'Preserve', 'type': 'reference', 'referenceTypeName': 'eAnnotations'}" 
},{
	 "source": "70", 
	 "target": "71", 
	 "label": "{'changeType': 'Preserve', 'type': 'reference', 'referenceTypeName': 'eModelElement'}" 
},{
	 "source": "72", 
	 "target": "71", 
	 "label": "{'changeType': 'Preserve', 'type': 'reference', 'referenceTypeName': 'details'}" 
},{
	 "source": "73", 
	 "target": "2", 
	 "label": "{'changeType': 'Preserve', 'type': 'reference', 'referenceTypeName': 'eClassifiers'}" 
},{
	 "source": "2", 
	 "target": "73", 
	 "label": "{'changeType': 'Preserve', 'type': 'reference', 'referenceTypeName': 'ePackage'}" 
},{
	 "source": "74", 
	 "target": "73", 
	 "label": "{'changeType': 'Preserve', 'type': 'reference', 'referenceTypeName': 'eStructuralFeatures'}" 
},{
	 "source": "73", 
	 "target": "74", 
	 "label": "{'changeType': 'Preserve', 'type': 'reference', 'referenceTypeName': 'eContainingClass'}" 
},{
	 "source": "75", 
	 "target": "73", 
	 "label": "{'changeType': 'Preserve', 'type': 'reference', 'referenceTypeName': 'eStructuralFeatures'}" 
},{
	 "source": "73", 
	 "target": "75", 
	 "label": "{'changeType': 'Preserve', 'type': 'reference', 'referenceTypeName': 'eContainingClass'}" 
},{
	 "source": "76", 
	 "target": "73", 
	 "label": "{'changeType': 'Preserve', 'type': 'reference', 'referenceTypeName': 'eStructuralFeatures'}" 
},{
	 "source": "73", 
	 "target": "76", 
	 "label": "{'changeType': 'Preserve', 'type': 'reference', 'referenceTypeName': 'eContainingClass'}" 
},{
	 "source": "77", 
	 "target": "2", 
	 "label": "{'changeType': 'Preserve', 'type': 'reference', 'referenceTypeName': 'eClassifiers'}" 
},{
	 "source": "2", 
	 "target": "77", 
	 "label": "{'changeType': 'Preserve', 'type': 'reference', 'referenceTypeName': 'ePackage'}" 
},{
	 "source": "78", 
	 "target": "77", 
	 "label": "{'changeType': 'Preserve', 'type': 'reference', 'referenceTypeName': 'eStructuralFeatures'}" 
},{
	 "source": "77", 
	 "target": "78", 
	 "label": "{'changeType': 'Preserve', 'type': 'reference', 'referenceTypeName': 'eContainingClass'}" 
},{
	 "source": "79", 
	 "target": "77", 
	 "label": "{'changeType': 'Preserve', 'type': 'reference', 'referenceTypeName': 'eStructuralFeatures'}" 
},{
	 "source": "77", 
	 "target": "79", 
	 "label": "{'changeType': 'Preserve', 'type': 'reference', 'referenceTypeName': 'eContainingClass'}" 
},{
	 "source": "80", 
	 "target": "77", 
	 "label": "{'changeType': 'Preserve', 'type': 'reference', 'referenceTypeName': 'eStructuralFeatures'}" 
},{
	 "source": "77", 
	 "target": "80", 
	 "label": "{'changeType': 'Preserve', 'type': 'reference', 'referenceTypeName': 'eContainingClass'}" 
},{
	 "source": "81", 
	 "target": "2", 
	 "label": "{'changeType': 'Preserve', 'type': 'reference', 'referenceTypeName': 'eClassifiers'}" 
},{
	 "source": "2", 
	 "target": "81", 
	 "label": "{'changeType': 'Preserve', 'type': 'reference', 'referenceTypeName': 'ePackage'}" 
},{
	 "source": "82", 
	 "target": "81", 
	 "label": "{'changeType': 'Preserve', 'type': 'reference', 'referenceTypeName': 'eAnnotations'}" 
},{
	 "source": "81", 
	 "target": "82", 
	 "label": "{'changeType': 'Preserve', 'type': 'reference', 'referenceTypeName': 'eModelElement'}" 
},{
	 "source": "83", 
	 "target": "82", 
	 "label": "{'changeType': 'Preserve', 'type': 'reference', 'referenceTypeName': 'details'}" 
},{
	 "source": "84", 
	 "target": "81", 
	 "label": "{'changeType': 'Preserve', 'type': 'reference', 'referenceTypeName': 'eAnnotations'}" 
},{
	 "source": "81", 
	 "target": "84", 
	 "label": "{'changeType': 'Preserve', 'type': 'reference', 'referenceTypeName': 'eModelElement'}" 
},{
	 "source": "85", 
	 "target": "84", 
	 "label": "{'changeType': 'Preserve', 'type': 'reference', 'referenceTypeName': 'details'}" 
},{
	 "source": "86", 
	 "target": "2", 
	 "label": "{'changeType': 'Preserve', 'type': 'reference', 'referenceTypeName': 'eClassifiers'}" 
},{
	 "source": "2", 
	 "target": "86", 
	 "label": "{'changeType': 'Preserve', 'type': 'reference', 'referenceTypeName': 'ePackage'}" 
},{
	 "source": "87", 
	 "target": "86", 
	 "label": "{'changeType': 'Preserve', 'type': 'reference', 'referenceTypeName': 'eAnnotations'}" 
},{
	 "source": "86", 
	 "target": "87", 
	 "label": "{'changeType': 'Preserve', 'type': 'reference', 'referenceTypeName': 'eModelElement'}" 
},{
	 "source": "88", 
	 "target": "87", 
	 "label": "{'changeType': 'Preserve', 'type': 'reference', 'referenceTypeName': 'details'}" 
},{
	 "source": "89", 
	 "target": "86", 
	 "label": "{'changeType': 'Preserve', 'type': 'reference', 'referenceTypeName': 'eStructuralFeatures'}" 
},{
	 "source": "86", 
	 "target": "89", 
	 "label": "{'changeType': 'Preserve', 'type': 'reference', 'referenceTypeName': 'eContainingClass'}" 
},{
	 "source": "90", 
	 "target": "89", 
	 "label": "{'changeType': 'Preserve', 'type': 'reference', 'referenceTypeName': 'eAnnotations'}" 
},{
	 "source": "89", 
	 "target": "90", 
	 "label": "{'changeType': 'Preserve', 'type': 'reference', 'referenceTypeName': 'eModelElement'}" 
},{
	 "source": "91", 
	 "target": "90", 
	 "label": "{'changeType': 'Preserve', 'type': 'reference', 'referenceTypeName': 'details'}" 
},{
	 "source": "92", 
	 "target": "86", 
	 "label": "{'changeType': 'Preserve', 'type': 'reference', 'referenceTypeName': 'eStructuralFeatures'}" 
},{
	 "source": "86", 
	 "target": "92", 
	 "label": "{'changeType': 'Preserve', 'type': 'reference', 'referenceTypeName': 'eContainingClass'}" 
},{
	 "source": "93", 
	 "target": "92", 
	 "label": "{'changeType': 'Preserve', 'type': 'reference', 'referenceTypeName': 'eAnnotations'}" 
},{
	 "source": "92", 
	 "target": "93", 
	 "label": "{'changeType': 'Preserve', 'type': 'reference', 'referenceTypeName': 'eModelElement'}" 
},{
	 "source": "94", 
	 "target": "93", 
	 "label": "{'changeType': 'Preserve', 'type': 'reference', 'referenceTypeName': 'details'}" 
},{
	 "source": "95", 
	 "target": "86", 
	 "label": "{'changeType': 'Preserve', 'type': 'reference', 'referenceTypeName': 'eStructuralFeatures'}" 
},{
	 "source": "86", 
	 "target": "95", 
	 "label": "{'changeType': 'Preserve', 'type': 'reference', 'referenceTypeName': 'eContainingClass'}" 
},{
	 "source": "96", 
	 "target": "95", 
	 "label": "{'changeType': 'Preserve', 'type': 'reference', 'referenceTypeName': 'eAnnotations'}" 
},{
	 "source": "95", 
	 "target": "96", 
	 "label": "{'changeType': 'Preserve', 'type': 'reference', 'referenceTypeName': 'eModelElement'}" 
},{
	 "source": "97", 
	 "target": "96", 
	 "label": "{'changeType': 'Preserve', 'type': 'reference', 'referenceTypeName': 'details'}" 
},{
	 "source": "98", 
	 "target": "2", 
	 "label": "{'changeType': 'Preserve', 'type': 'reference', 'referenceTypeName': 'eClassifiers'}" 
},{
	 "source": "2", 
	 "target": "98", 
	 "label": "{'changeType': 'Preserve', 'type': 'reference', 'referenceTypeName': 'ePackage'}" 
},{
	 "source": "99", 
	 "target": "98", 
	 "label": "{'changeType': 'Preserve', 'type': 'reference', 'referenceTypeName': 'eAnnotations'}" 
},{
	 "source": "98", 
	 "target": "99", 
	 "label": "{'changeType': 'Preserve', 'type': 'reference', 'referenceTypeName': 'eModelElement'}" 
},{
	 "source": "100", 
	 "target": "99", 
	 "label": "{'changeType': 'Preserve', 'type': 'reference', 'referenceTypeName': 'details'}" 
},{
	 "source": "101", 
	 "target": "98", 
	 "label": "{'changeType': 'Preserve', 'type': 'reference', 'referenceTypeName': 'eAnnotations'}" 
},{
	 "source": "98", 
	 "target": "101", 
	 "label": "{'changeType': 'Preserve', 'type': 'reference', 'referenceTypeName': 'eModelElement'}" 
},{
	 "source": "102", 
	 "target": "101", 
	 "label": "{'changeType': 'Preserve', 'type': 'reference', 'referenceTypeName': 'details'}" 
},{
	 "source": "103", 
	 "target": "98", 
	 "label": "{'changeType': 'Preserve', 'type': 'reference', 'referenceTypeName': 'eStructuralFeatures'}" 
},{
	 "source": "98", 
	 "target": "103", 
	 "label": "{'changeType': 'Preserve', 'type': 'reference', 'referenceTypeName': 'eContainingClass'}" 
},{
	 "source": "104", 
	 "target": "103", 
	 "label": "{'changeType': 'Preserve', 'type': 'reference', 'referenceTypeName': 'eAnnotations'}" 
},{
	 "source": "103", 
	 "target": "104", 
	 "label": "{'changeType': 'Preserve', 'type': 'reference', 'referenceTypeName': 'eModelElement'}" 
},{
	 "source": "105", 
	 "target": "104", 
	 "label": "{'changeType': 'Preserve', 'type': 'reference', 'referenceTypeName': 'details'}" 
},{
	 "source": "106", 
	 "target": "103", 
	 "label": "{'changeType': 'Preserve', 'type': 'reference', 'referenceTypeName': 'eAnnotations'}" 
},{
	 "source": "103", 
	 "target": "106", 
	 "label": "{'changeType': 'Preserve', 'type': 'reference', 'referenceTypeName': 'eModelElement'}" 
},{
	 "source": "107", 
	 "target": "106", 
	 "label": "{'changeType': 'Preserve', 'type': 'reference', 'referenceTypeName': 'details'}" 
},{
	 "source": "108", 
	 "target": "98", 
	 "label": "{'changeType': 'Preserve', 'type': 'reference', 'referenceTypeName': 'eStructuralFeatures'}" 
},{
	 "source": "98", 
	 "target": "108", 
	 "label": "{'changeType': 'Preserve', 'type': 'reference', 'referenceTypeName': 'eContainingClass'}" 
},{
	 "source": "109", 
	 "target": "108", 
	 "label": "{'changeType': 'Preserve', 'type': 'reference', 'referenceTypeName': 'eAnnotations'}" 
},{
	 "source": "108", 
	 "target": "109", 
	 "label": "{'changeType': 'Preserve', 'type': 'reference', 'referenceTypeName': 'eModelElement'}" 
},{
	 "source": "110", 
	 "target": "109", 
	 "label": "{'changeType': 'Preserve', 'type': 'reference', 'referenceTypeName': 'details'}" 
},{
	 "source": "111", 
	 "target": "108", 
	 "label": "{'changeType': 'Preserve', 'type': 'reference', 'referenceTypeName': 'eAnnotations'}" 
},{
	 "source": "108", 
	 "target": "111", 
	 "label": "{'changeType': 'Preserve', 'type': 'reference', 'referenceTypeName': 'eModelElement'}" 
},{
	 "source": "112", 
	 "target": "111", 
	 "label": "{'changeType': 'Preserve', 'type': 'reference', 'referenceTypeName': 'details'}" 
},{
	 "source": "113", 
	 "target": "2", 
	 "label": "{'changeType': 'Preserve', 'type': 'reference', 'referenceTypeName': 'eClassifiers'}" 
},{
	 "source": "2", 
	 "target": "113", 
	 "label": "{'changeType': 'Preserve', 'type': 'reference', 'referenceTypeName': 'ePackage'}" 
},{
	 "source": "114", 
	 "target": "113", 
	 "label": "{'changeType': 'Preserve', 'type': 'reference', 'referenceTypeName': 'eAnnotations'}" 
},{
	 "source": "113", 
	 "target": "114", 
	 "label": "{'changeType': 'Preserve', 'type': 'reference', 'referenceTypeName': 'eModelElement'}" 
},{
	 "source": "115", 
	 "target": "114", 
	 "label": "{'changeType': 'Preserve', 'type': 'reference', 'referenceTypeName': 'details'}" 
},{
	 "source": "116", 
	 "target": "2", 
	 "label": "{'changeType': 'Preserve', 'type': 'reference', 'referenceTypeName': 'eClassifiers'}" 
},{
	 "source": "2", 
	 "target": "116", 
	 "label": "{'changeType': 'Preserve', 'type': 'reference', 'referenceTypeName': 'ePackage'}" 
},{
	 "source": "117", 
	 "target": "116", 
	 "label": "{'changeType': 'Preserve', 'type': 'reference', 'referenceTypeName': 'eAnnotations'}" 
},{
	 "source": "116", 
	 "target": "117", 
	 "label": "{'changeType': 'Preserve', 'type': 'reference', 'referenceTypeName': 'eModelElement'}" 
},{
	 "source": "118", 
	 "target": "117", 
	 "label": "{'changeType': 'Preserve', 'type': 'reference', 'referenceTypeName': 'details'}" 
},{
	 "source": "119", 
	 "target": "116", 
	 "label": "{'changeType': 'Preserve', 'type': 'reference', 'referenceTypeName': 'eStructuralFeatures'}" 
},{
	 "source": "116", 
	 "target": "119", 
	 "label": "{'changeType': 'Preserve', 'type': 'reference', 'referenceTypeName': 'eContainingClass'}" 
},{
	 "source": "120", 
	 "target": "119", 
	 "label": "{'changeType': 'Preserve', 'type': 'reference', 'referenceTypeName': 'eAnnotations'}" 
},{
	 "source": "119", 
	 "target": "120", 
	 "label": "{'changeType': 'Preserve', 'type': 'reference', 'referenceTypeName': 'eModelElement'}" 
},{
	 "source": "121", 
	 "target": "120", 
	 "label": "{'changeType': 'Preserve', 'type': 'reference', 'referenceTypeName': 'details'}" 
},{
	 "source": "122", 
	 "target": "2", 
	 "label": "{'changeType': 'Preserve', 'type': 'reference', 'referenceTypeName': 'eClassifiers'}" 
},{
	 "source": "2", 
	 "target": "122", 
	 "label": "{'changeType': 'Preserve', 'type': 'reference', 'referenceTypeName': 'ePackage'}" 
},{
	 "source": "123", 
	 "target": "122", 
	 "label": "{'changeType': 'Preserve', 'type': 'reference', 'referenceTypeName': 'eAnnotations'}" 
},{
	 "source": "122", 
	 "target": "123", 
	 "label": "{'changeType': 'Preserve', 'type': 'reference', 'referenceTypeName': 'eModelElement'}" 
},{
	 "source": "124", 
	 "target": "123", 
	 "label": "{'changeType': 'Preserve', 'type': 'reference', 'referenceTypeName': 'details'}" 
},{
	 "source": "125", 
	 "target": "122", 
	 "label": "{'changeType': 'Preserve', 'type': 'reference', 'referenceTypeName': 'eAnnotations'}" 
},{
	 "source": "122", 
	 "target": "125", 
	 "label": "{'changeType': 'Preserve', 'type': 'reference', 'referenceTypeName': 'eModelElement'}" 
},{
	 "source": "126", 
	 "target": "125", 
	 "label": "{'changeType': 'Preserve', 'type': 'reference', 'referenceTypeName': 'details'}" 
},{
	 "source": "127", 
	 "target": "122", 
	 "label": "{'changeType': 'Preserve', 'type': 'reference', 'referenceTypeName': 'eStructuralFeatures'}" 
},{
	 "source": "122", 
	 "target": "127", 
	 "label": "{'changeType': 'Preserve', 'type': 'reference', 'referenceTypeName': 'eContainingClass'}" 
},{
	 "source": "128", 
	 "target": "127", 
	 "label": "{'changeType': 'Preserve', 'type': 'reference', 'referenceTypeName': 'eAnnotations'}" 
},{
	 "source": "127", 
	 "target": "128", 
	 "label": "{'changeType': 'Preserve', 'type': 'reference', 'referenceTypeName': 'eModelElement'}" 
},{
	 "source": "129", 
	 "target": "128", 
	 "label": "{'changeType': 'Preserve', 'type': 'reference', 'referenceTypeName': 'details'}" 
},{
	 "source": "130", 
	 "target": "127", 
	 "label": "{'changeType': 'Preserve', 'type': 'reference', 'referenceTypeName': 'eAnnotations'}" 
},{
	 "source": "127", 
	 "target": "130", 
	 "label": "{'changeType': 'Preserve', 'type': 'reference', 'referenceTypeName': 'eModelElement'}" 
},{
	 "source": "131", 
	 "target": "130", 
	 "label": "{'changeType': 'Preserve', 'type': 'reference', 'referenceTypeName': 'details'}" 
}]}