{"directed": true, "multigraph": false, "graph": {}, 
  "nodes": [{
	 "id": "0", 
	 "label": "{'changeType': 'Add', 'type': 'object', 'className': 'EStringToStringMapEntry', 'attributes': {'id': '_axcuwt6tEei97MD7GK1RmA', 'key':'ocl','value':'let i : FeatureSeqInitializer = domainInitializer.oclAsType( FeatureSeqInitializer) in i.oclIsUndefined() or i.initializers.feature.eContainingClass->forAll(c|c.isSuperTypeOf(domainMetaElement)) '}}" 
},{
	 "id": "1", 
	 "label": "{'changeType': 'Add', 'type': 'object', 'className': 'EAnnotation', 'attributes': {'id': '_axcuwd6tEei97MD7GK1RmA', 'source':'http://www.eclipse.org/gmf/2005/constraints','details':['org.eclipse.emf.ecore.impl.EStringToStringMapEntryImpl@6bb61cbd (key: ocl, value: let i : FeatureSeqInitializer = domainInitializer.oclAsType( FeatureSeqInitializer) in i.oclIsUndefined() or i.initializers.feature.eContainingClass->forAll(c|c.isSuperTypeOf(domainMetaElement)) )'],'eModelElement':'domainInitializer'}}" 
},{
	 "id": "2", 
	 "label": "{'changeType': 'Preserve', 'type': 'object', 'className': 'EReference', 'attributes': {'id': '_av7EvN6tEei97MD7GK1RmA', 'eAnnotations':['org.eclipse.emf.ecore.impl.EAnnotationImpl@44732d66 (source: http://www.eclipse.org/emf/2002/GenModel)'],'name':'domainInitializer','ordered':'true','unique':'true','lowerBound':'0','upperBound':'1','many':'false','required':'false','eType':'ElementInitializer','eGenericType':'org.eclipse.emf.ecore.impl.EGenericTypeImpl@1d594c16 (expression: ElementInitializer)','changeable':'true','volatile':'false','transient':'false','unsettable':'false','derived':'false','eContainingClass':'NodeMapping','containment':'true','container':'false','resolveProxies':'true','eReferenceType':'ElementInitializer'}}" 
},{
	 "id": "3", 
	 "label": "{'changeType': 'Add', 'type': 'object', 'className': 'EStringToStringMapEntry', 'attributes': {'id': '_axcuxd6tEei97MD7GK1RmA', 'key':'ocl','value':'containmentFeature.oclIsUndefined() or containmentFeature.eReferenceType.isSuperTypeOf(domainMetaElement) '}}" 
},{
	 "id": "4", 
	 "label": "{'changeType': 'Add', 'type': 'object', 'className': 'EAnnotation', 'attributes': {'id': '_axcuxN6tEei97MD7GK1RmA', 'source':'http://www.eclipse.org/gmf/2005/constraints','details':['org.eclipse.emf.ecore.impl.EStringToStringMapEntryImpl@17e079bd (key: ocl, value: containmentFeature.oclIsUndefined() or containmentFeature.eReferenceType.isSuperTypeOf(domainMetaElement) )'],'eModelElement':'containmentFeature'}}" 
},{
	 "id": "5", 
	 "label": "{'changeType': 'Delete', 'type': 'object', 'className': 'EStringToStringMapEntry', 'attributes': {'id': '_au4i7N6tEei97MD7GK1RmA', 'key':'ocl','value':'oclIsUndefined(containmentFeature) or domainMetaElement.eAllReferences->includes(containmentFeature)'}}" 
},{
	 "id": "6", 
	 "label": "{'changeType': 'Delete', 'type': 'object', 'className': 'EAnnotation', 'attributes': {'id': '_au4i696tEei97MD7GK1RmA', 'source':'http://www.eclipse.org/gmf/2005/constraints','details':['org.eclipse.emf.ecore.impl.EStringToStringMapEntryImpl@28fc59d8 (key: ocl, value: oclIsUndefined(containmentFeature) or domainMetaElement.eAllReferences->includes(containmentFeature))'],'eModelElement':'containmentFeature'}}" 
},{
	 "id": "7", 
	 "label": "{'changeType': 'Preserve', 'type': 'object', 'className': 'EReference', 'attributes': {'id': '_au4i6t6tEei97MD7GK1RmA', 'eAnnotations':['org.eclipse.emf.ecore.impl.EAnnotationImpl@75b94214 (source: http://www.eclipse.org/gmf/2005/constraints)'],'name':'containmentFeature','ordered':'true','unique':'true','lowerBound':'0','upperBound':'1','many':'false','required':'false','eType':'EReference','eGenericType':'org.eclipse.emf.ecore.impl.EGenericTypeImpl@766098d1 (expression: EReference)','changeable':'true','volatile':'false','transient':'false','unsettable':'false','derived':'false','eContainingClass':'NodeMapping','containment':'false','container':'false','resolveProxies':'true','eReferenceType':'EReference'}}" 
},{
	 "id": "8", 
	 "label": "{'changeType': 'Add', 'type': 'object', 'className': 'EStringToStringMapEntry', 'attributes': {'id': '_axcuyd6tEei97MD7GK1RmA', 'key':'ocl','value':'editFeature.oclIsUndefined() or domainMetaElement.eAllAttributes->includes(editFeature)'}}" 
},{
	 "id": "9", 
	 "label": "{'changeType': 'Add', 'type': 'object', 'className': 'EAnnotation', 'attributes': {'id': '_axcuyN6tEei97MD7GK1RmA', 'source':'http://www.eclipse.org/gmf/2005/constraints','details':['org.eclipse.emf.ecore.impl.EStringToStringMapEntryImpl@32ab2ce7 (key: ocl, value: editFeature.oclIsUndefined() or domainMetaElement.eAllAttributes->includes(editFeature))'],'eModelElement':'editFeature'}}" 
},{
	 "id": "10", 
	 "label": "{'changeType': 'Delete', 'type': 'object', 'className': 'EStringToStringMapEntry', 'attributes': {'id': '_au4i8N6tEei97MD7GK1RmA', 'key':'ocl','value':'oclIsUndefined(editFeature) or domainMetaElement.eAllAttributes->includes(editFeature)'}}" 
},{
	 "id": "11", 
	 "label": "{'changeType': 'Delete', 'type': 'object', 'className': 'EAnnotation', 'attributes': {'id': '_au4i796tEei97MD7GK1RmA', 'source':'http://www.eclipse.org/gmf/2005/constraints','details':['org.eclipse.emf.ecore.impl.EStringToStringMapEntryImpl@1cadd7b2 (key: ocl, value: oclIsUndefined(editFeature) or domainMetaElement.eAllAttributes->includes(editFeature))'],'eModelElement':'editFeature'}}" 
},{
	 "id": "12", 
	 "label": "{'changeType': 'Preserve', 'type': 'object', 'className': 'EReference', 'attributes': {'id': '_au4i7t6tEei97MD7GK1RmA', 'eAnnotations':['org.eclipse.emf.ecore.impl.EAnnotationImpl@56d56629 (source: http://www.eclipse.org/gmf/2005/constraints)'],'name':'editFeature','ordered':'true','unique':'true','lowerBound':'0','upperBound':'1','many':'false','required':'false','eType':'EAttribute','eGenericType':'org.eclipse.emf.ecore.impl.EGenericTypeImpl@6e7972e6 (expression: EAttribute)','changeable':'true','volatile':'false','transient':'false','unsettable':'false','derived':'false','eContainingClass':'NodeMapping','containment':'false','container':'false','resolveProxies':'true','eReferenceType':'EAttribute'}}" 
},{
	 "id": "13", 
	 "label": "{'changeType': 'Add', 'type': 'object', 'className': 'EStringToStringMapEntry', 'attributes': {'id': '_axcuz96tEei97MD7GK1RmA', 'key':'ocl','value':'parentNode.diagramNode.oclAsType(diadef::Node).compartments->includes(self.compartment)'}}" 
},{
	 "id": "14", 
	 "label": "{'changeType': 'Add', 'type': 'object', 'className': 'EAnnotation', 'attributes': {'id': '_axcuzt6tEei97MD7GK1RmA', 'source':'http://www.eclipse.org/gmf/2005/constraints','details':['org.eclipse.emf.ecore.impl.EStringToStringMapEntryImpl@1df5fe41 (key: ocl, value: parentNode.diagramNode.oclAsType(diadef::Node).compartments->includes(self.compartment))'],'eModelElement':'compartment'}}" 
},{
	 "id": "15", 
	 "label": "{'changeType': 'Delete', 'type': 'object', 'className': 'EStringToStringMapEntry', 'attributes': {'id': '_au4i9t6tEei97MD7GK1RmA', 'key':'ocl','value':'eContainer.diagramNode.compartments->includes(self.compartment)'}}" 
},{
	 "id": "16", 
	 "label": "{'changeType': 'Delete', 'type': 'object', 'className': 'EAnnotation', 'attributes': {'id': '_au4i9d6tEei97MD7GK1RmA', 'source':'http://www.eclipse.org/gmf/2005/constraints','details':['org.eclipse.emf.ecore.impl.EStringToStringMapEntryImpl@43ddddcf (key: ocl, value: eContainer.diagramNode.compartments->includes(self.compartment))'],'eModelElement':'compartment'}}" 
},{
	 "id": "17", 
	 "label": "{'changeType': 'Preserve', 'type': 'object', 'className': 'EReference', 'attributes': {'id': '_au4i9N6tEei97MD7GK1RmA', 'eAnnotations':['org.eclipse.emf.ecore.impl.EAnnotationImpl@34fd0f95 (source: http://www.eclipse.org/gmf/2005/constraints)'],'name':'compartment','ordered':'true','unique':'true','lowerBound':'1','upperBound':'1','many':'false','required':'true','eType':'Compartment','eGenericType':'org.eclipse.emf.ecore.impl.EGenericTypeImpl@7996f06 (expression: Compartment)','changeable':'true','volatile':'false','transient':'false','unsettable':'false','derived':'false','eContainingClass':'ChildNodeMapping','containment':'false','container':'false','resolveProxies':'true','eReferenceType':'Compartment'}}" 
},{
	 "id": "18", 
	 "label": "{'changeType': 'Add', 'type': 'object', 'className': 'EStringToStringMapEntry', 'attributes': {'id': '_axcu1d6tEei97MD7GK1RmA', 'key':'ocl','value':'domainChildrenFeature.eContainingClass.isSuperTypeOf(parentNode.domainMetaElement)'}}" 
},{
	 "id": "19", 
	 "label": "{'changeType': 'Add', 'type': 'object', 'className': 'EAnnotation', 'attributes': {'id': '_axcu1N6tEei97MD7GK1RmA', 'source':'http://www.eclipse.org/gmf/2005/constraints','details':['org.eclipse.emf.ecore.impl.EStringToStringMapEntryImpl@29fb0338 (key: ocl, value: domainChildrenFeature.eContainingClass.isSuperTypeOf(parentNode.domainMetaElement))'],'eModelElement':'domainChildrenFeature'}}" 
},{
	 "id": "20", 
	 "label": "{'changeType': 'Delete', 'type': 'object', 'className': 'EStringToStringMapEntry', 'attributes': {'id': '_au4i_N6tEei97MD7GK1RmA', 'key':'ocl','value':'eContainer.domainMetaElement.eAllAttributes->includes(domainChildrenFeature)'}}" 
},{
	 "id": "21", 
	 "label": "{'changeType': 'Delete', 'type': 'object', 'className': 'EAnnotation', 'attributes': {'id': '_au4i-96tEei97MD7GK1RmA', 'source':'http://www.eclipse.org/gmf/2005/constraints','details':['org.eclipse.emf.ecore.impl.EStringToStringMapEntryImpl@2314809f (key: ocl, value: eContainer.domainMetaElement.eAllAttributes->includes(domainChildrenFeature))'],'eModelElement':'domainChildrenFeature'}}" 
},{
	 "id": "22", 
	 "label": "{'changeType': 'Preserve', 'type': 'object', 'className': 'EReference', 'attributes': {'id': '_au4i-t6tEei97MD7GK1RmA', 'eAnnotations':['org.eclipse.emf.ecore.impl.EAnnotationImpl@1eedd729 (source: http://www.eclipse.org/gmf/2005/constraints)'],'name':'domainChildrenFeature','ordered':'true','unique':'true','lowerBound':'1','upperBound':'1','many':'false','required':'true','eType':'EStructuralFeature','eGenericType':'org.eclipse.emf.ecore.impl.EGenericTypeImpl@2b97ad76 (expression: EStructuralFeature)','changeable':'true','volatile':'false','transient':'false','unsettable':'false','derived':'false','eContainingClass':'ChildNodeMapping','containment':'false','container':'false','resolveProxies':'true','eReferenceType':'EStructuralFeature'}}" 
},{
	 "id": "23", 
	 "label": "{'changeType': 'Add', 'type': 'object', 'className': 'EStringToStringMapEntry', 'attributes': {'id': '_axcu2d6tEei97MD7GK1RmA', 'key':'ocl','value':'editFeature.oclIsUndefined() or (not domainMetaElement.oclIsUndefined()  and editFeature.eContainingClass.isSuperTypeOf(domainMetaElement)) or domainChildrenFeature.eType.oclAsType(ecore::EClass).eAll'}}" 
},{
	 "id": "24", 
	 "label": "{'changeType': 'Add', 'type': 'object', 'className': 'EAnnotation', 'attributes': {'id': '_axcu2N6tEei97MD7GK1RmA', 'source':'http://www.eclipse.org/gmf/2005/constraints','details':['org.eclipse.emf.ecore.impl.EStringToStringMapEntryImpl@ea04d92 (key: ocl, value: editFeature.oclIsUndefined() or (not domainMetaElement.oclIsUndefined()  and editFeature.eContainingClass.isSuperTypeOf(domainMetaElement)) or domainChildrenFeature.eType.oclAsType(ecore::EClass).eAllAttributes->includes(editFeature))'],'eModelElement':'editFeature'}}" 
},{
	 "id": "25", 
	 "label": "{'changeType': 'Preserve', 'type': 'object', 'className': 'EReference', 'attributes': {'id': '_avLd896tEei97MD7GK1RmA', 'name':'editFeature','ordered':'true','unique':'true','lowerBound':'0','upperBound':'1','many':'false','required':'false','eType':'EAttribute','eGenericType':'org.eclipse.emf.ecore.impl.EGenericTypeImpl@abb96fa (expression: EAttribute)','changeable':'true','volatile':'false','transient':'false','unsettable':'false','derived':'false','eContainingClass':'ChildNodeMapping','containment':'false','container':'false','resolveProxies':'true','eReferenceType':'EAttribute'}}" 
},{
	 "id": "26", 
	 "label": "{'changeType': 'Add', 'type': 'object', 'className': 'EStringToStringMapEntry', 'attributes': {'id': '_axcu5N6tEei97MD7GK1RmA', 'key':'ocl','value':'let i : FeatureSeqInitializer = domainInitializer.oclAsType( FeatureSeqInitializer) in i.oclIsUndefined() or i.initializers.feature.eContainingClass->forAll(c|c.isSuperTypeOf(domainMetaElement)) '}}" 
},{
	 "id": "27", 
	 "label": "{'changeType': 'Add', 'type': 'object', 'className': 'EAnnotation', 'attributes': {'id': '_axcu496tEei97MD7GK1RmA', 'source':'http://www.eclipse.org/gmf/2005/constraints','details':['org.eclipse.emf.ecore.impl.EStringToStringMapEntryImpl@3099fc39 (key: ocl, value: let i : FeatureSeqInitializer = domainInitializer.oclAsType( FeatureSeqInitializer) in i.oclIsUndefined() or i.initializers.feature.eContainingClass->forAll(c|c.isSuperTypeOf(domainMetaElement)) )'],'eModelElement':'domainInitializer'}}" 
},{
	 "id": "28", 
	 "label": "{'changeType': 'Preserve', 'type': 'object', 'className': 'EReference', 'attributes': {'id': '_av7E2t6tEei97MD7GK1RmA', 'eAnnotations':['org.eclipse.emf.ecore.impl.EAnnotationImpl@5a6fe63a (source: http://www.eclipse.org/emf/2002/GenModel)'],'name':'domainInitializer','ordered':'true','unique':'true','lowerBound':'0','upperBound':'1','many':'false','required':'false','eType':'ElementInitializer','eGenericType':'org.eclipse.emf.ecore.impl.EGenericTypeImpl@e5ecc99 (expression: ElementInitializer)','changeable':'true','volatile':'false','transient':'false','unsettable':'false','derived':'false','eContainingClass':'ChildNodeMapping','containment':'true','container':'false','resolveProxies':'true','eReferenceType':'ElementInitializer'}}" 
},{
	 "id": "29", 
	 "label": "{'changeType': 'Add', 'type': 'object', 'className': 'EReference', 'attributes': {'id': '_axcu5d6tEei97MD7GK1RmA', 'name':'parentNode','ordered':'true','unique':'true','lowerBound':'1','upperBound':'1','many':'false','required':'true','eType':'NodeMapping','eGenericType':'org.eclipse.emf.ecore.impl.EGenericTypeImpl@77f112b3 (expression: NodeMapping)','changeable':'false','volatile':'false','transient':'false','unsettable':'false','derived':'false','eContainingClass':'ChildNodeMapping','containment':'false','container':'true','resolveProxies':'true','eOpposite':'childMappings','eReferenceType':'NodeMapping'}}" 
},{
	 "id": "30", 
	 "label": "{'changeType': 'Preserve', 'type': 'object', 'className': 'EClass', 'attributes': {'id': '_au4i896tEei97MD7GK1RmA', 'name':'ChildNodeMapping','ePackage':'mappings','abstract':'false','interface':'false','eStructuralFeatures':['compartment','diagramNode','domainChildrenFeature','editFeature','domainMetaElement','domainSpecialization','domainInitializer']}}" 
},{
	 "id": "31", 
	 "label": "{'changeType': 'Add', 'type': 'object', 'className': 'EStringToStringMapEntry', 'attributes': {'id': '_axcu8t6tEei97MD7GK1RmA', 'key':'ocl','value':'let i : FeatureSeqInitializer = domainInitializer.oclAsType( FeatureSeqInitializer) in i.oclIsUndefined() or i.initializers.feature.eContainingClass->forAll(c|c.isSuperTypeOf(domainMetaElement)) '}}" 
},{
	 "id": "32", 
	 "label": "{'changeType': 'Add', 'type': 'object', 'className': 'EAnnotation', 'attributes': {'id': '_axcu8d6tEei97MD7GK1RmA', 'source':'http://www.eclipse.org/gmf/2005/constraints','details':['org.eclipse.emf.ecore.impl.EStringToStringMapEntryImpl@3996d630 (key: ocl, value: let i : FeatureSeqInitializer = domainInitializer.oclAsType( FeatureSeqInitializer) in i.oclIsUndefined() or i.initializers.feature.eContainingClass->forAll(c|c.isSuperTypeOf(domainMetaElement)) )'],'eModelElement':'domainInitializer'}}" 
},{
	 "id": "33", 
	 "label": "{'changeType': 'Preserve', 'type': 'object', 'className': 'EReference', 'attributes': {'id': '_av7E5d6tEei97MD7GK1RmA', 'eAnnotations':['org.eclipse.emf.ecore.impl.EAnnotationImpl@597237c1 (source: http://www.eclipse.org/emf/2002/GenModel)'],'name':'domainInitializer','ordered':'true','unique':'true','lowerBound':'0','upperBound':'1','many':'false','required':'false','eType':'ElementInitializer','eGenericType':'org.eclipse.emf.ecore.impl.EGenericTypeImpl@78ee5e69 (expression: ElementInitializer)','changeable':'true','volatile':'false','transient':'false','unsettable':'false','derived':'false','eContainingClass':'LinkMapping','containment':'true','container':'false','resolveProxies':'true','eReferenceType':'ElementInitializer'}}" 
},{
	 "id": "34", 
	 "label": "{'changeType': 'Add', 'type': 'object', 'className': 'EStringToStringMapEntry', 'attributes': {'id': '_axcu9d6tEei97MD7GK1RmA', 'key':'ocl','value':'containmentFeature.oclIsUndefined() or containmentFeature.eReferenceType.isSuperTypeOf(domainMetaElement)'}}" 
},{
	 "id": "35", 
	 "label": "{'changeType': 'Add', 'type': 'object', 'className': 'EAnnotation', 'attributes': {'id': '_axcu9N6tEei97MD7GK1RmA', 'source':'http://www.eclipse.org/gmf/2005/constraints','details':['org.eclipse.emf.ecore.impl.EStringToStringMapEntryImpl@2e9cec06 (key: ocl, value: containmentFeature.oclIsUndefined() or containmentFeature.eReferenceType.isSuperTypeOf(domainMetaElement))'],'eModelElement':'containmentFeature'}}" 
},{
	 "id": "36", 
	 "label": "{'changeType': 'Delete', 'type': 'object', 'className': 'EStringToStringMapEntry', 'attributes': {'id': '_au4jC96tEei97MD7GK1RmA', 'key':'ocl','value':'oclIsUndefined(containmentFeature) or (not oclIsUndefined(domainMetaElement) and domainMetaElement.eAllReferences->includes(containmentFeature))'}}" 
},{
	 "id": "37", 
	 "label": "{'changeType': 'Delete', 'type': 'object', 'className': 'EAnnotation', 'attributes': {'id': '_au4jCt6tEei97MD7GK1RmA', 'source':'http://www.eclipse.org/gmf/2005/constraints','details':['org.eclipse.emf.ecore.impl.EStringToStringMapEntryImpl@54b26c42 (key: ocl, value: oclIsUndefined(containmentFeature) or (not oclIsUndefined(domainMetaElement) and domainMetaElement.eAllReferences->includes(containmentFeature)))'],'eModelElement':'containmentFeature'}}" 
},{
	 "id": "38", 
	 "label": "{'changeType': 'Preserve', 'type': 'object', 'className': 'EReference', 'attributes': {'id': '_au4jCd6tEei97MD7GK1RmA', 'eAnnotations':['org.eclipse.emf.ecore.impl.EAnnotationImpl@1c369c3a (source: http://www.eclipse.org/gmf/2005/constraints)'],'name':'containmentFeature','ordered':'true','unique':'true','lowerBound':'0','upperBound':'1','many':'false','required':'false','eType':'EReference','eGenericType':'org.eclipse.emf.ecore.impl.EGenericTypeImpl@342b11e2 (expression: EReference)','changeable':'true','volatile':'false','transient':'false','unsettable':'false','derived':'false','eContainingClass':'LinkMapping','containment':'false','container':'false','resolveProxies':'true','eReferenceType':'EReference'}}" 
},{
	 "id": "39", 
	 "label": "{'changeType': 'Add', 'type': 'object', 'className': 'EStringToStringMapEntry', 'attributes': {'id': '_axcu-d6tEei97MD7GK1RmA', 'key':'ocl','value':'labelEditFeature.oclIsUndefined() or labelEditFeature.eContainingClass.isSuperTypeOf(domainMetaElement)'}}" 
},{
	 "id": "40", 
	 "label": "{'changeType': 'Add', 'type': 'object', 'className': 'EAnnotation', 'attributes': {'id': '_axcu-N6tEei97MD7GK1RmA', 'source':'http://www.eclipse.org/gmf/2005/constraints','details':['org.eclipse.emf.ecore.impl.EStringToStringMapEntryImpl@2eb6be04 (key: ocl, value: labelEditFeature.oclIsUndefined() or labelEditFeature.eContainingClass.isSuperTypeOf(domainMetaElement))'],'eModelElement':'labelEditFeature'}}" 
},{
	 "id": "41", 
	 "label": "{'changeType': 'Preserve', 'type': 'object', 'className': 'EReference', 'attributes': {'id': '_au4jDd6tEei97MD7GK1RmA', 'name':'labelEditFeature','ordered':'true','unique':'true','lowerBound':'0','upperBound':'1','many':'false','required':'false','eType':'EAttribute','eGenericType':'org.eclipse.emf.ecore.impl.EGenericTypeImpl@79452b4a (expression: EAttribute)','changeable':'true','volatile':'false','transient':'false','unsettable':'false','derived':'false','eContainingClass':'LinkMapping','containment':'false','container':'false','resolveProxies':'true','eReferenceType':'EAttribute'}}" 
},{
	 "id": "42", 
	 "label": "{'changeType': 'Add', 'type': 'object', 'className': 'EStringToStringMapEntry', 'attributes': {'id': '_axcu_96tEei97MD7GK1RmA', 'key':'ocl','value':'labelDisplayFeature.oclIsUndefined() or labelDisplayFeature.eContainingClass.isSuperTypeOf(domainMetaElement)'}}" 
},{
	 "id": "43", 
	 "label": "{'changeType': 'Add', 'type': 'object', 'className': 'EAnnotation', 'attributes': {'id': '_axcu_t6tEei97MD7GK1RmA', 'source':'http://www.eclipse.org/gmf/2005/constraints','details':['org.eclipse.emf.ecore.impl.EStringToStringMapEntryImpl@62fa5899 (key: ocl, value: labelDisplayFeature.oclIsUndefined() or labelDisplayFeature.eContainingClass.isSuperTypeOf(domainMetaElement))'],'eModelElement':'labelDisplayFeature'}}" 
},{
	 "id": "44", 
	 "label": "{'changeType': 'Preserve', 'type': 'object', 'className': 'EReference', 'attributes': {'id': '_au4jD96tEei97MD7GK1RmA', 'eAnnotations':['org.eclipse.emf.ecore.impl.EAnnotationImpl@529a3a75 (source: http://www.eclipse.org/emf/2002/GenModel)'],'name':'labelDisplayFeature','ordered':'true','unique':'true','lowerBound':'0','upperBound':'1','many':'false','required':'false','eType':'EAttribute','eGenericType':'org.eclipse.emf.ecore.impl.EGenericTypeImpl@63bc6b0 (expression: EAttribute)','changeable':'true','volatile':'false','transient':'false','unsettable':'false','derived':'false','eContainingClass':'LinkMapping','containment':'false','container':'false','resolveProxies':'true','eReferenceType':'EAttribute'}}" 
},{
	 "id": "45", 
	 "label": "{'changeType': 'Add', 'type': 'object', 'className': 'EStringToStringMapEntry', 'attributes': {'id': '_axcvA96tEei97MD7GK1RmA', 'key':'ocl','value':'domainMetaElement.oclIsUndefined() or linkMetaFeature.eContainingClass.isSuperTypeOf(domainMetaElement)'}}" 
},{
	 "id": "46", 
	 "label": "{'changeType': 'Add', 'type': 'object', 'className': 'EAnnotation', 'attributes': {'id': '_axcvAt6tEei97MD7GK1RmA', 'source':'http://www.eclipse.org/gmf/2005/constraints','details':['org.eclipse.emf.ecore.impl.EStringToStringMapEntryImpl@1f7469e4 (key: ocl, value: domainMetaElement.oclIsUndefined() or linkMetaFeature.eContainingClass.isSuperTypeOf(domainMetaElement))'],'eModelElement':'linkMetaFeature'}}" 
},{
	 "id": "47", 
	 "label": "{'changeType': 'Preserve', 'type': 'object', 'className': 'EReference', 'attributes': {'id': '_au4jE96tEei97MD7GK1RmA', 'name':'linkMetaFeature','ordered':'true','unique':'true','lowerBound':'1','upperBound':'1','many':'false','required':'true','eType':'EStructuralFeature','eGenericType':'org.eclipse.emf.ecore.impl.EGenericTypeImpl@2fcbe034 (expression: EStructuralFeature)','changeable':'true','volatile':'false','transient':'false','unsettable':'false','derived':'false','eContainingClass':'LinkMapping','containment':'false','container':'false','resolveProxies':'true','eReferenceType':'EStructuralFeature'}}" 
},{
	 "id": "48", 
	 "label": "{'changeType': 'Add', 'type': 'object', 'className': 'EStringToStringMapEntry', 'attributes': {'id': '_axcvEt6tEei97MD7GK1RmA', 'key':'txt','value':'body->evaluate() instanceof Boolean'}}" 
},{
	 "id": "49", 
	 "label": "{'changeType': 'Add', 'type': 'object', 'className': 'EAnnotation', 'attributes': {'id': '_axcvEd6tEei97MD7GK1RmA', 'source':'http://www.eclipse.org/gmf/2005/constraints','details':['org.eclipse.emf.ecore.impl.EStringToStringMapEntryImpl@62613b65 (key: txt, value: body->evaluate() instanceof Boolean)'],'eModelElement':'Constraint'}}" 
},{
	 "id": "50", 
	 "label": "{'changeType': 'Delete', 'type': 'object', 'className': 'EStringToStringMapEntry', 'attributes': {'id': '_avoKCN6tEei97MD7GK1RmA', 'key':'ocl','value':'body->evaluate() instanceof Boolean'}}" 
},{
	 "id": "51", 
	 "label": "{'changeType': 'Delete', 'type': 'object', 'className': 'EAnnotation', 'attributes': {'id': '_avoKB96tEei97MD7GK1RmA', 'source':'http://www.eclipse.org/gmf/2005/constraints','details':['org.eclipse.emf.ecore.impl.EStringToStringMapEntryImpl@547d5add (key: ocl, value: body->evaluate() instanceof Boolean)'],'eModelElement':'Constraint'}}" 
},{
	 "id": "52", 
	 "label": "{'changeType': 'Preserve', 'type': 'object', 'className': 'EClass', 'attributes': {'id': '_avoKBt6tEei97MD7GK1RmA', 'eAnnotations':['org.eclipse.emf.ecore.impl.EAnnotationImpl@146a0af0 (source: http://www.eclipse.org/gmf/2005/constraints)','org.eclipse.emf.ecore.impl.EAnnotationImpl@486799bd (source: http://www.eclipse.org/emf/2002/GenModel)'],'name':'Constraint','ePackage':'mappings','abstract':'false','interface':'false','eGenericSuperTypes':['org.eclipse.emf.ecore.impl.EGenericTypeImpl@42aa50eb (expression: ValueExpression)']}}" 
},{
	 "id": "53", 
	 "label": "{'changeType': 'Add', 'type': 'object', 'className': 'EStringToStringMapEntry', 'attributes': {'id': '_axcvLt6tEei97MD7GK1RmA', 'key':'documentation','value':'Denotes the feature for which this value expression is specified. Its containing EClass is the context for evaluation.'}}" 
},{
	 "id": "54", 
	 "label": "{'changeType': 'Add', 'type': 'object', 'className': 'EAnnotation', 'attributes': {'id': '_axcvLd6tEei97MD7GK1RmA', 'source':'http://www.eclipse.org/emf/2002/GenModel','details':['org.eclipse.emf.ecore.impl.EStringToStringMapEntryImpl@5cf731a8 (key: documentation, value: Denotes the feature for which this value expression is specified. Its containing EClass is the context for evaluation.)'],'eModelElement':'feature'}}" 
},{
	 "id": "55", 
	 "label": "{'changeType': 'Delete', 'type': 'object', 'className': 'EStringToStringMapEntry', 'attributes': {'id': '_av7FHd6tEei97MD7GK1RmA', 'key':'documentation','value':'Denotes the feature for which this value expression is specified. Its containing eClass is the context for evaluation.'}}" 
},{
	 "id": "56", 
	 "label": "{'changeType': 'Delete', 'type': 'object', 'className': 'EAnnotation', 'attributes': {'id': '_av7FHN6tEei97MD7GK1RmA', 'source':'http://www.eclipse.org/emf/2002/GenModel','details':['org.eclipse.emf.ecore.impl.EStringToStringMapEntryImpl@14481d1d (key: documentation, value: Denotes the feature for which this value expression is specified. Its containing eClass is the context for evaluation.)'],'eModelElement':'feature'}}" 
},{
	 "id": "57", 
	 "label": "{'changeType': 'Preserve', 'type': 'object', 'className': 'EReference', 'attributes': {'id': '_av7FG96tEei97MD7GK1RmA', 'eAnnotations':['org.eclipse.emf.ecore.impl.EAnnotationImpl@2ffdb142 (source: http://www.eclipse.org/emf/2002/GenModel)'],'name':'feature','ordered':'true','unique':'true','lowerBound':'1','upperBound':'1','many':'false','required':'true','eType':'EStructuralFeature','eGenericType':'org.eclipse.emf.ecore.impl.EGenericTypeImpl@5235dcbc (expression: EStructuralFeature)','changeable':'true','volatile':'false','transient':'false','unsettable':'false','derived':'false','eContainingClass':'FeatureValueSpec','containment':'false','container':'false','resolveProxies':'true','eReferenceType':'EStructuralFeature'}}" 
},{
	 "id": "58", 
	 "label": "{'changeType': 'Preserve', 'type': 'object', 'className': 'EPackage', 'attributes': {'id': '_au4i4d6tEei97MD7GK1RmA', 'name':'mappings','nsURI':'http://www.eclipse.org/gmf/2005/mappings','nsPrefix':'gmfmap','eFactoryInstance':'org.eclipse.emf.ecore.impl.EFactoryImpl@49fdf2cc','eClassifiers':['MappingEntry','NodeMapping','ChildNodeMapping','LinkMapping','CanvasMapping','Mapping','Constraint','ValueExpression','ElementInitializer','FeatureSeqInitializer','FeatureValueSpec']}}" 
},{
	 "id": "59", 
	 "label": "{'changeType': 'Preserve', 'type': 'object', 'className': 'EClass', 'attributes': {'id': '_au4i4t6tEei97MD7GK1RmA', 'eAnnotations':['org.eclipse.emf.ecore.impl.EAnnotationImpl@39456ccc (source: http://www.eclipse.org/emf/2004/EmfaticAnnotationMap)'],'name':'MappingEntry','ePackage':'mappings','abstract':'true','interface':'false'}}" 
},{
	 "id": "60", 
	 "label": "{'changeType': 'Preserve', 'type': 'object', 'className': 'EAnnotation', 'attributes': {'id': '_au4i496tEei97MD7GK1RmA', 'source':'http://www.eclipse.org/emf/2004/EmfaticAnnotationMap','details':['org.eclipse.emf.ecore.impl.EStringToStringMapEntryImpl@222e74c3 (key: constraints, value: http://www.eclipse.org/gmf/2005/constraints)'],'eModelElement':'MappingEntry'}}" 
},{
	 "id": "61", 
	 "label": "{'changeType': 'Preserve', 'type': 'object', 'className': 'EStringToStringMapEntry', 'attributes': {'id': '_au4i5N6tEei97MD7GK1RmA', 'key':'constraints','value':'http://www.eclipse.org/gmf/2005/constraints'}}" 
},{
	 "id": "62", 
	 "label": "{'changeType': 'Preserve', 'type': 'object', 'className': 'EClass', 'attributes': {'id': '_au4i5d6tEei97MD7GK1RmA', 'name':'NodeMapping','ePackage':'mappings','abstract':'false','interface':'false','eStructuralFeatures':['diagramNode','domainMetaElement','domainSpecialization','domainInitializer','containmentFeature','editFeature','childMappings'],'eGenericSuperTypes':['org.eclipse.emf.ecore.impl.EGenericTypeImpl@89c22c8 (expression: MappingEntry)']}}" 
},{
	 "id": "63", 
	 "label": "{'changeType': 'Preserve', 'type': 'object', 'className': 'EReference', 'attributes': {'id': '_au4i5t6tEei97MD7GK1RmA', 'name':'diagramNode','ordered':'true','unique':'true','lowerBound':'1','upperBound':'1','many':'false','required':'true','eType':'Node','eGenericType':'org.eclipse.emf.ecore.impl.EGenericTypeImpl@4bf4ebe1 (expression: Node)','changeable':'true','volatile':'false','transient':'false','unsettable':'false','derived':'false','eContainingClass':'NodeMapping','containment':'false','container':'false','resolveProxies':'true','eReferenceType':'Node'}}" 
},{
	 "id": "64", 
	 "label": "{'changeType': 'Preserve', 'type': 'object', 'className': 'EReference', 'attributes': {'id': '_au4i6N6tEei97MD7GK1RmA', 'name':'domainMetaElement','ordered':'true','unique':'true','lowerBound':'1','upperBound':'1','many':'false','required':'true','eType':'EClass','eGenericType':'org.eclipse.emf.ecore.impl.EGenericTypeImpl@5414d77a (expression: EClass)','changeable':'true','volatile':'false','transient':'false','unsettable':'false','derived':'false','eContainingClass':'NodeMapping','containment':'false','container':'false','resolveProxies':'true','eReferenceType':'EClass'}}" 
},{
	 "id": "65", 
	 "label": "{'changeType': 'Preserve', 'type': 'object', 'className': 'EReference', 'attributes': {'id': '_avoJyd6tEei97MD7GK1RmA', 'eAnnotations':['org.eclipse.emf.ecore.impl.EAnnotationImpl@4a6c88e0 (source: http://www.eclipse.org/emf/2002/GenModel)'],'name':'domainSpecialization','ordered':'true','unique':'true','lowerBound':'0','upperBound':'1','many':'false','required':'false','eType':'Constraint','eGenericType':'org.eclipse.emf.ecore.impl.EGenericTypeImpl@5fec8108 (expression: Constraint)','changeable':'true','volatile':'false','transient':'false','unsettable':'false','derived':'false','eContainingClass':'NodeMapping','containment':'true','container':'false','resolveProxies':'true','eReferenceType':'Constraint'}}" 
},{
	 "id": "66", 
	 "label": "{'changeType': 'Preserve', 'type': 'object', 'className': 'EAnnotation', 'attributes': {'id': '_avoJyt6tEei97MD7GK1RmA', 'source':'http://www.eclipse.org/emf/2002/GenModel','details':['org.eclipse.emf.ecore.impl.EStringToStringMapEntryImpl@4e5ced1b (key: documentation, value: Specializes further the domain meta element EClass associated with this mapping and should be evaluated in this EClass context)'],'eModelElement':'domainSpecialization'}}" 
},{
	 "id": "67", 
	 "label": "{'changeType': 'Preserve', 'type': 'object', 'className': 'EStringToStringMapEntry', 'attributes': {'id': '_avoJy96tEei97MD7GK1RmA', 'key':'documentation','value':'Specializes further the domain meta element EClass associated with this mapping and should be evaluated in this EClass context'}}" 
},{
	 "id": "68", 
	 "label": "{'changeType': 'Preserve', 'type': 'object', 'className': 'EAnnotation', 'attributes': {'id': '_av7Evd6tEei97MD7GK1RmA', 'source':'http://www.eclipse.org/emf/2002/GenModel','details':['org.eclipse.emf.ecore.impl.EStringToStringMapEntryImpl@6af69680 (key: documentation, value: Initializer for the domain model element associated with mapping)'],'eModelElement':'domainInitializer'}}" 
},{
	 "id": "69", 
	 "label": "{'changeType': 'Preserve', 'type': 'object', 'className': 'EStringToStringMapEntry', 'attributes': {'id': '_av7Evt6tEei97MD7GK1RmA', 'key':'documentation','value':'Initializer for the domain model element associated with mapping'}}" 
},{
	 "id": "70", 
	 "label": "{'changeType': 'Preserve', 'type': 'object', 'className': 'EReference', 'attributes': {'id': '_au4i8t6tEei97MD7GK1RmA', 'name':'childMappings','ordered':'true','unique':'true','lowerBound':'0','upperBound':'-1','many':'true','required':'false','eType':'ChildNodeMapping','eGenericType':'org.eclipse.emf.ecore.impl.EGenericTypeImpl@492d1a55 (expression: ChildNodeMapping)','changeable':'true','volatile':'false','transient':'false','unsettable':'false','derived':'false','eContainingClass':'NodeMapping','containment':'true','container':'false','resolveProxies':'true','eReferenceType':'ChildNodeMapping'}}" 
},{
	 "id": "71", 
	 "label": "{'changeType': 'Preserve', 'type': 'object', 'className': 'EReference', 'attributes': {'id': '_au4i-N6tEei97MD7GK1RmA', 'name':'diagramNode','ordered':'true','unique':'true','lowerBound':'1','upperBound':'1','many':'false','required':'true','eType':'Node','eGenericType':'org.eclipse.emf.ecore.impl.EGenericTypeImpl@7fdefab9 (expression: Node)','changeable':'true','volatile':'false','transient':'false','unsettable':'false','derived':'false','eContainingClass':'ChildNodeMapping','containment':'false','container':'false','resolveProxies':'true','eReferenceType':'Node'}}" 
},{
	 "id": "72", 
	 "label": "{'changeType': 'Preserve', 'type': 'object', 'className': 'EReference', 'attributes': {'id': '_avLd9d6tEei97MD7GK1RmA', 'name':'domainMetaElement','ordered':'true','unique':'true','lowerBound':'0','upperBound':'1','many':'false','required':'false','eType':'EClass','eGenericType':'org.eclipse.emf.ecore.impl.EGenericTypeImpl@1bc61f94 (expression: EClass)','changeable':'true','volatile':'false','transient':'false','unsettable':'false','derived':'false','eContainingClass':'ChildNodeMapping','containment':'false','container':'false','resolveProxies':'true','eReferenceType':'EClass'}}" 
},{
	 "id": "73", 
	 "label": "{'changeType': 'Preserve', 'type': 'object', 'className': 'EReference', 'attributes': {'id': '_avoJ5N6tEei97MD7GK1RmA', 'eAnnotations':['org.eclipse.emf.ecore.impl.EAnnotationImpl@4d93e00c (source: http://www.eclipse.org/emf/2002/GenModel)'],'name':'domainSpecialization','ordered':'true','unique':'true','lowerBound':'0','upperBound':'1','many':'false','required':'false','eType':'Constraint','eGenericType':'org.eclipse.emf.ecore.impl.EGenericTypeImpl@3501eff0 (expression: Constraint)','changeable':'true','volatile':'false','transient':'false','unsettable':'false','derived':'false','eContainingClass':'ChildNodeMapping','containment':'true','container':'false','resolveProxies':'true','eReferenceType':'Constraint'}}" 
},{
	 "id": "74", 
	 "label": "{'changeType': 'Preserve', 'type': 'object', 'className': 'EAnnotation', 'attributes': {'id': '_avoJ5d6tEei97MD7GK1RmA', 'source':'http://www.eclipse.org/emf/2002/GenModel','details':['org.eclipse.emf.ecore.impl.EStringToStringMapEntryImpl@27af904b (key: documentation, value: Specializes further the domain meta element EClass associated with this mapping and should be evaluated in this EClass context)'],'eModelElement':'domainSpecialization'}}" 
},{
	 "id": "75", 
	 "label": "{'changeType': 'Preserve', 'type': 'object', 'className': 'EStringToStringMapEntry', 'attributes': {'id': '_avoJ5t6tEei97MD7GK1RmA', 'key':'documentation','value':'Specializes further the domain meta element EClass associated with this mapping and should be evaluated in this EClass context'}}" 
},{
	 "id": "76", 
	 "label": "{'changeType': 'Preserve', 'type': 'object', 'className': 'EAnnotation', 'attributes': {'id': '_av7E296tEei97MD7GK1RmA', 'source':'http://www.eclipse.org/emf/2002/GenModel','details':['org.eclipse.emf.ecore.impl.EStringToStringMapEntryImpl@8aeeefb (key: documentation, value: Initializer for the domain model element associated with mapping)'],'eModelElement':'domainInitializer'}}" 
},{
	 "id": "77", 
	 "label": "{'changeType': 'Preserve', 'type': 'object', 'className': 'EStringToStringMapEntry', 'attributes': {'id': '_av7E3N6tEei97MD7GK1RmA', 'key':'documentation','value':'Initializer for the domain model element associated with mapping'}}" 
},{
	 "id": "78", 
	 "label": "{'changeType': 'Preserve', 'type': 'object', 'className': 'EClass', 'attributes': {'id': '_au4jBN6tEei97MD7GK1RmA', 'name':'LinkMapping','ePackage':'mappings','abstract':'false','interface':'false','eStructuralFeatures':['diagramLink','domainMetaElement','domainSpecialization','domainInitializer','containmentFeature','labelEditFeature','labelDisplayFeature','linkMetaFeature'],'eGenericSuperTypes':['org.eclipse.emf.ecore.impl.EGenericTypeImpl@2f168b3a (expression: MappingEntry)']}}" 
},{
	 "id": "79", 
	 "label": "{'changeType': 'Preserve', 'type': 'object', 'className': 'EReference', 'attributes': {'id': '_au4jBd6tEei97MD7GK1RmA', 'name':'diagramLink','ordered':'true','unique':'true','lowerBound':'1','upperBound':'1','many':'false','required':'true','eType':'Connection','eGenericType':'org.eclipse.emf.ecore.impl.EGenericTypeImpl@75cb1844 (expression: Connection)','changeable':'true','volatile':'false','transient':'false','unsettable':'false','derived':'false','eContainingClass':'LinkMapping','containment':'false','container':'false','resolveProxies':'true','eReferenceType':'Connection'}}" 
},{
	 "id": "80", 
	 "label": "{'changeType': 'Preserve', 'type': 'object', 'className': 'EReference', 'attributes': {'id': '_au4jB96tEei97MD7GK1RmA', 'name':'domainMetaElement','ordered':'true','unique':'true','lowerBound':'0','upperBound':'1','many':'false','required':'false','eType':'EClass','eGenericType':'org.eclipse.emf.ecore.impl.EGenericTypeImpl@7d077759 (expression: EClass)','changeable':'true','volatile':'false','transient':'false','unsettable':'false','derived':'false','eContainingClass':'LinkMapping','containment':'false','container':'false','resolveProxies':'true','eReferenceType':'EClass'}}" 
},{
	 "id": "81", 
	 "label": "{'changeType': 'Preserve', 'type': 'object', 'className': 'EReference', 'attributes': {'id': '_avoJ7N6tEei97MD7GK1RmA', 'eAnnotations':['org.eclipse.emf.ecore.impl.EAnnotationImpl@351dc710 (source: http://www.eclipse.org/emf/2002/GenModel)'],'name':'domainSpecialization','ordered':'true','unique':'true','lowerBound':'0','upperBound':'1','many':'false','required':'false','eType':'Constraint','eGenericType':'org.eclipse.emf.ecore.impl.EGenericTypeImpl@59b018b8 (expression: Constraint)','changeable':'true','volatile':'false','transient':'false','unsettable':'false','derived':'false','eContainingClass':'LinkMapping','containment':'true','container':'false','resolveProxies':'true','eReferenceType':'Constraint'}}" 
},{
	 "id": "82", 
	 "label": "{'changeType': 'Preserve', 'type': 'object', 'className': 'EAnnotation', 'attributes': {'id': '_avoJ7d6tEei97MD7GK1RmA', 'source':'http://www.eclipse.org/emf/2002/GenModel','details':['org.eclipse.emf.ecore.impl.EStringToStringMapEntryImpl@484c122e (key: documentation, value: Specializes further the domain meta element EClass associated with this mapping and should be evaluated in this EClass context)'],'eModelElement':'domainSpecialization'}}" 
},{
	 "id": "83", 
	 "label": "{'changeType': 'Preserve', 'type': 'object', 'className': 'EStringToStringMapEntry', 'attributes': {'id': '_avoJ7t6tEei97MD7GK1RmA', 'key':'documentation','value':'Specializes further the domain meta element EClass associated with this mapping and should be evaluated in this EClass context'}}" 
},{
	 "id": "84", 
	 "label": "{'changeType': 'Preserve', 'type': 'object', 'className': 'EAnnotation', 'attributes': {'id': '_av7E5t6tEei97MD7GK1RmA', 'source':'http://www.eclipse.org/emf/2002/GenModel','details':['org.eclipse.emf.ecore.impl.EStringToStringMapEntryImpl@28c4eb8 (key: documentation, value: Initializer for the domain model element associated with mapping)'],'eModelElement':'domainInitializer'}}" 
},{
	 "id": "85", 
	 "label": "{'changeType': 'Preserve', 'type': 'object', 'className': 'EStringToStringMapEntry', 'attributes': {'id': '_av7E596tEei97MD7GK1RmA', 'key':'documentation','value':'Initializer for the domain model element associated with mapping'}}" 
},{
	 "id": "86", 
	 "label": "{'changeType': 'Preserve', 'type': 'object', 'className': 'EAnnotation', 'attributes': {'id': '_au4jEN6tEei97MD7GK1RmA', 'source':'http://www.eclipse.org/emf/2002/GenModel','details':['org.eclipse.emf.ecore.impl.EStringToStringMapEntryImpl@56f4b85f (key: documentation, value: By default, same as editFeature, once latter is set)'],'eModelElement':'labelDisplayFeature'}}" 
},{
	 "id": "87", 
	 "label": "{'changeType': 'Preserve', 'type': 'object', 'className': 'EStringToStringMapEntry', 'attributes': {'id': '_au4jEd6tEei97MD7GK1RmA', 'key':'documentation','value':'By default, same as editFeature, once latter is set'}}" 
},{
	 "id": "88", 
	 "label": "{'changeType': 'Preserve', 'type': 'object', 'className': 'EClass', 'attributes': {'id': '_au4jFd6tEei97MD7GK1RmA', 'name':'CanvasMapping','ePackage':'mappings','abstract':'false','interface':'false','eStructuralFeatures':['diagramCanvas','domainModel','domainMetaElement'],'eGenericSuperTypes':['org.eclipse.emf.ecore.impl.EGenericTypeImpl@458d0b5 (expression: MappingEntry)']}}" 
},{
	 "id": "89", 
	 "label": "{'changeType': 'Preserve', 'type': 'object', 'className': 'EReference', 'attributes': {'id': '_au4jFt6tEei97MD7GK1RmA', 'name':'diagramCanvas','ordered':'true','unique':'true','lowerBound':'1','upperBound':'1','many':'false','required':'true','eType':'Canvas','eGenericType':'org.eclipse.emf.ecore.impl.EGenericTypeImpl@51348b9e (expression: Canvas)','changeable':'true','volatile':'false','transient':'false','unsettable':'false','derived':'false','eContainingClass':'CanvasMapping','containment':'false','container':'false','resolveProxies':'true','eReferenceType':'Canvas'}}" 
},{
	 "id": "90", 
	 "label": "{'changeType': 'Preserve', 'type': 'object', 'className': 'EReference', 'attributes': {'id': '_au4jGN6tEei97MD7GK1RmA', 'name':'domainModel','ordered':'true','unique':'true','lowerBound':'0','upperBound':'1','many':'false','required':'false','eType':'EPackage','eGenericType':'org.eclipse.emf.ecore.impl.EGenericTypeImpl@3b933885 (expression: EPackage)','changeable':'true','volatile':'false','transient':'false','unsettable':'false','derived':'false','eContainingClass':'CanvasMapping','containment':'false','container':'false','resolveProxies':'true','eReferenceType':'EPackage'}}" 
},{
	 "id": "91", 
	 "label": "{'changeType': 'Preserve', 'type': 'object', 'className': 'EReference', 'attributes': {'id': '_au4jGt6tEei97MD7GK1RmA', 'name':'domainMetaElement','ordered':'true','unique':'true','lowerBound':'0','upperBound':'1','many':'false','required':'false','eType':'EClass','eGenericType':'org.eclipse.emf.ecore.impl.EGenericTypeImpl@1fff5c58 (expression: EClass)','changeable':'true','volatile':'false','transient':'false','unsettable':'false','derived':'false','eContainingClass':'CanvasMapping','containment':'false','container':'false','resolveProxies':'true','eReferenceType':'EClass'}}" 
},{
	 "id": "92", 
	 "label": "{'changeType': 'Preserve', 'type': 'object', 'className': 'EClass', 'attributes': {'id': '_au4jHN6tEei97MD7GK1RmA', 'name':'Mapping','ePackage':'mappings','abstract':'false','interface':'false','eStructuralFeatures':['nodes','links','diagram']}}" 
},{
	 "id": "93", 
	 "label": "{'changeType': 'Preserve', 'type': 'object', 'className': 'EReference', 'attributes': {'id': '_au4jHd6tEei97MD7GK1RmA', 'name':'nodes','ordered':'true','unique':'true','lowerBound':'1','upperBound':'-1','many':'true','required':'true','eType':'NodeMapping','eGenericType':'org.eclipse.emf.ecore.impl.EGenericTypeImpl@5885e6e4 (expression: NodeMapping)','changeable':'true','volatile':'false','transient':'false','unsettable':'false','derived':'false','eContainingClass':'Mapping','containment':'true','container':'false','resolveProxies':'false','eReferenceType':'NodeMapping'}}" 
},{
	 "id": "94", 
	 "label": "{'changeType': 'Preserve', 'type': 'object', 'className': 'EReference', 'attributes': {'id': '_au4jHt6tEei97MD7GK1RmA', 'name':'links','ordered':'true','unique':'true','lowerBound':'0','upperBound':'-1','many':'true','required':'false','eType':'LinkMapping','eGenericType':'org.eclipse.emf.ecore.impl.EGenericTypeImpl@57baec31 (expression: LinkMapping)','changeable':'true','volatile':'false','transient':'false','unsettable':'false','derived':'false','eContainingClass':'Mapping','containment':'true','container':'false','resolveProxies':'false','eReferenceType':'LinkMapping'}}" 
},{
	 "id": "95", 
	 "label": "{'changeType': 'Preserve', 'type': 'object', 'className': 'EReference', 'attributes': {'id': '_au4jH96tEei97MD7GK1RmA', 'name':'diagram','ordered':'true','unique':'true','lowerBound':'1','upperBound':'1','many':'false','required':'true','eType':'CanvasMapping','eGenericType':'org.eclipse.emf.ecore.impl.EGenericTypeImpl@427bdfb0 (expression: CanvasMapping)','changeable':'true','volatile':'false','transient':'false','unsettable':'false','derived':'false','eContainingClass':'Mapping','containment':'true','container':'false','resolveProxies':'false','eReferenceType':'CanvasMapping'}}" 
},{
	 "id": "96", 
	 "label": "{'changeType': 'Preserve', 'type': 'object', 'className': 'EAnnotation', 'attributes': {'id': '_avoKCd6tEei97MD7GK1RmA', 'source':'http://www.eclipse.org/emf/2002/GenModel','details':['org.eclipse.emf.ecore.impl.EStringToStringMapEntryImpl@5176272d (key: documentation, value: Boolean type value expression which is to be evaluated in a context)'],'eModelElement':'Constraint'}}" 
},{
	 "id": "97", 
	 "label": "{'changeType': 'Preserve', 'type': 'object', 'className': 'EStringToStringMapEntry', 'attributes': {'id': '_avoKCt6tEei97MD7GK1RmA', 'key':'documentation','value':'Boolean type value expression which is to be evaluated in a context'}}" 
},{
	 "id": "98", 
	 "label": "{'changeType': 'Preserve', 'type': 'object', 'className': 'EClass', 'attributes': {'id': '_avoKC96tEei97MD7GK1RmA', 'eAnnotations':['org.eclipse.emf.ecore.impl.EAnnotationImpl@2b9a81b7 (source: http://www.eclipse.org/emf/2002/GenModel)'],'name':'ValueExpression','ePackage':'mappings','abstract':'false','interface':'false','eStructuralFeatures':['body','language']}}" 
},{
	 "id": "99", 
	 "label": "{'changeType': 'Preserve', 'type': 'object', 'className': 'EAnnotation', 'attributes': {'id': '_avoKDN6tEei97MD7GK1RmA', 'source':'http://www.eclipse.org/emf/2002/GenModel','details':['org.eclipse.emf.ecore.impl.EStringToStringMapEntryImpl@5f445f08 (key: documentation, value: Expression as a textual statement which results in a value when evaluated in a context)'],'eModelElement':'ValueExpression'}}" 
},{
	 "id": "100", 
	 "label": "{'changeType': 'Preserve', 'type': 'object', 'className': 'EStringToStringMapEntry', 'attributes': {'id': '_avoKDd6tEei97MD7GK1RmA', 'key':'documentation','value':'Expression as a textual statement which results in a value when evaluated in a context'}}" 
},{
	 "id": "101", 
	 "label": "{'changeType': 'Preserve', 'type': 'object', 'className': 'EAttribute', 'attributes': {'id': '_avoKDt6tEei97MD7GK1RmA', 'eAnnotations':['org.eclipse.emf.ecore.impl.EAnnotationImpl@565ecd54 (source: http://www.eclipse.org/emf/2002/GenModel)'],'name':'body','ordered':'true','unique':'true','lowerBound':'1','upperBound':'1','many':'false','required':'true','eType':'EString','eGenericType':'org.eclipse.emf.ecore.impl.EGenericTypeImpl@54f7df20 (expression: EString)','changeable':'true','volatile':'false','transient':'false','unsettable':'false','derived':'false','eContainingClass':'ValueExpression','iD':'false','eAttributeType':'EString'}}" 
},{
	 "id": "102", 
	 "label": "{'changeType': 'Preserve', 'type': 'object', 'className': 'EAnnotation', 'attributes': {'id': '_avoKD96tEei97MD7GK1RmA', 'source':'http://www.eclipse.org/emf/2002/GenModel','details':['org.eclipse.emf.ecore.impl.EStringToStringMapEntryImpl@29367911 (key: documentation, value: The text of the expression)'],'eModelElement':'body'}}" 
},{
	 "id": "103", 
	 "label": "{'changeType': 'Preserve', 'type': 'object', 'className': 'EStringToStringMapEntry', 'attributes': {'id': '_avoKEN6tEei97MD7GK1RmA', 'key':'documentation','value':'The text of the expression'}}" 
},{
	 "id": "104", 
	 "label": "{'changeType': 'Preserve', 'type': 'object', 'className': 'EAttribute', 'attributes': {'id': '_avoKEt6tEei97MD7GK1RmA', 'eAnnotations':['org.eclipse.emf.ecore.impl.EAnnotationImpl@1149916a (source: http://www.eclipse.org/emf/2002/GenModel)'],'name':'language','ordered':'true','unique':'true','lowerBound':'0','upperBound':'1','many':'false','required':'false','eType':'EString','eGenericType':'org.eclipse.emf.ecore.impl.EGenericTypeImpl@61c95c39 (expression: EString)','changeable':'true','volatile':'false','transient':'false','defaultValueLiteral':'ocl','defaultValue':'ocl','unsettable':'false','derived':'false','eContainingClass':'ValueExpression','iD':'false','eAttributeType':'EString'}}" 
},{
	 "id": "105", 
	 "label": "{'changeType': 'Preserve', 'type': 'object', 'className': 'EAnnotation', 'attributes': {'id': '_avoKE96tEei97MD7GK1RmA', 'source':'http://www.eclipse.org/emf/2002/GenModel','details':['org.eclipse.emf.ecore.impl.EStringToStringMapEntryImpl@b2d8ca3 (key: documentation, value: Specifies the language in which the expression is stated)'],'eModelElement':'language'}}" 
},{
	 "id": "106", 
	 "label": "{'changeType': 'Preserve', 'type': 'object', 'className': 'EStringToStringMapEntry', 'attributes': {'id': '_avoKFN6tEei97MD7GK1RmA', 'key':'documentation','value':'Specifies the language in which the expression is stated'}}" 
},{
	 "id": "107", 
	 "label": "{'changeType': 'Preserve', 'type': 'object', 'className': 'EClass', 'attributes': {'id': '_av7FD96tEei97MD7GK1RmA', 'eAnnotations':['org.eclipse.emf.ecore.impl.EAnnotationImpl@6327e40a (source: http://www.eclipse.org/emf/2002/GenModel)'],'name':'ElementInitializer','ePackage':'mappings','abstract':'false','interface':'true'}}" 
},{
	 "id": "108", 
	 "label": "{'changeType': 'Preserve', 'type': 'object', 'className': 'EAnnotation', 'attributes': {'id': '_av7FEN6tEei97MD7GK1RmA', 'source':'http://www.eclipse.org/emf/2002/GenModel','details':['org.eclipse.emf.ecore.impl.EStringToStringMapEntryImpl@4083459 (key: documentation, value: Base class for initializers of domain model elements)'],'eModelElement':'ElementInitializer'}}" 
},{
	 "id": "109", 
	 "label": "{'changeType': 'Preserve', 'type': 'object', 'className': 'EStringToStringMapEntry', 'attributes': {'id': '_av7FEd6tEei97MD7GK1RmA', 'key':'documentation','value':'Base class for initializers of domain model elements'}}" 
},{
	 "id": "110", 
	 "label": "{'changeType': 'Preserve', 'type': 'object', 'className': 'EClass', 'attributes': {'id': '_av7FEt6tEei97MD7GK1RmA', 'eAnnotations':['org.eclipse.emf.ecore.impl.EAnnotationImpl@a124f55 (source: http://www.eclipse.org/emf/2002/GenModel)'],'name':'FeatureSeqInitializer','ePackage':'mappings','abstract':'false','interface':'false','eStructuralFeatures':['initializers'],'eGenericSuperTypes':['org.eclipse.emf.ecore.impl.EGenericTypeImpl@5649e622 (expression: ElementInitializer)']}}" 
},{
	 "id": "111", 
	 "label": "{'changeType': 'Preserve', 'type': 'object', 'className': 'EAnnotation', 'attributes': {'id': '_av7FE96tEei97MD7GK1RmA', 'source':'http://www.eclipse.org/emf/2002/GenModel','details':['org.eclipse.emf.ecore.impl.EStringToStringMapEntryImpl@4ffd08b2 (key: documentation, value: Feature sequence initializer)'],'eModelElement':'FeatureSeqInitializer'}}" 
},{
	 "id": "112", 
	 "label": "{'changeType': 'Preserve', 'type': 'object', 'className': 'EStringToStringMapEntry', 'attributes': {'id': '_av7FFN6tEei97MD7GK1RmA', 'key':'documentation','value':'Feature sequence initializer'}}" 
},{
	 "id": "113", 
	 "label": "{'changeType': 'Preserve', 'type': 'object', 'className': 'EReference', 'attributes': {'id': '_av7FFd6tEei97MD7GK1RmA', 'eAnnotations':['org.eclipse.emf.ecore.impl.EAnnotationImpl@25277054 (source: http://www.eclipse.org/emf/2002/GenModel)'],'name':'initializers','ordered':'true','unique':'true','lowerBound':'1','upperBound':'-1','many':'true','required':'true','eType':'FeatureValueSpec','eGenericType':'org.eclipse.emf.ecore.impl.EGenericTypeImpl@3ae87623 (expression: FeatureValueSpec)','changeable':'true','volatile':'false','transient':'false','unsettable':'false','derived':'false','eContainingClass':'FeatureSeqInitializer','containment':'true','container':'false','resolveProxies':'true','eReferenceType':'FeatureValueSpec'}}" 
},{
	 "id": "114", 
	 "label": "{'changeType': 'Preserve', 'type': 'object', 'className': 'EAnnotation', 'attributes': {'id': '_av7FFt6tEei97MD7GK1RmA', 'source':'http://www.eclipse.org/emf/2002/GenModel','details':['org.eclipse.emf.ecore.impl.EStringToStringMapEntryImpl@3d57eb42 (key: documentation, value: Value specifications as initializers for individual features which should be initialized in the order given by this list)'],'eModelElement':'initializers'}}" 
},{
	 "id": "115", 
	 "label": "{'changeType': 'Preserve', 'type': 'object', 'className': 'EStringToStringMapEntry', 'attributes': {'id': '_av7FF96tEei97MD7GK1RmA', 'key':'documentation','value':'Value specifications as initializers for individual features which should be initialized in the order given by this list'}}" 
},{
	 "id": "116", 
	 "label": "{'changeType': 'Preserve', 'type': 'object', 'className': 'EClass', 'attributes': {'id': '_av7FGN6tEei97MD7GK1RmA', 'eAnnotations':['org.eclipse.emf.ecore.impl.EAnnotationImpl@ff69f07 (source: http://www.eclipse.org/emf/2002/GenModel)'],'name':'FeatureValueSpec','ePackage':'mappings','abstract':'false','interface':'false','eStructuralFeatures':['feature'],'eGenericSuperTypes':['org.eclipse.emf.ecore.impl.EGenericTypeImpl@11cdf8ba (expression: ValueExpression)']}}" 
},{
	 "id": "117", 
	 "label": "{'changeType': 'Preserve', 'type': 'object', 'className': 'EAnnotation', 'attributes': {'id': '_av7FGd6tEei97MD7GK1RmA', 'source':'http://www.eclipse.org/emf/2002/GenModel','details':['org.eclipse.emf.ecore.impl.EStringToStringMapEntryImpl@df96840 (key: documentation, value: Value specification associated with a specific feature)'],'eModelElement':'FeatureValueSpec'}}" 
},{
	 "id": "118", 
	 "label": "{'changeType': 'Preserve', 'type': 'object', 'className': 'EStringToStringMapEntry', 'attributes': {'id': '_av7FGt6tEei97MD7GK1RmA', 'key':'documentation','value':'Value specification associated with a specific feature'}}" 
}], 
 "links": [{
	 "source": "1", 
	 "target": "0", 
	 "label": "{'changeType': 'ADD', 'type': 'reference', 'referenceTypeName': 'details'}" 
},{
	 "source": "2", 
	 "target": "1", 
	 "label": "{'changeType': 'ADD', 'type': 'reference', 'referenceTypeName': 'eAnnotations'}" 
},{
	 "source": "1", 
	 "target": "2", 
	 "label": "{'changeType': 'ADD', 'type': 'reference', 'referenceTypeName': 'eModelElement'}" 
},{
	 "source": "4", 
	 "target": "3", 
	 "label": "{'changeType': 'ADD', 'type': 'reference', 'referenceTypeName': 'details'}" 
},{
	 "source": "6", 
	 "target": "5", 
	 "label": "{'changeType': 'DELETE', 'type': 'reference', 'referenceTypeName': 'details'}" 
},{
	 "source": "7", 
	 "target": "4", 
	 "label": "{'changeType': 'ADD', 'type': 'reference', 'referenceTypeName': 'eAnnotations'}" 
},{
	 "source": "4", 
	 "target": "7", 
	 "label": "{'changeType': 'ADD', 'type': 'reference', 'referenceTypeName': 'eModelElement'}" 
},{
	 "source": "7", 
	 "target": "6", 
	 "label": "{'changeType': 'DELETE', 'type': 'reference', 'referenceTypeName': 'eAnnotations'}" 
},{
	 "source": "6", 
	 "target": "7", 
	 "label": "{'changeType': 'DELETE', 'type': 'reference', 'referenceTypeName': 'eModelElement'}" 
},{
	 "source": "9", 
	 "target": "8", 
	 "label": "{'changeType': 'ADD', 'type': 'reference', 'referenceTypeName': 'details'}" 
},{
	 "source": "11", 
	 "target": "10", 
	 "label": "{'changeType': 'DELETE', 'type': 'reference', 'referenceTypeName': 'details'}" 
},{
	 "source": "12", 
	 "target": "9", 
	 "label": "{'changeType': 'ADD', 'type': 'reference', 'referenceTypeName': 'eAnnotations'}" 
},{
	 "source": "9", 
	 "target": "12", 
	 "label": "{'changeType': 'ADD', 'type': 'reference', 'referenceTypeName': 'eModelElement'}" 
},{
	 "source": "12", 
	 "target": "11", 
	 "label": "{'changeType': 'DELETE', 'type': 'reference', 'referenceTypeName': 'eAnnotations'}" 
},{
	 "source": "11", 
	 "target": "12", 
	 "label": "{'changeType': 'DELETE', 'type': 'reference', 'referenceTypeName': 'eModelElement'}" 
},{
	 "source": "14", 
	 "target": "13", 
	 "label": "{'changeType': 'ADD', 'type': 'reference', 'referenceTypeName': 'details'}" 
},{
	 "source": "16", 
	 "target": "15", 
	 "label": "{'changeType': 'DELETE', 'type': 'reference', 'referenceTypeName': 'details'}" 
},{
	 "source": "17", 
	 "target": "14", 
	 "label": "{'changeType': 'ADD', 'type': 'reference', 'referenceTypeName': 'eAnnotations'}" 
},{
	 "source": "14", 
	 "target": "17", 
	 "label": "{'changeType': 'ADD', 'type': 'reference', 'referenceTypeName': 'eModelElement'}" 
},{
	 "source": "17", 
	 "target": "16", 
	 "label": "{'changeType': 'DELETE', 'type': 'reference', 'referenceTypeName': 'eAnnotations'}" 
},{
	 "source": "16", 
	 "target": "17", 
	 "label": "{'changeType': 'DELETE', 'type': 'reference', 'referenceTypeName': 'eModelElement'}" 
},{
	 "source": "19", 
	 "target": "18", 
	 "label": "{'changeType': 'ADD', 'type': 'reference', 'referenceTypeName': 'details'}" 
},{
	 "source": "21", 
	 "target": "20", 
	 "label": "{'changeType': 'DELETE', 'type': 'reference', 'referenceTypeName': 'details'}" 
},{
	 "source": "22", 
	 "target": "19", 
	 "label": "{'changeType': 'ADD', 'type': 'reference', 'referenceTypeName': 'eAnnotations'}" 
},{
	 "source": "19", 
	 "target": "22", 
	 "label": "{'changeType': 'ADD', 'type': 'reference', 'referenceTypeName': 'eModelElement'}" 
},{
	 "source": "22", 
	 "target": "21", 
	 "label": "{'changeType': 'DELETE', 'type': 'reference', 'referenceTypeName': 'eAnnotations'}" 
},{
	 "source": "21", 
	 "target": "22", 
	 "label": "{'changeType': 'DELETE', 'type': 'reference', 'referenceTypeName': 'eModelElement'}" 
},{
	 "source": "24", 
	 "target": "23", 
	 "label": "{'changeType': 'ADD', 'type': 'reference', 'referenceTypeName': 'details'}" 
},{
	 "source": "25", 
	 "target": "24", 
	 "label": "{'changeType': 'ADD', 'type': 'reference', 'referenceTypeName': 'eAnnotations'}" 
},{
	 "source": "24", 
	 "target": "25", 
	 "label": "{'changeType': 'ADD', 'type': 'reference', 'referenceTypeName': 'eModelElement'}" 
},{
	 "source": "27", 
	 "target": "26", 
	 "label": "{'changeType': 'ADD', 'type': 'reference', 'referenceTypeName': 'details'}" 
},{
	 "source": "28", 
	 "target": "27", 
	 "label": "{'changeType': 'ADD', 'type': 'reference', 'referenceTypeName': 'eAnnotations'}" 
},{
	 "source": "27", 
	 "target": "28", 
	 "label": "{'changeType': 'ADD', 'type': 'reference', 'referenceTypeName': 'eModelElement'}" 
},{
	 "source": "30", 
	 "target": "29", 
	 "label": "{'changeType': 'ADD', 'type': 'reference', 'referenceTypeName': 'eStructuralFeatures'}" 
},{
	 "source": "29", 
	 "target": "30", 
	 "label": "{'changeType': 'ADD', 'type': 'reference', 'referenceTypeName': 'eContainingClass'}" 
},{
	 "source": "32", 
	 "target": "31", 
	 "label": "{'changeType': 'ADD', 'type': 'reference', 'referenceTypeName': 'details'}" 
},{
	 "source": "33", 
	 "target": "32", 
	 "label": "{'changeType': 'ADD', 'type': 'reference', 'referenceTypeName': 'eAnnotations'}" 
},{
	 "source": "32", 
	 "target": "33", 
	 "label": "{'changeType': 'ADD', 'type': 'reference', 'referenceTypeName': 'eModelElement'}" 
},{
	 "source": "35", 
	 "target": "34", 
	 "label": "{'changeType': 'ADD', 'type': 'reference', 'referenceTypeName': 'details'}" 
},{
	 "source": "37", 
	 "target": "36", 
	 "label": "{'changeType': 'DELETE', 'type': 'reference', 'referenceTypeName': 'details'}" 
},{
	 "source": "38", 
	 "target": "35", 
	 "label": "{'changeType': 'ADD', 'type': 'reference', 'referenceTypeName': 'eAnnotations'}" 
},{
	 "source": "35", 
	 "target": "38", 
	 "label": "{'changeType': 'ADD', 'type': 'reference', 'referenceTypeName': 'eModelElement'}" 
},{
	 "source": "38", 
	 "target": "37", 
	 "label": "{'changeType': 'DELETE', 'type': 'reference', 'referenceTypeName': 'eAnnotations'}" 
},{
	 "source": "37", 
	 "target": "38", 
	 "label": "{'changeType': 'DELETE', 'type': 'reference', 'referenceTypeName': 'eModelElement'}" 
},{
	 "source": "40", 
	 "target": "39", 
	 "label": "{'changeType': 'ADD', 'type': 'reference', 'referenceTypeName': 'details'}" 
},{
	 "source": "41", 
	 "target": "40", 
	 "label": "{'changeType': 'ADD', 'type': 'reference', 'referenceTypeName': 'eAnnotations'}" 
},{
	 "source": "40", 
	 "target": "41", 
	 "label": "{'changeType': 'ADD', 'type': 'reference', 'referenceTypeName': 'eModelElement'}" 
},{
	 "source": "43", 
	 "target": "42", 
	 "label": "{'changeType': 'ADD', 'type': 'reference', 'referenceTypeName': 'details'}" 
},{
	 "source": "44", 
	 "target": "43", 
	 "label": "{'changeType': 'ADD', 'type': 'reference', 'referenceTypeName': 'eAnnotations'}" 
},{
	 "source": "43", 
	 "target": "44", 
	 "label": "{'changeType': 'ADD', 'type': 'reference', 'referenceTypeName': 'eModelElement'}" 
},{
	 "source": "46", 
	 "target": "45", 
	 "label": "{'changeType': 'ADD', 'type': 'reference', 'referenceTypeName': 'details'}" 
},{
	 "source": "47", 
	 "target": "46", 
	 "label": "{'changeType': 'ADD', 'type': 'reference', 'referenceTypeName': 'eAnnotations'}" 
},{
	 "source": "46", 
	 "target": "47", 
	 "label": "{'changeType': 'ADD', 'type': 'reference', 'referenceTypeName': 'eModelElement'}" 
},{
	 "source": "49", 
	 "target": "48", 
	 "label": "{'changeType': 'ADD', 'type': 'reference', 'referenceTypeName': 'details'}" 
},{
	 "source": "51", 
	 "target": "50", 
	 "label": "{'changeType': 'DELETE', 'type': 'reference', 'referenceTypeName': 'details'}" 
},{
	 "source": "52", 
	 "target": "49", 
	 "label": "{'changeType': 'ADD', 'type': 'reference', 'referenceTypeName': 'eAnnotations'}" 
},{
	 "source": "49", 
	 "target": "52", 
	 "label": "{'changeType': 'ADD', 'type': 'reference', 'referenceTypeName': 'eModelElement'}" 
},{
	 "source": "52", 
	 "target": "51", 
	 "label": "{'changeType': 'DELETE', 'type': 'reference', 'referenceTypeName': 'eAnnotations'}" 
},{
	 "source": "51", 
	 "target": "52", 
	 "label": "{'changeType': 'DELETE', 'type': 'reference', 'referenceTypeName': 'eModelElement'}" 
},{
	 "source": "54", 
	 "target": "53", 
	 "label": "{'changeType': 'ADD', 'type': 'reference', 'referenceTypeName': 'details'}" 
},{
	 "source": "56", 
	 "target": "55", 
	 "label": "{'changeType': 'DELETE', 'type': 'reference', 'referenceTypeName': 'details'}" 
},{
	 "source": "57", 
	 "target": "54", 
	 "label": "{'changeType': 'ADD', 'type': 'reference', 'referenceTypeName': 'eAnnotations'}" 
},{
	 "source": "54", 
	 "target": "57", 
	 "label": "{'changeType': 'ADD', 'type': 'reference', 'referenceTypeName': 'eModelElement'}" 
},{
	 "source": "57", 
	 "target": "56", 
	 "label": "{'changeType': 'DELETE', 'type': 'reference', 'referenceTypeName': 'eAnnotations'}" 
},{
	 "source": "56", 
	 "target": "57", 
	 "label": "{'changeType': 'DELETE', 'type': 'reference', 'referenceTypeName': 'eModelElement'}" 
},{
	 "source": "59", 
	 "target": "58", 
	 "label": "{'changeType': 'Preserve', 'type': 'reference', 'referenceTypeName': 'eClassifiers'}" 
},{
	 "source": "58", 
	 "target": "59", 
	 "label": "{'changeType': 'Preserve', 'type': 'reference', 'referenceTypeName': 'ePackage'}" 
},{
	 "source": "60", 
	 "target": "59", 
	 "label": "{'changeType': 'Preserve', 'type': 'reference', 'referenceTypeName': 'eAnnotations'}" 
},{
	 "source": "59", 
	 "target": "60", 
	 "label": "{'changeType': 'Preserve', 'type': 'reference', 'referenceTypeName': 'eModelElement'}" 
},{
	 "source": "61", 
	 "target": "60", 
	 "label": "{'changeType': 'Preserve', 'type': 'reference', 'referenceTypeName': 'details'}" 
},{
	 "source": "62", 
	 "target": "58", 
	 "label": "{'changeType': 'Preserve', 'type': 'reference', 'referenceTypeName': 'eClassifiers'}" 
},{
	 "source": "58", 
	 "target": "62", 
	 "label": "{'changeType': 'Preserve', 'type': 'reference', 'referenceTypeName': 'ePackage'}" 
},{
	 "source": "63", 
	 "target": "62", 
	 "label": "{'changeType': 'Preserve', 'type': 'reference', 'referenceTypeName': 'eStructuralFeatures'}" 
},{
	 "source": "62", 
	 "target": "63", 
	 "label": "{'changeType': 'Preserve', 'type': 'reference', 'referenceTypeName': 'eContainingClass'}" 
},{
	 "source": "64", 
	 "target": "62", 
	 "label": "{'changeType': 'Preserve', 'type': 'reference', 'referenceTypeName': 'eStructuralFeatures'}" 
},{
	 "source": "62", 
	 "target": "64", 
	 "label": "{'changeType': 'Preserve', 'type': 'reference', 'referenceTypeName': 'eContainingClass'}" 
},{
	 "source": "65", 
	 "target": "62", 
	 "label": "{'changeType': 'Preserve', 'type': 'reference', 'referenceTypeName': 'eStructuralFeatures'}" 
},{
	 "source": "62", 
	 "target": "65", 
	 "label": "{'changeType': 'Preserve', 'type': 'reference', 'referenceTypeName': 'eContainingClass'}" 
},{
	 "source": "66", 
	 "target": "65", 
	 "label": "{'changeType': 'Preserve', 'type': 'reference', 'referenceTypeName': 'eAnnotations'}" 
},{
	 "source": "65", 
	 "target": "66", 
	 "label": "{'changeType': 'Preserve', 'type': 'reference', 'referenceTypeName': 'eModelElement'}" 
},{
	 "source": "67", 
	 "target": "66", 
	 "label": "{'changeType': 'Preserve', 'type': 'reference', 'referenceTypeName': 'details'}" 
},{
	 "source": "2", 
	 "target": "62", 
	 "label": "{'changeType': 'Preserve', 'type': 'reference', 'referenceTypeName': 'eStructuralFeatures'}" 
},{
	 "source": "62", 
	 "target": "2", 
	 "label": "{'changeType': 'Preserve', 'type': 'reference', 'referenceTypeName': 'eContainingClass'}" 
},{
	 "source": "68", 
	 "target": "2", 
	 "label": "{'changeType': 'Preserve', 'type': 'reference', 'referenceTypeName': 'eAnnotations'}" 
},{
	 "source": "2", 
	 "target": "68", 
	 "label": "{'changeType': 'Preserve', 'type': 'reference', 'referenceTypeName': 'eModelElement'}" 
},{
	 "source": "69", 
	 "target": "68", 
	 "label": "{'changeType': 'Preserve', 'type': 'reference', 'referenceTypeName': 'details'}" 
},{
	 "source": "7", 
	 "target": "62", 
	 "label": "{'changeType': 'Preserve', 'type': 'reference', 'referenceTypeName': 'eStructuralFeatures'}" 
},{
	 "source": "62", 
	 "target": "7", 
	 "label": "{'changeType': 'Preserve', 'type': 'reference', 'referenceTypeName': 'eContainingClass'}" 
},{
	 "source": "12", 
	 "target": "62", 
	 "label": "{'changeType': 'Preserve', 'type': 'reference', 'referenceTypeName': 'eStructuralFeatures'}" 
},{
	 "source": "62", 
	 "target": "12", 
	 "label": "{'changeType': 'Preserve', 'type': 'reference', 'referenceTypeName': 'eContainingClass'}" 
},{
	 "source": "70", 
	 "target": "62", 
	 "label": "{'changeType': 'Preserve', 'type': 'reference', 'referenceTypeName': 'eStructuralFeatures'}" 
},{
	 "source": "62", 
	 "target": "70", 
	 "label": "{'changeType': 'Preserve', 'type': 'reference', 'referenceTypeName': 'eContainingClass'}" 
},{
	 "source": "30", 
	 "target": "58", 
	 "label": "{'changeType': 'Preserve', 'type': 'reference', 'referenceTypeName': 'eClassifiers'}" 
},{
	 "source": "58", 
	 "target": "30", 
	 "label": "{'changeType': 'Preserve', 'type': 'reference', 'referenceTypeName': 'ePackage'}" 
},{
	 "source": "17", 
	 "target": "30", 
	 "label": "{'changeType': 'Preserve', 'type': 'reference', 'referenceTypeName': 'eStructuralFeatures'}" 
},{
	 "source": "30", 
	 "target": "17", 
	 "label": "{'changeType': 'Preserve', 'type': 'reference', 'referenceTypeName': 'eContainingClass'}" 
},{
	 "source": "71", 
	 "target": "30", 
	 "label": "{'changeType': 'Preserve', 'type': 'reference', 'referenceTypeName': 'eStructuralFeatures'}" 
},{
	 "source": "30", 
	 "target": "71", 
	 "label": "{'changeType': 'Preserve', 'type': 'reference', 'referenceTypeName': 'eContainingClass'}" 
},{
	 "source": "22", 
	 "target": "30", 
	 "label": "{'changeType': 'Preserve', 'type': 'reference', 'referenceTypeName': 'eStructuralFeatures'}" 
},{
	 "source": "30", 
	 "target": "22", 
	 "label": "{'changeType': 'Preserve', 'type': 'reference', 'referenceTypeName': 'eContainingClass'}" 
},{
	 "source": "25", 
	 "target": "30", 
	 "label": "{'changeType': 'Preserve', 'type': 'reference', 'referenceTypeName': 'eStructuralFeatures'}" 
},{
	 "source": "30", 
	 "target": "25", 
	 "label": "{'changeType': 'Preserve', 'type': 'reference', 'referenceTypeName': 'eContainingClass'}" 
},{
	 "source": "72", 
	 "target": "30", 
	 "label": "{'changeType': 'Preserve', 'type': 'reference', 'referenceTypeName': 'eStructuralFeatures'}" 
},{
	 "source": "30", 
	 "target": "72", 
	 "label": "{'changeType': 'Preserve', 'type': 'reference', 'referenceTypeName': 'eContainingClass'}" 
},{
	 "source": "73", 
	 "target": "30", 
	 "label": "{'changeType': 'Preserve', 'type': 'reference', 'referenceTypeName': 'eStructuralFeatures'}" 
},{
	 "source": "30", 
	 "target": "73", 
	 "label": "{'changeType': 'Preserve', 'type': 'reference', 'referenceTypeName': 'eContainingClass'}" 
},{
	 "source": "74", 
	 "target": "73", 
	 "label": "{'changeType': 'Preserve', 'type': 'reference', 'referenceTypeName': 'eAnnotations'}" 
},{
	 "source": "73", 
	 "target": "74", 
	 "label": "{'changeType': 'Preserve', 'type': 'reference', 'referenceTypeName': 'eModelElement'}" 
},{
	 "source": "75", 
	 "target": "74", 
	 "label": "{'changeType': 'Preserve', 'type': 'reference', 'referenceTypeName': 'details'}" 
},{
	 "source": "28", 
	 "target": "30", 
	 "label": "{'changeType': 'Preserve', 'type': 'reference', 'referenceTypeName': 'eStructuralFeatures'}" 
},{
	 "source": "30", 
	 "target": "28", 
	 "label": "{'changeType': 'Preserve', 'type': 'reference', 'referenceTypeName': 'eContainingClass'}" 
},{
	 "source": "76", 
	 "target": "28", 
	 "label": "{'changeType': 'Preserve', 'type': 'reference', 'referenceTypeName': 'eAnnotations'}" 
},{
	 "source": "28", 
	 "target": "76", 
	 "label": "{'changeType': 'Preserve', 'type': 'reference', 'referenceTypeName': 'eModelElement'}" 
},{
	 "source": "77", 
	 "target": "76", 
	 "label": "{'changeType': 'Preserve', 'type': 'reference', 'referenceTypeName': 'details'}" 
},{
	 "source": "78", 
	 "target": "58", 
	 "label": "{'changeType': 'Preserve', 'type': 'reference', 'referenceTypeName': 'eClassifiers'}" 
},{
	 "source": "58", 
	 "target": "78", 
	 "label": "{'changeType': 'Preserve', 'type': 'reference', 'referenceTypeName': 'ePackage'}" 
},{
	 "source": "79", 
	 "target": "78", 
	 "label": "{'changeType': 'Preserve', 'type': 'reference', 'referenceTypeName': 'eStructuralFeatures'}" 
},{
	 "source": "78", 
	 "target": "79", 
	 "label": "{'changeType': 'Preserve', 'type': 'reference', 'referenceTypeName': 'eContainingClass'}" 
},{
	 "source": "80", 
	 "target": "78", 
	 "label": "{'changeType': 'Preserve', 'type': 'reference', 'referenceTypeName': 'eStructuralFeatures'}" 
},{
	 "source": "78", 
	 "target": "80", 
	 "label": "{'changeType': 'Preserve', 'type': 'reference', 'referenceTypeName': 'eContainingClass'}" 
},{
	 "source": "81", 
	 "target": "78", 
	 "label": "{'changeType': 'Preserve', 'type': 'reference', 'referenceTypeName': 'eStructuralFeatures'}" 
},{
	 "source": "78", 
	 "target": "81", 
	 "label": "{'changeType': 'Preserve', 'type': 'reference', 'referenceTypeName': 'eContainingClass'}" 
},{
	 "source": "82", 
	 "target": "81", 
	 "label": "{'changeType': 'Preserve', 'type': 'reference', 'referenceTypeName': 'eAnnotations'}" 
},{
	 "source": "81", 
	 "target": "82", 
	 "label": "{'changeType': 'Preserve', 'type': 'reference', 'referenceTypeName': 'eModelElement'}" 
},{
	 "source": "83", 
	 "target": "82", 
	 "label": "{'changeType': 'Preserve', 'type': 'reference', 'referenceTypeName': 'details'}" 
},{
	 "source": "33", 
	 "target": "78", 
	 "label": "{'changeType': 'Preserve', 'type': 'reference', 'referenceTypeName': 'eStructuralFeatures'}" 
},{
	 "source": "78", 
	 "target": "33", 
	 "label": "{'changeType': 'Preserve', 'type': 'reference', 'referenceTypeName': 'eContainingClass'}" 
},{
	 "source": "84", 
	 "target": "33", 
	 "label": "{'changeType': 'Preserve', 'type': 'reference', 'referenceTypeName': 'eAnnotations'}" 
},{
	 "source": "33", 
	 "target": "84", 
	 "label": "{'changeType': 'Preserve', 'type': 'reference', 'referenceTypeName': 'eModelElement'}" 
},{
	 "source": "85", 
	 "target": "84", 
	 "label": "{'changeType': 'Preserve', 'type': 'reference', 'referenceTypeName': 'details'}" 
},{
	 "source": "38", 
	 "target": "78", 
	 "label": "{'changeType': 'Preserve', 'type': 'reference', 'referenceTypeName': 'eStructuralFeatures'}" 
},{
	 "source": "78", 
	 "target": "38", 
	 "label": "{'changeType': 'Preserve', 'type': 'reference', 'referenceTypeName': 'eContainingClass'}" 
},{
	 "source": "41", 
	 "target": "78", 
	 "label": "{'changeType': 'Preserve', 'type': 'reference', 'referenceTypeName': 'eStructuralFeatures'}" 
},{
	 "source": "78", 
	 "target": "41", 
	 "label": "{'changeType': 'Preserve', 'type': 'reference', 'referenceTypeName': 'eContainingClass'}" 
},{
	 "source": "44", 
	 "target": "78", 
	 "label": "{'changeType': 'Preserve', 'type': 'reference', 'referenceTypeName': 'eStructuralFeatures'}" 
},{
	 "source": "78", 
	 "target": "44", 
	 "label": "{'changeType': 'Preserve', 'type': 'reference', 'referenceTypeName': 'eContainingClass'}" 
},{
	 "source": "86", 
	 "target": "44", 
	 "label": "{'changeType': 'Preserve', 'type': 'reference', 'referenceTypeName': 'eAnnotations'}" 
},{
	 "source": "44", 
	 "target": "86", 
	 "label": "{'changeType': 'Preserve', 'type': 'reference', 'referenceTypeName': 'eModelElement'}" 
},{
	 "source": "87", 
	 "target": "86", 
	 "label": "{'changeType': 'Preserve', 'type': 'reference', 'referenceTypeName': 'details'}" 
},{
	 "source": "47", 
	 "target": "78", 
	 "label": "{'changeType': 'Preserve', 'type': 'reference', 'referenceTypeName': 'eStructuralFeatures'}" 
},{
	 "source": "78", 
	 "target": "47", 
	 "label": "{'changeType': 'Preserve', 'type': 'reference', 'referenceTypeName': 'eContainingClass'}" 
},{
	 "source": "88", 
	 "target": "58", 
	 "label": "{'changeType': 'Preserve', 'type': 'reference', 'referenceTypeName': 'eClassifiers'}" 
},{
	 "source": "58", 
	 "target": "88", 
	 "label": "{'changeType': 'Preserve', 'type': 'reference', 'referenceTypeName': 'ePackage'}" 
},{
	 "source": "89", 
	 "target": "88", 
	 "label": "{'changeType': 'Preserve', 'type': 'reference', 'referenceTypeName': 'eStructuralFeatures'}" 
},{
	 "source": "88", 
	 "target": "89", 
	 "label": "{'changeType': 'Preserve', 'type': 'reference', 'referenceTypeName': 'eContainingClass'}" 
},{
	 "source": "90", 
	 "target": "88", 
	 "label": "{'changeType': 'Preserve', 'type': 'reference', 'referenceTypeName': 'eStructuralFeatures'}" 
},{
	 "source": "88", 
	 "target": "90", 
	 "label": "{'changeType': 'Preserve', 'type': 'reference', 'referenceTypeName': 'eContainingClass'}" 
},{
	 "source": "91", 
	 "target": "88", 
	 "label": "{'changeType': 'Preserve', 'type': 'reference', 'referenceTypeName': 'eStructuralFeatures'}" 
},{
	 "source": "88", 
	 "target": "91", 
	 "label": "{'changeType': 'Preserve', 'type': 'reference', 'referenceTypeName': 'eContainingClass'}" 
},{
	 "source": "92", 
	 "target": "58", 
	 "label": "{'changeType': 'Preserve', 'type': 'reference', 'referenceTypeName': 'eClassifiers'}" 
},{
	 "source": "58", 
	 "target": "92", 
	 "label": "{'changeType': 'Preserve', 'type': 'reference', 'referenceTypeName': 'ePackage'}" 
},{
	 "source": "93", 
	 "target": "92", 
	 "label": "{'changeType': 'Preserve', 'type': 'reference', 'referenceTypeName': 'eStructuralFeatures'}" 
},{
	 "source": "92", 
	 "target": "93", 
	 "label": "{'changeType': 'Preserve', 'type': 'reference', 'referenceTypeName': 'eContainingClass'}" 
},{
	 "source": "94", 
	 "target": "92", 
	 "label": "{'changeType': 'Preserve', 'type': 'reference', 'referenceTypeName': 'eStructuralFeatures'}" 
},{
	 "source": "92", 
	 "target": "94", 
	 "label": "{'changeType': 'Preserve', 'type': 'reference', 'referenceTypeName': 'eContainingClass'}" 
},{
	 "source": "95", 
	 "target": "92", 
	 "label": "{'changeType': 'Preserve', 'type': 'reference', 'referenceTypeName': 'eStructuralFeatures'}" 
},{
	 "source": "92", 
	 "target": "95", 
	 "label": "{'changeType': 'Preserve', 'type': 'reference', 'referenceTypeName': 'eContainingClass'}" 
},{
	 "source": "52", 
	 "target": "58", 
	 "label": "{'changeType': 'Preserve', 'type': 'reference', 'referenceTypeName': 'eClassifiers'}" 
},{
	 "source": "58", 
	 "target": "52", 
	 "label": "{'changeType': 'Preserve', 'type': 'reference', 'referenceTypeName': 'ePackage'}" 
},{
	 "source": "96", 
	 "target": "52", 
	 "label": "{'changeType': 'Preserve', 'type': 'reference', 'referenceTypeName': 'eAnnotations'}" 
},{
	 "source": "52", 
	 "target": "96", 
	 "label": "{'changeType': 'Preserve', 'type': 'reference', 'referenceTypeName': 'eModelElement'}" 
},{
	 "source": "97", 
	 "target": "96", 
	 "label": "{'changeType': 'Preserve', 'type': 'reference', 'referenceTypeName': 'details'}" 
},{
	 "source": "98", 
	 "target": "58", 
	 "label": "{'changeType': 'Preserve', 'type': 'reference', 'referenceTypeName': 'eClassifiers'}" 
},{
	 "source": "58", 
	 "target": "98", 
	 "label": "{'changeType': 'Preserve', 'type': 'reference', 'referenceTypeName': 'ePackage'}" 
},{
	 "source": "99", 
	 "target": "98", 
	 "label": "{'changeType': 'Preserve', 'type': 'reference', 'referenceTypeName': 'eAnnotations'}" 
},{
	 "source": "98", 
	 "target": "99", 
	 "label": "{'changeType': 'Preserve', 'type': 'reference', 'referenceTypeName': 'eModelElement'}" 
},{
	 "source": "100", 
	 "target": "99", 
	 "label": "{'changeType': 'Preserve', 'type': 'reference', 'referenceTypeName': 'details'}" 
},{
	 "source": "101", 
	 "target": "98", 
	 "label": "{'changeType': 'Preserve', 'type': 'reference', 'referenceTypeName': 'eStructuralFeatures'}" 
},{
	 "source": "98", 
	 "target": "101", 
	 "label": "{'changeType': 'Preserve', 'type': 'reference', 'referenceTypeName': 'eContainingClass'}" 
},{
	 "source": "102", 
	 "target": "101", 
	 "label": "{'changeType': 'Preserve', 'type': 'reference', 'referenceTypeName': 'eAnnotations'}" 
},{
	 "source": "101", 
	 "target": "102", 
	 "label": "{'changeType': 'Preserve', 'type': 'reference', 'referenceTypeName': 'eModelElement'}" 
},{
	 "source": "103", 
	 "target": "102", 
	 "label": "{'changeType': 'Preserve', 'type': 'reference', 'referenceTypeName': 'details'}" 
},{
	 "source": "104", 
	 "target": "98", 
	 "label": "{'changeType': 'Preserve', 'type': 'reference', 'referenceTypeName': 'eStructuralFeatures'}" 
},{
	 "source": "98", 
	 "target": "104", 
	 "label": "{'changeType': 'Preserve', 'type': 'reference', 'referenceTypeName': 'eContainingClass'}" 
},{
	 "source": "105", 
	 "target": "104", 
	 "label": "{'changeType': 'Preserve', 'type': 'reference', 'referenceTypeName': 'eAnnotations'}" 
},{
	 "source": "104", 
	 "target": "105", 
	 "label": "{'changeType': 'Preserve', 'type': 'reference', 'referenceTypeName': 'eModelElement'}" 
},{
	 "source": "106", 
	 "target": "105", 
	 "label": "{'changeType': 'Preserve', 'type': 'reference', 'referenceTypeName': 'details'}" 
},{
	 "source": "107", 
	 "target": "58", 
	 "label": "{'changeType': 'Preserve', 'type': 'reference', 'referenceTypeName': 'eClassifiers'}" 
},{
	 "source": "58", 
	 "target": "107", 
	 "label": "{'changeType': 'Preserve', 'type': 'reference', 'referenceTypeName': 'ePackage'}" 
},{
	 "source": "108", 
	 "target": "107", 
	 "label": "{'changeType': 'Preserve', 'type': 'reference', 'referenceTypeName': 'eAnnotations'}" 
},{
	 "source": "107", 
	 "target": "108", 
	 "label": "{'changeType': 'Preserve', 'type': 'reference', 'referenceTypeName': 'eModelElement'}" 
},{
	 "source": "109", 
	 "target": "108", 
	 "label": "{'changeType': 'Preserve', 'type': 'reference', 'referenceTypeName': 'details'}" 
},{
	 "source": "110", 
	 "target": "58", 
	 "label": "{'changeType': 'Preserve', 'type': 'reference', 'referenceTypeName': 'eClassifiers'}" 
},{
	 "source": "58", 
	 "target": "110", 
	 "label": "{'changeType': 'Preserve', 'type': 'reference', 'referenceTypeName': 'ePackage'}" 
},{
	 "source": "111", 
	 "target": "110", 
	 "label": "{'changeType': 'Preserve', 'type': 'reference', 'referenceTypeName': 'eAnnotations'}" 
},{
	 "source": "110", 
	 "target": "111", 
	 "label": "{'changeType': 'Preserve', 'type': 'reference', 'referenceTypeName': 'eModelElement'}" 
},{
	 "source": "112", 
	 "target": "111", 
	 "label": "{'changeType': 'Preserve', 'type': 'reference', 'referenceTypeName': 'details'}" 
},{
	 "source": "113", 
	 "target": "110", 
	 "label": "{'changeType': 'Preserve', 'type': 'reference', 'referenceTypeName': 'eStructuralFeatures'}" 
},{
	 "source": "110", 
	 "target": "113", 
	 "label": "{'changeType': 'Preserve', 'type': 'reference', 'referenceTypeName': 'eContainingClass'}" 
},{
	 "source": "114", 
	 "target": "113", 
	 "label": "{'changeType': 'Preserve', 'type': 'reference', 'referenceTypeName': 'eAnnotations'}" 
},{
	 "source": "113", 
	 "target": "114", 
	 "label": "{'changeType': 'Preserve', 'type': 'reference', 'referenceTypeName': 'eModelElement'}" 
},{
	 "source": "115", 
	 "target": "114", 
	 "label": "{'changeType': 'Preserve', 'type': 'reference', 'referenceTypeName': 'details'}" 
},{
	 "source": "116", 
	 "target": "58", 
	 "label": "{'changeType': 'Preserve', 'type': 'reference', 'referenceTypeName': 'eClassifiers'}" 
},{
	 "source": "58", 
	 "target": "116", 
	 "label": "{'changeType': 'Preserve', 'type': 'reference', 'referenceTypeName': 'ePackage'}" 
},{
	 "source": "117", 
	 "target": "116", 
	 "label": "{'changeType': 'Preserve', 'type': 'reference', 'referenceTypeName': 'eAnnotations'}" 
},{
	 "source": "116", 
	 "target": "117", 
	 "label": "{'changeType': 'Preserve', 'type': 'reference', 'referenceTypeName': 'eModelElement'}" 
},{
	 "source": "118", 
	 "target": "117", 
	 "label": "{'changeType': 'Preserve', 'type': 'reference', 'referenceTypeName': 'details'}" 
},{
	 "source": "57", 
	 "target": "116", 
	 "label": "{'changeType': 'Preserve', 'type': 'reference', 'referenceTypeName': 'eStructuralFeatures'}" 
},{
	 "source": "116", 
	 "target": "57", 
	 "label": "{'changeType': 'Preserve', 'type': 'reference', 'referenceTypeName': 'eContainingClass'}" 
}]}