{"directed": true, "multigraph": false, "graph": {}, 
  "nodes": [{
	 "id": "0", 
	 "label": "{'changeType': 'Add', 'type': 'object', 'className': 'EStringToStringMapEntry', 'attributes': {'id': '_azL0Y96tEei97MD7GK1RmA', 'key':'documentation','value':'Specifies additional restrictions on link creation'}}" 
},{
	 "id": "1", 
	 "label": "{'changeType': 'Add', 'type': 'object', 'className': 'EAnnotation', 'attributes': {'id': '_azL0Yt6tEei97MD7GK1RmA', 'source':'http://www.eclipse.org/emf/2002/GenModel','details':['org.eclipse.emf.ecore.impl.EStringToStringMapEntryImpl@38650882 (key: documentation, value: Specifies additional restrictions on link creation)'],'eModelElement':'creationConstraints'}}" 
},{
	 "id": "2", 
	 "label": "{'changeType': 'Add', 'type': 'object', 'className': 'EReference', 'attributes': {'id': '_azL0Yd6tEei97MD7GK1RmA', 'eAnnotations':['org.eclipse.emf.ecore.impl.EAnnotationImpl@227a70d5 (source: http://www.eclipse.org/emf/2002/GenModel)'],'name':'creationConstraints','ordered':'true','unique':'true','lowerBound':'0','upperBound':'1','many':'false','required':'false','eType':'LinkConstraints','eGenericType':'org.eclipse.emf.ecore.impl.EGenericTypeImpl@29b03aba (expression: LinkConstraints)','changeable':'true','volatile':'false','transient':'false','unsettable':'false','derived':'false','eContainingClass':'LinkMapping','containment':'true','container':'false','resolveProxies':'true','eOpposite':'linkMapping','eReferenceType':'LinkConstraints'}}" 
},{
	 "id": "3", 
	 "label": "{'changeType': 'Preserve', 'type': 'object', 'className': 'EClass', 'attributes': {'id': '_au4jBN6tEei97MD7GK1RmA', 'name':'LinkMapping','ePackage':'mappings','abstract':'false','interface':'false','eStructuralFeatures':['diagramLink','domainMetaElement','domainSpecialization','domainInitializer','containmentFeature','labelEditFeature','labelDisplayFeature','linkMetaFeature'],'eGenericSuperTypes':['org.eclipse.emf.ecore.impl.EGenericTypeImpl@5da41a38 (expression: MappingEntry)']}}" 
},{
	 "id": "4", 
	 "label": "{'changeType': 'Add', 'type': 'object', 'className': 'EStringToStringMapEntry', 'attributes': {'id': '_azL0dt6tEei97MD7GK1RmA', 'key':'documentation','value':'Groups constraints on the link source and target end'}}" 
},{
	 "id": "5", 
	 "label": "{'changeType': 'Add', 'type': 'object', 'className': 'EAnnotation', 'attributes': {'id': '_azL0dd6tEei97MD7GK1RmA', 'source':'http://www.eclipse.org/emf/2002/GenModel','details':['org.eclipse.emf.ecore.impl.EStringToStringMapEntryImpl@4a4181b8 (key: documentation, value: Groups constraints on the link source and target end)'],'eModelElement':'LinkConstraints'}}" 
},{
	 "id": "6", 
	 "label": "{'changeType': 'Add', 'type': 'object', 'className': 'EStringToStringMapEntry', 'attributes': {'id': '_azL0ed6tEei97MD7GK1RmA', 'key':'documentation','value':'References the link mapping restricted by these constraints'}}" 
},{
	 "id": "7", 
	 "label": "{'changeType': 'Add', 'type': 'object', 'className': 'EAnnotation', 'attributes': {'id': '_azL0eN6tEei97MD7GK1RmA', 'source':'http://www.eclipse.org/emf/2002/GenModel','details':['org.eclipse.emf.ecore.impl.EStringToStringMapEntryImpl@4df577a4 (key: documentation, value: References the link mapping restricted by these constraints)'],'eModelElement':'linkMapping'}}" 
},{
	 "id": "8", 
	 "label": "{'changeType': 'Add', 'type': 'object', 'className': 'EReference', 'attributes': {'id': '_azL0d96tEei97MD7GK1RmA', 'eAnnotations':['org.eclipse.emf.ecore.impl.EAnnotationImpl@bff6b22 (source: http://www.eclipse.org/emf/2002/GenModel)'],'name':'linkMapping','ordered':'true','unique':'true','lowerBound':'1','upperBound':'1','many':'false','required':'true','eType':'LinkMapping','eGenericType':'org.eclipse.emf.ecore.impl.EGenericTypeImpl@3e0e24a4 (expression: LinkMapping)','changeable':'false','volatile':'false','transient':'false','unsettable':'false','derived':'false','eContainingClass':'LinkConstraints','containment':'false','container':'true','resolveProxies':'true','eOpposite':'creationConstraints','eReferenceType':'LinkMapping'}}" 
},{
	 "id": "9", 
	 "label": "{'changeType': 'Add', 'type': 'object', 'className': 'EStringToStringMapEntry', 'attributes': {'id': '_azL0fN6tEei97MD7GK1RmA', 'key':'documentation','value':'Restriction enforced by the the source end, may reference variables 'oppositeEnd' pointing to targetEnd and 'link' denoting the link domainmetaElement instance if available.'}}" 
},{
	 "id": "10", 
	 "label": "{'changeType': 'Add', 'type': 'object', 'className': 'EAnnotation', 'attributes': {'id': '_azL0e96tEei97MD7GK1RmA', 'source':'http://www.eclipse.org/emf/2002/GenModel','details':['org.eclipse.emf.ecore.impl.EStringToStringMapEntryImpl@7ea35d94 (key: documentation, value: Restriction enforced by the the source end, may reference variables 'oppositeEnd' pointing to targetEnd and 'link' denoting the link domainmetaElement instance if available.)'],'eModelElement':'sourceEnd'}}" 
},{
	 "id": "11", 
	 "label": "{'changeType': 'Add', 'type': 'object', 'className': 'EReference', 'attributes': {'id': '_azL0et6tEei97MD7GK1RmA', 'eAnnotations':['org.eclipse.emf.ecore.impl.EAnnotationImpl@188d5176 (source: http://www.eclipse.org/emf/2002/GenModel)'],'name':'sourceEnd','ordered':'true','unique':'true','lowerBound':'0','upperBound':'1','many':'false','required':'false','eType':'Constraint','eGenericType':'org.eclipse.emf.ecore.impl.EGenericTypeImpl@685b9124 (expression: Constraint)','changeable':'true','volatile':'false','transient':'false','unsettable':'false','derived':'false','eContainingClass':'LinkConstraints','containment':'true','container':'false','resolveProxies':'true','eReferenceType':'Constraint'}}" 
},{
	 "id": "12", 
	 "label": "{'changeType': 'Add', 'type': 'object', 'className': 'EStringToStringMapEntry', 'attributes': {'id': '_azL0f96tEei97MD7GK1RmA', 'key':'documentation','value':'Restriction enforced by the the target end, may reference variables 'oppositeEnd' pointing to sourceEnd and 'link' denoting the link domainmetaElement instance if available.'}}" 
},{
	 "id": "13", 
	 "label": "{'changeType': 'Add', 'type': 'object', 'className': 'EAnnotation', 'attributes': {'id': '_azL0ft6tEei97MD7GK1RmA', 'source':'http://www.eclipse.org/emf/2002/GenModel','details':['org.eclipse.emf.ecore.impl.EStringToStringMapEntryImpl@62ca036 (key: documentation, value: Restriction enforced by the the target end, may reference variables 'oppositeEnd' pointing to sourceEnd and 'link' denoting the link domainmetaElement instance if available.)'],'eModelElement':'targetEnd'}}" 
},{
	 "id": "14", 
	 "label": "{'changeType': 'Add', 'type': 'object', 'className': 'EReference', 'attributes': {'id': '_azL0fd6tEei97MD7GK1RmA', 'eAnnotations':['org.eclipse.emf.ecore.impl.EAnnotationImpl@62871e0f (source: http://www.eclipse.org/emf/2002/GenModel)'],'name':'targetEnd','ordered':'true','unique':'true','lowerBound':'0','upperBound':'1','many':'false','required':'false','eType':'Constraint','eGenericType':'org.eclipse.emf.ecore.impl.EGenericTypeImpl@1073eb96 (expression: Constraint)','changeable':'true','volatile':'false','transient':'false','unsettable':'false','derived':'false','eContainingClass':'LinkConstraints','containment':'true','container':'false','resolveProxies':'true','eReferenceType':'Constraint'}}" 
},{
	 "id": "15", 
	 "label": "{'changeType': 'Add', 'type': 'object', 'className': 'EClass', 'attributes': {'id': '_azL0dN6tEei97MD7GK1RmA', 'eAnnotations':['org.eclipse.emf.ecore.impl.EAnnotationImpl@7e6544b (source: http://www.eclipse.org/emf/2002/GenModel)'],'name':'LinkConstraints','ePackage':'mappings','abstract':'false','interface':'false','eStructuralFeatures':['linkMapping','sourceEnd','targetEnd']}}" 
},{
	 "id": "16", 
	 "label": "{'changeType': 'Preserve', 'type': 'object', 'className': 'EPackage', 'attributes': {'id': '_au4i4d6tEei97MD7GK1RmA', 'name':'mappings','nsURI':'http://www.eclipse.org/gmf/2005/mappings','nsPrefix':'gmfmap','eFactoryInstance':'org.eclipse.emf.ecore.impl.EFactoryImpl@61cf75b2','eClassifiers':['AbstractNodeMapping','MappingEntry','NodeMapping','ChildNodeMapping','LinkMapping','CanvasMapping','Mapping','Constraint','ValueExpression','ElementInitializer','FeatureSeqInitializer','FeatureValueSpec']}}" 
},{
	 "id": "17", 
	 "label": "{'changeType': 'Preserve', 'type': 'object', 'className': 'EClass', 'attributes': {'id': '_ayvII96tEei97MD7GK1RmA', 'eAnnotations':['org.eclipse.emf.ecore.impl.EAnnotationImpl@682b7b78 (source: http://www.eclipse.org/emf/2004/EmfaticAnnotationMap)'],'name':'AbstractNodeMapping','ePackage':'mappings','abstract':'true','interface':'false','eStructuralFeatures':['diagramNode','domainMetaElement','domainSpecialization','domainInitializer','containmentFeature','editFeature','childMappings']}}" 
},{
	 "id": "18", 
	 "label": "{'changeType': 'Preserve', 'type': 'object', 'className': 'EAnnotation', 'attributes': {'id': '_aycNMt6tEei97MD7GK1RmA', 'source':'http://www.eclipse.org/emf/2004/EmfaticAnnotationMap','details':['org.eclipse.emf.ecore.impl.EStringToStringMapEntryImpl@59a7ae4e (key: constraints, value: http://www.eclipse.org/gmf/2005/constraints)','org.eclipse.emf.ecore.impl.EStringToStringMapEntryImpl@140da7cb (key: constraintsMeta, value: http://www.eclipse.org/gmf/2005/constraints/meta)'],'eModelElement':'AbstractNodeMapping'}}" 
},{
	 "id": "19", 
	 "label": "{'changeType': 'Preserve', 'type': 'object', 'className': 'EStringToStringMapEntry', 'attributes': {'id': '_aycNM96tEei97MD7GK1RmA', 'key':'constraints','value':'http://www.eclipse.org/gmf/2005/constraints'}}" 
},{
	 "id": "20", 
	 "label": "{'changeType': 'Preserve', 'type': 'object', 'className': 'EStringToStringMapEntry', 'attributes': {'id': '_aycNNN6tEei97MD7GK1RmA', 'key':'constraintsMeta','value':'http://www.eclipse.org/gmf/2005/constraints/meta'}}" 
},{
	 "id": "21", 
	 "label": "{'changeType': 'Preserve', 'type': 'object', 'className': 'EReference', 'attributes': {'id': '_au4i5t6tEei97MD7GK1RmA', 'name':'diagramNode','ordered':'true','unique':'true','lowerBound':'1','upperBound':'1','many':'false','required':'true','eType':'Node','eGenericType':'org.eclipse.emf.ecore.impl.EGenericTypeImpl@1237a7b5 (expression: Node)','changeable':'true','volatile':'false','transient':'false','unsettable':'false','derived':'false','eContainingClass':'AbstractNodeMapping','containment':'false','container':'false','resolveProxies':'true','eReferenceType':'Node'}}" 
},{
	 "id": "22", 
	 "label": "{'changeType': 'Preserve', 'type': 'object', 'className': 'EReference', 'attributes': {'id': '_au4i6N6tEei97MD7GK1RmA', 'name':'domainMetaElement','ordered':'true','unique':'true','lowerBound':'1','upperBound':'1','many':'false','required':'true','eType':'EClass','eGenericType':'org.eclipse.emf.ecore.impl.EGenericTypeImpl@fcc7c97 (expression: EClass)','changeable':'true','volatile':'false','transient':'false','unsettable':'false','derived':'false','eContainingClass':'AbstractNodeMapping','containment':'false','container':'false','resolveProxies':'true','eReferenceType':'EClass'}}" 
},{
	 "id": "23", 
	 "label": "{'changeType': 'Preserve', 'type': 'object', 'className': 'EReference', 'attributes': {'id': '_avoJyd6tEei97MD7GK1RmA', 'eAnnotations':['org.eclipse.emf.ecore.impl.EAnnotationImpl@26d9f71b (source: http://www.eclipse.org/emf/2002/GenModel)','org.eclipse.emf.ecore.impl.EAnnotationImpl@9ab40fb (source: http://www.eclipse.org/gmf/2005/constraints/meta)'],'name':'domainSpecialization','ordered':'true','unique':'true','lowerBound':'0','upperBound':'1','many':'false','required':'false','eType':'Constraint','eGenericType':'org.eclipse.emf.ecore.impl.EGenericTypeImpl@1b3e84ef (expression: Constraint)','changeable':'true','volatile':'false','transient':'false','unsettable':'false','derived':'false','eContainingClass':'AbstractNodeMapping','containment':'true','container':'false','resolveProxies':'true','eReferenceType':'Constraint'}}" 
},{
	 "id": "24", 
	 "label": "{'changeType': 'Preserve', 'type': 'object', 'className': 'EAnnotation', 'attributes': {'id': '_avoJyt6tEei97MD7GK1RmA', 'source':'http://www.eclipse.org/emf/2002/GenModel','details':['org.eclipse.emf.ecore.impl.EStringToStringMapEntryImpl@656fb005 (key: documentation, value: Specializes further the domain meta element EClass associated with this mapping and should be evaluated in this EClass context)'],'eModelElement':'domainSpecialization'}}" 
},{
	 "id": "25", 
	 "label": "{'changeType': 'Preserve', 'type': 'object', 'className': 'EStringToStringMapEntry', 'attributes': {'id': '_avoJy96tEei97MD7GK1RmA', 'key':'documentation','value':'Specializes further the domain meta element EClass associated with this mapping and should be evaluated in this EClass context'}}" 
},{
	 "id": "26", 
	 "label": "{'changeType': 'Preserve', 'type': 'object', 'className': 'EAnnotation', 'attributes': {'id': '_ayvILt6tEei97MD7GK1RmA', 'source':'http://www.eclipse.org/gmf/2005/constraints/meta','details':['org.eclipse.emf.ecore.impl.EStringToStringMapEntryImpl@6725b243 (key: def, value: context)','org.eclipse.emf.ecore.impl.EStringToStringMapEntryImpl@e2df093 (key: ocl, value: if domainMetaElement.oclIsUndefined() then containmentFeature.eContainingClass else domainMetaElement endif)'],'eModelElement':'domainSpecialization'}}" 
},{
	 "id": "27", 
	 "label": "{'changeType': 'Preserve', 'type': 'object', 'className': 'EStringToStringMapEntry', 'attributes': {'id': '_ayvIL96tEei97MD7GK1RmA', 'key':'def','value':'context'}}" 
},{
	 "id": "28", 
	 "label": "{'changeType': 'Preserve', 'type': 'object', 'className': 'EStringToStringMapEntry', 'attributes': {'id': '_ayvIMN6tEei97MD7GK1RmA', 'key':'ocl','value':'if domainMetaElement.oclIsUndefined() then containmentFeature.eContainingClass else domainMetaElement endif'}}" 
},{
	 "id": "29", 
	 "label": "{'changeType': 'Preserve', 'type': 'object', 'className': 'EReference', 'attributes': {'id': '_av7EvN6tEei97MD7GK1RmA', 'eAnnotations':['org.eclipse.emf.ecore.impl.EAnnotationImpl@45a5a063 (source: http://www.eclipse.org/emf/2002/GenModel)','org.eclipse.emf.ecore.impl.EAnnotationImpl@6e90752e (source: http://www.eclipse.org/gmf/2005/constraints)','...'],'name':'domainInitializer','ordered':'true','unique':'true','lowerBound':'0','upperBound':'1','many':'false','required':'false','eType':'ElementInitializer','eGenericType':'org.eclipse.emf.ecore.impl.EGenericTypeImpl@6de7a2a9 (expression: ElementInitializer)','changeable':'true','volatile':'false','transient':'false','unsettable':'false','derived':'false','eContainingClass':'AbstractNodeMapping','containment':'true','container':'false','resolveProxies':'true','eReferenceType':'ElementInitializer'}}" 
},{
	 "id": "30", 
	 "label": "{'changeType': 'Preserve', 'type': 'object', 'className': 'EAnnotation', 'attributes': {'id': '_av7Evd6tEei97MD7GK1RmA', 'source':'http://www.eclipse.org/emf/2002/GenModel','details':['org.eclipse.emf.ecore.impl.EStringToStringMapEntryImpl@f58a53e (key: documentation, value: Initializer for the domain model element associated with mapping)'],'eModelElement':'domainInitializer'}}" 
},{
	 "id": "31", 
	 "label": "{'changeType': 'Preserve', 'type': 'object', 'className': 'EStringToStringMapEntry', 'attributes': {'id': '_av7Evt6tEei97MD7GK1RmA', 'key':'documentation','value':'Initializer for the domain model element associated with mapping'}}" 
},{
	 "id": "32", 
	 "label": "{'changeType': 'Preserve', 'type': 'object', 'className': 'EAnnotation', 'attributes': {'id': '_ayvINN6tEei97MD7GK1RmA', 'source':'http://www.eclipse.org/gmf/2005/constraints','details':['org.eclipse.emf.ecore.impl.EStringToStringMapEntryImpl@2cbedae9 (key: ocl, value: let i : FeatureSeqInitializer = domainInitializer.oclAsType( FeatureSeqInitializer) in i.oclIsUndefined() or i.initializers.feature.eContainingClass->forAll(c|c.isSuperTypeOf(domainMetaElement)))'],'eModelElement':'domainInitializer'}}" 
},{
	 "id": "33", 
	 "label": "{'changeType': 'Preserve', 'type': 'object', 'className': 'EStringToStringMapEntry', 'attributes': {'id': '_ayvINd6tEei97MD7GK1RmA', 'key':'ocl','value':'let i : FeatureSeqInitializer = domainInitializer.oclAsType( FeatureSeqInitializer) in i.oclIsUndefined() or i.initializers.feature.eContainingClass->forAll(c|c.isSuperTypeOf(domainMetaElement))'}}" 
},{
	 "id": "34", 
	 "label": "{'changeType': 'Preserve', 'type': 'object', 'className': 'EAnnotation', 'attributes': {'id': '_ayvINt6tEei97MD7GK1RmA', 'source':'http://www.eclipse.org/gmf/2005/constraints/meta','details':['org.eclipse.emf.ecore.impl.EStringToStringMapEntryImpl@ecbfd50 (key: def, value: context)','org.eclipse.emf.ecore.impl.EStringToStringMapEntryImpl@639fc0a2 (key: ocl, value: if domainMetaElement.oclIsUndefined() then containmentFeature.eContainingClass else domainMetaElement endif)'],'eModelElement':'domainInitializer'}}" 
},{
	 "id": "35", 
	 "label": "{'changeType': 'Preserve', 'type': 'object', 'className': 'EStringToStringMapEntry', 'attributes': {'id': '_ayvIN96tEei97MD7GK1RmA', 'key':'def','value':'context'}}" 
},{
	 "id": "36", 
	 "label": "{'changeType': 'Preserve', 'type': 'object', 'className': 'EStringToStringMapEntry', 'attributes': {'id': '_ayvION6tEei97MD7GK1RmA', 'key':'ocl','value':'if domainMetaElement.oclIsUndefined() then containmentFeature.eContainingClass else domainMetaElement endif'}}" 
},{
	 "id": "37", 
	 "label": "{'changeType': 'Preserve', 'type': 'object', 'className': 'EReference', 'attributes': {'id': '_au4i6t6tEei97MD7GK1RmA', 'eAnnotations':['org.eclipse.emf.ecore.impl.EAnnotationImpl@7b13b4c3 (source: http://www.eclipse.org/gmf/2005/constraints)','org.eclipse.emf.ecore.impl.EAnnotationImpl@3764a8b2 (source: http://www.eclipse.org/gmf/2005/constraints)'],'name':'containmentFeature','ordered':'true','unique':'true','lowerBound':'0','upperBound':'1','many':'false','required':'false','eType':'EReference','eGenericType':'org.eclipse.emf.ecore.impl.EGenericTypeImpl@9fecc19 (expression: EReference)','changeable':'true','volatile':'false','transient':'false','unsettable':'false','derived':'false','eContainingClass':'AbstractNodeMapping','containment':'false','container':'false','resolveProxies':'true','eReferenceType':'EReference'}}" 
},{
	 "id": "38", 
	 "label": "{'changeType': 'Preserve', 'type': 'object', 'className': 'EAnnotation', 'attributes': {'id': '_ayvIOt6tEei97MD7GK1RmA', 'source':'http://www.eclipse.org/gmf/2005/constraints','details':['org.eclipse.emf.ecore.impl.EStringToStringMapEntryImpl@2a63f78c (key: ocl, value: containmentFeature.containment)'],'eModelElement':'containmentFeature'}}" 
},{
	 "id": "39", 
	 "label": "{'changeType': 'Preserve', 'type': 'object', 'className': 'EStringToStringMapEntry', 'attributes': {'id': '_ayvIO96tEei97MD7GK1RmA', 'key':'ocl','value':'containmentFeature.containment'}}" 
},{
	 "id": "40", 
	 "label": "{'changeType': 'Preserve', 'type': 'object', 'className': 'EAnnotation', 'attributes': {'id': '_ayvIPN6tEei97MD7GK1RmA', 'source':'http://www.eclipse.org/gmf/2005/constraints','details':['org.eclipse.emf.ecore.impl.EStringToStringMapEntryImpl@6f2dd893 (key: ocl, value: domainMetaElement.oclIsUndefined() or containmentFeature.eReferenceType.isSuperTypeOf(domainMetaElement))'],'eModelElement':'containmentFeature'}}" 
},{
	 "id": "41", 
	 "label": "{'changeType': 'Preserve', 'type': 'object', 'className': 'EStringToStringMapEntry', 'attributes': {'id': '_ayvIPd6tEei97MD7GK1RmA', 'key':'ocl','value':'domainMetaElement.oclIsUndefined() or containmentFeature.eReferenceType.isSuperTypeOf(domainMetaElement)'}}" 
},{
	 "id": "42", 
	 "label": "{'changeType': 'Preserve', 'type': 'object', 'className': 'EReference', 'attributes': {'id': '_au4i7t6tEei97MD7GK1RmA', 'eAnnotations':['org.eclipse.emf.ecore.impl.EAnnotationImpl@2ea78b25 (source: http://www.eclipse.org/gmf/2005/constraints)'],'name':'editFeature','ordered':'true','unique':'true','lowerBound':'0','upperBound':'1','many':'false','required':'false','eType':'EAttribute','eGenericType':'org.eclipse.emf.ecore.impl.EGenericTypeImpl@502eb8d6 (expression: EAttribute)','changeable':'true','volatile':'false','transient':'false','unsettable':'false','derived':'false','eContainingClass':'AbstractNodeMapping','containment':'false','container':'false','resolveProxies':'true','eReferenceType':'EAttribute'}}" 
},{
	 "id": "43", 
	 "label": "{'changeType': 'Preserve', 'type': 'object', 'className': 'EAnnotation', 'attributes': {'id': '_ayvIQN6tEei97MD7GK1RmA', 'source':'http://www.eclipse.org/gmf/2005/constraints','details':['org.eclipse.emf.ecore.impl.EStringToStringMapEntryImpl@2f4f3722 (key: ocl, value: editFeature.oclIsUndefined() or (not domainMetaElement.oclIsUndefined() and editFeature.eContainingClass.isSuperTypeOf(domainMetaElement)) or containmentFeature.eType.oclAsType(ecore::EClass).eAllAttributes->includes(editFeature))'],'eModelElement':'editFeature'}}" 
},{
	 "id": "44", 
	 "label": "{'changeType': 'Preserve', 'type': 'object', 'className': 'EStringToStringMapEntry', 'attributes': {'id': '_ayvIQd6tEei97MD7GK1RmA', 'key':'ocl','value':'editFeature.oclIsUndefined() or (not domainMetaElement.oclIsUndefined() and editFeature.eContainingClass.isSuperTypeOf(domainMetaElement)) or containmentFeature.eType.oclAsType(ecore::EClass).eAllAttr'}}" 
},{
	 "id": "45", 
	 "label": "{'changeType': 'Preserve', 'type': 'object', 'className': 'EReference', 'attributes': {'id': '_au4i8t6tEei97MD7GK1RmA', 'name':'childMappings','ordered':'true','unique':'true','lowerBound':'0','upperBound':'-1','many':'true','required':'false','eType':'ChildNodeMapping','eGenericType':'org.eclipse.emf.ecore.impl.EGenericTypeImpl@77c78bb4 (expression: ChildNodeMapping)','changeable':'true','volatile':'false','transient':'false','unsettable':'false','derived':'false','eContainingClass':'AbstractNodeMapping','containment':'true','container':'false','resolveProxies':'true','eOpposite':'parentNode','eReferenceType':'ChildNodeMapping'}}" 
},{
	 "id": "46", 
	 "label": "{'changeType': 'Preserve', 'type': 'object', 'className': 'EClass', 'attributes': {'id': '_au4i4t6tEei97MD7GK1RmA', 'name':'MappingEntry','ePackage':'mappings','abstract':'true','interface':'false'}}" 
},{
	 "id": "47", 
	 "label": "{'changeType': 'Preserve', 'type': 'object', 'className': 'EClass', 'attributes': {'id': '_au4i5d6tEei97MD7GK1RmA', 'name':'NodeMapping','ePackage':'mappings','abstract':'false','interface':'false','eGenericSuperTypes':['org.eclipse.emf.ecore.impl.EGenericTypeImpl@290a1d0b (expression: MappingEntry)','org.eclipse.emf.ecore.impl.EGenericTypeImpl@3a86fdd3 (expression: AbstractNodeMapping)']}}" 
},{
	 "id": "48", 
	 "label": "{'changeType': 'Preserve', 'type': 'object', 'className': 'EClass', 'attributes': {'id': '_au4i896tEei97MD7GK1RmA', 'name':'ChildNodeMapping','ePackage':'mappings','abstract':'false','interface':'false','eStructuralFeatures':['compartment','parentNode'],'eGenericSuperTypes':['org.eclipse.emf.ecore.impl.EGenericTypeImpl@6a2491fe (expression: AbstractNodeMapping)']}}" 
},{
	 "id": "49", 
	 "label": "{'changeType': 'Preserve', 'type': 'object', 'className': 'EReference', 'attributes': {'id': '_au4i9N6tEei97MD7GK1RmA', 'eAnnotations':['org.eclipse.emf.ecore.impl.EAnnotationImpl@1eda3435 (source: http://www.eclipse.org/gmf/2005/constraints)'],'name':'compartment','ordered':'true','unique':'true','lowerBound':'1','upperBound':'1','many':'false','required':'true','eType':'Compartment','eGenericType':'org.eclipse.emf.ecore.impl.EGenericTypeImpl@181d2e8c (expression: Compartment)','changeable':'true','volatile':'false','transient':'false','unsettable':'false','derived':'false','eContainingClass':'ChildNodeMapping','containment':'false','container':'false','resolveProxies':'true','eReferenceType':'Compartment'}}" 
},{
	 "id": "50", 
	 "label": "{'changeType': 'Preserve', 'type': 'object', 'className': 'EAnnotation', 'attributes': {'id': '_axcuzt6tEei97MD7GK1RmA', 'source':'http://www.eclipse.org/gmf/2005/constraints','details':['org.eclipse.emf.ecore.impl.EStringToStringMapEntryImpl@5678fedc (key: ocl, value: parentNode.diagramNode.oclAsType(diadef::Node).compartments->includes(self.compartment))'],'eModelElement':'compartment'}}" 
},{
	 "id": "51", 
	 "label": "{'changeType': 'Preserve', 'type': 'object', 'className': 'EStringToStringMapEntry', 'attributes': {'id': '_axcuz96tEei97MD7GK1RmA', 'key':'ocl','value':'parentNode.diagramNode.oclAsType(diadef::Node).compartments->includes(self.compartment)'}}" 
},{
	 "id": "52", 
	 "label": "{'changeType': 'Preserve', 'type': 'object', 'className': 'EReference', 'attributes': {'id': '_axcu5d6tEei97MD7GK1RmA', 'name':'parentNode','ordered':'true','unique':'true','lowerBound':'1','upperBound':'1','many':'false','required':'true','eType':'AbstractNodeMapping','eGenericType':'org.eclipse.emf.ecore.impl.EGenericTypeImpl@3da3af0b (expression: AbstractNodeMapping)','changeable':'false','volatile':'false','transient':'false','unsettable':'false','derived':'false','eContainingClass':'ChildNodeMapping','containment':'false','container':'true','resolveProxies':'true','eOpposite':'childMappings','eReferenceType':'AbstractNodeMapping'}}" 
},{
	 "id": "53", 
	 "label": "{'changeType': 'Preserve', 'type': 'object', 'className': 'EReference', 'attributes': {'id': '_au4jBd6tEei97MD7GK1RmA', 'name':'diagramLink','ordered':'true','unique':'true','lowerBound':'1','upperBound':'1','many':'false','required':'true','eType':'Connection','eGenericType':'org.eclipse.emf.ecore.impl.EGenericTypeImpl@353749ff (expression: Connection)','changeable':'true','volatile':'false','transient':'false','unsettable':'false','derived':'false','eContainingClass':'LinkMapping','containment':'false','container':'false','resolveProxies':'true','eReferenceType':'Connection'}}" 
},{
	 "id": "54", 
	 "label": "{'changeType': 'Preserve', 'type': 'object', 'className': 'EReference', 'attributes': {'id': '_au4jB96tEei97MD7GK1RmA', 'name':'domainMetaElement','ordered':'true','unique':'true','lowerBound':'0','upperBound':'1','many':'false','required':'false','eType':'EClass','eGenericType':'org.eclipse.emf.ecore.impl.EGenericTypeImpl@58dd016 (expression: EClass)','changeable':'true','volatile':'false','transient':'false','unsettable':'false','derived':'false','eContainingClass':'LinkMapping','containment':'false','container':'false','resolveProxies':'true','eReferenceType':'EClass'}}" 
},{
	 "id": "55", 
	 "label": "{'changeType': 'Preserve', 'type': 'object', 'className': 'EReference', 'attributes': {'id': '_avoJ7N6tEei97MD7GK1RmA', 'eAnnotations':['org.eclipse.emf.ecore.impl.EAnnotationImpl@7cfd5185 (source: http://www.eclipse.org/emf/2002/GenModel)','org.eclipse.emf.ecore.impl.EAnnotationImpl@444ae4bd (source: http://www.eclipse.org/gmf/2005/constraints/meta)'],'name':'domainSpecialization','ordered':'true','unique':'true','lowerBound':'0','upperBound':'1','many':'false','required':'false','eType':'Constraint','eGenericType':'org.eclipse.emf.ecore.impl.EGenericTypeImpl@45e7cbe2 (expression: Constraint)','changeable':'true','volatile':'false','transient':'false','unsettable':'false','derived':'false','eContainingClass':'LinkMapping','containment':'true','container':'false','resolveProxies':'true','eReferenceType':'Constraint'}}" 
},{
	 "id": "56", 
	 "label": "{'changeType': 'Preserve', 'type': 'object', 'className': 'EAnnotation', 'attributes': {'id': '_avoJ7d6tEei97MD7GK1RmA', 'source':'http://www.eclipse.org/emf/2002/GenModel','details':['org.eclipse.emf.ecore.impl.EStringToStringMapEntryImpl@2f2c8c2e (key: documentation, value: Specializes further the domain meta element EClass associated with this mapping and should be evaluated in this EClass context)'],'eModelElement':'domainSpecialization'}}" 
},{
	 "id": "57", 
	 "label": "{'changeType': 'Preserve', 'type': 'object', 'className': 'EStringToStringMapEntry', 'attributes': {'id': '_avoJ7t6tEei97MD7GK1RmA', 'key':'documentation','value':'Specializes further the domain meta element EClass associated with this mapping and should be evaluated in this EClass context'}}" 
},{
	 "id": "58", 
	 "label": "{'changeType': 'Preserve', 'type': 'object', 'className': 'EAnnotation', 'attributes': {'id': '_aycNed6tEei97MD7GK1RmA', 'source':'http://www.eclipse.org/gmf/2005/constraints/meta','details':['org.eclipse.emf.ecore.impl.EStringToStringMapEntryImpl@63d29558 (key: def, value: context)','org.eclipse.emf.ecore.impl.EStringToStringMapEntryImpl@75b591de (key: ocl, value: if domainMetaElement.oclIsUndefined() then linkMetaFeature.eContainingClass else domainMetaElement endif )'],'eModelElement':'domainSpecialization'}}" 
},{
	 "id": "59", 
	 "label": "{'changeType': 'Preserve', 'type': 'object', 'className': 'EStringToStringMapEntry', 'attributes': {'id': '_aycNet6tEei97MD7GK1RmA', 'key':'def','value':'context'}}" 
},{
	 "id": "60", 
	 "label": "{'changeType': 'Preserve', 'type': 'object', 'className': 'EStringToStringMapEntry', 'attributes': {'id': '_aycNe96tEei97MD7GK1RmA', 'key':'ocl','value':'if domainMetaElement.oclIsUndefined() then linkMetaFeature.eContainingClass else domainMetaElement endif '}}" 
},{
	 "id": "61", 
	 "label": "{'changeType': 'Preserve', 'type': 'object', 'className': 'EReference', 'attributes': {'id': '_av7E5d6tEei97MD7GK1RmA', 'eAnnotations':['org.eclipse.emf.ecore.impl.EAnnotationImpl@2dcf4add (source: http://www.eclipse.org/emf/2002/GenModel)','org.eclipse.emf.ecore.impl.EAnnotationImpl@3a2239e (source: http://www.eclipse.org/gmf/2005/constraints)','...'],'name':'domainInitializer','ordered':'true','unique':'true','lowerBound':'0','upperBound':'1','many':'false','required':'false','eType':'ElementInitializer','eGenericType':'org.eclipse.emf.ecore.impl.EGenericTypeImpl@2a11364d (expression: ElementInitializer)','changeable':'true','volatile':'false','transient':'false','unsettable':'false','derived':'false','eContainingClass':'LinkMapping','containment':'true','container':'false','resolveProxies':'true','eReferenceType':'ElementInitializer'}}" 
},{
	 "id": "62", 
	 "label": "{'changeType': 'Preserve', 'type': 'object', 'className': 'EAnnotation', 'attributes': {'id': '_av7E5t6tEei97MD7GK1RmA', 'source':'http://www.eclipse.org/emf/2002/GenModel','details':['org.eclipse.emf.ecore.impl.EStringToStringMapEntryImpl@5a406269 (key: documentation, value: Initializer for the domain model element associated with mapping)'],'eModelElement':'domainInitializer'}}" 
},{
	 "id": "63", 
	 "label": "{'changeType': 'Preserve', 'type': 'object', 'className': 'EStringToStringMapEntry', 'attributes': {'id': '_av7E596tEei97MD7GK1RmA', 'key':'documentation','value':'Initializer for the domain model element associated with mapping'}}" 
},{
	 "id": "64", 
	 "label": "{'changeType': 'Preserve', 'type': 'object', 'className': 'EAnnotation', 'attributes': {'id': '_axcu8d6tEei97MD7GK1RmA', 'source':'http://www.eclipse.org/gmf/2005/constraints','details':['org.eclipse.emf.ecore.impl.EStringToStringMapEntryImpl@24c31bae (key: ocl, value: let i : FeatureSeqInitializer = domainInitializer.oclAsType( FeatureSeqInitializer) in i.oclIsUndefined() or i.initializers.feature.eContainingClass->forAll(c|c.isSuperTypeOf(domainMetaElement)) )'],'eModelElement':'domainInitializer'}}" 
},{
	 "id": "65", 
	 "label": "{'changeType': 'Preserve', 'type': 'object', 'className': 'EStringToStringMapEntry', 'attributes': {'id': '_axcu8t6tEei97MD7GK1RmA', 'key':'ocl','value':'let i : FeatureSeqInitializer = domainInitializer.oclAsType( FeatureSeqInitializer) in i.oclIsUndefined() or i.initializers.feature.eContainingClass->forAll(c|c.isSuperTypeOf(domainMetaElement)) '}}" 
},{
	 "id": "66", 
	 "label": "{'changeType': 'Preserve', 'type': 'object', 'className': 'EAnnotation', 'attributes': {'id': '_aycNgd6tEei97MD7GK1RmA', 'source':'http://www.eclipse.org/gmf/2005/constraints/meta','details':['org.eclipse.emf.ecore.impl.EStringToStringMapEntryImpl@2a87536b (key: def, value: context)','org.eclipse.emf.ecore.impl.EStringToStringMapEntryImpl@382b3b76 (key: ocl, value: if domainMetaElement.oclIsUndefined() then linkMetaFeature.eContainingClass else domainMetaElement endif )'],'eModelElement':'domainInitializer'}}" 
},{
	 "id": "67", 
	 "label": "{'changeType': 'Preserve', 'type': 'object', 'className': 'EStringToStringMapEntry', 'attributes': {'id': '_aycNgt6tEei97MD7GK1RmA', 'key':'def','value':'context'}}" 
},{
	 "id": "68", 
	 "label": "{'changeType': 'Preserve', 'type': 'object', 'className': 'EStringToStringMapEntry', 'attributes': {'id': '_aycNg96tEei97MD7GK1RmA', 'key':'ocl','value':'if domainMetaElement.oclIsUndefined() then linkMetaFeature.eContainingClass else domainMetaElement endif '}}" 
},{
	 "id": "69", 
	 "label": "{'changeType': 'Preserve', 'type': 'object', 'className': 'EReference', 'attributes': {'id': '_au4jCd6tEei97MD7GK1RmA', 'eAnnotations':['org.eclipse.emf.ecore.impl.EAnnotationImpl@1ebc8a12 (source: http://www.eclipse.org/gmf/2005/constraints)'],'name':'containmentFeature','ordered':'true','unique':'true','lowerBound':'0','upperBound':'1','many':'false','required':'false','eType':'EReference','eGenericType':'org.eclipse.emf.ecore.impl.EGenericTypeImpl@6f21e48e (expression: EReference)','changeable':'true','volatile':'false','transient':'false','unsettable':'false','derived':'false','eContainingClass':'LinkMapping','containment':'false','container':'false','resolveProxies':'true','eReferenceType':'EReference'}}" 
},{
	 "id": "70", 
	 "label": "{'changeType': 'Preserve', 'type': 'object', 'className': 'EAnnotation', 'attributes': {'id': '_axcu9N6tEei97MD7GK1RmA', 'source':'http://www.eclipse.org/gmf/2005/constraints','details':['org.eclipse.emf.ecore.impl.EStringToStringMapEntryImpl@eb09ea5 (key: ocl, value: containmentFeature.oclIsUndefined() or containmentFeature.eReferenceType.isSuperTypeOf(domainMetaElement))'],'eModelElement':'containmentFeature'}}" 
},{
	 "id": "71", 
	 "label": "{'changeType': 'Preserve', 'type': 'object', 'className': 'EStringToStringMapEntry', 'attributes': {'id': '_axcu9d6tEei97MD7GK1RmA', 'key':'ocl','value':'containmentFeature.oclIsUndefined() or containmentFeature.eReferenceType.isSuperTypeOf(domainMetaElement)'}}" 
},{
	 "id": "72", 
	 "label": "{'changeType': 'Preserve', 'type': 'object', 'className': 'EReference', 'attributes': {'id': '_au4jDd6tEei97MD7GK1RmA', 'eAnnotations':['org.eclipse.emf.ecore.impl.EAnnotationImpl@5b3d3608 (source: http://www.eclipse.org/gmf/2005/constraints)'],'name':'labelEditFeature','ordered':'true','unique':'true','lowerBound':'0','upperBound':'1','many':'false','required':'false','eType':'EAttribute','eGenericType':'org.eclipse.emf.ecore.impl.EGenericTypeImpl@31974558 (expression: EAttribute)','changeable':'true','volatile':'false','transient':'false','unsettable':'false','derived':'false','eContainingClass':'LinkMapping','containment':'false','container':'false','resolveProxies':'true','eReferenceType':'EAttribute'}}" 
},{
	 "id": "73", 
	 "label": "{'changeType': 'Preserve', 'type': 'object', 'className': 'EAnnotation', 'attributes': {'id': '_axcu-N6tEei97MD7GK1RmA', 'source':'http://www.eclipse.org/gmf/2005/constraints','details':['org.eclipse.emf.ecore.impl.EStringToStringMapEntryImpl@51f2ce7c (key: ocl, value: labelEditFeature.oclIsUndefined() or labelEditFeature.eContainingClass.isSuperTypeOf(domainMetaElement))'],'eModelElement':'labelEditFeature'}}" 
},{
	 "id": "74", 
	 "label": "{'changeType': 'Preserve', 'type': 'object', 'className': 'EStringToStringMapEntry', 'attributes': {'id': '_axcu-d6tEei97MD7GK1RmA', 'key':'ocl','value':'labelEditFeature.oclIsUndefined() or labelEditFeature.eContainingClass.isSuperTypeOf(domainMetaElement)'}}" 
},{
	 "id": "75", 
	 "label": "{'changeType': 'Preserve', 'type': 'object', 'className': 'EReference', 'attributes': {'id': '_au4jD96tEei97MD7GK1RmA', 'eAnnotations':['org.eclipse.emf.ecore.impl.EAnnotationImpl@7cddd711 (source: http://www.eclipse.org/emf/2002/GenModel)','org.eclipse.emf.ecore.impl.EAnnotationImpl@30ad4866 (source: http://www.eclipse.org/gmf/2005/constraints)'],'name':'labelDisplayFeature','ordered':'true','unique':'true','lowerBound':'0','upperBound':'1','many':'false','required':'false','eType':'EAttribute','eGenericType':'org.eclipse.emf.ecore.impl.EGenericTypeImpl@7d4a0bd4 (expression: EAttribute)','changeable':'true','volatile':'false','transient':'false','unsettable':'false','derived':'false','eContainingClass':'LinkMapping','containment':'false','container':'false','resolveProxies':'true','eReferenceType':'EAttribute'}}" 
},{
	 "id": "76", 
	 "label": "{'changeType': 'Preserve', 'type': 'object', 'className': 'EAnnotation', 'attributes': {'id': '_au4jEN6tEei97MD7GK1RmA', 'source':'http://www.eclipse.org/emf/2002/GenModel','details':['org.eclipse.emf.ecore.impl.EStringToStringMapEntryImpl@3b1b67d8 (key: documentation, value: By default, same as editFeature, once latter is set)'],'eModelElement':'labelDisplayFeature'}}" 
},{
	 "id": "77", 
	 "label": "{'changeType': 'Preserve', 'type': 'object', 'className': 'EStringToStringMapEntry', 'attributes': {'id': '_au4jEd6tEei97MD7GK1RmA', 'key':'documentation','value':'By default, same as editFeature, once latter is set'}}" 
},{
	 "id": "78", 
	 "label": "{'changeType': 'Preserve', 'type': 'object', 'className': 'EAnnotation', 'attributes': {'id': '_axcu_t6tEei97MD7GK1RmA', 'source':'http://www.eclipse.org/gmf/2005/constraints','details':['org.eclipse.emf.ecore.impl.EStringToStringMapEntryImpl@6f3d2c7d (key: ocl, value: labelDisplayFeature.oclIsUndefined() or labelDisplayFeature.eContainingClass.isSuperTypeOf(domainMetaElement))'],'eModelElement':'labelDisplayFeature'}}" 
},{
	 "id": "79", 
	 "label": "{'changeType': 'Preserve', 'type': 'object', 'className': 'EStringToStringMapEntry', 'attributes': {'id': '_axcu_96tEei97MD7GK1RmA', 'key':'ocl','value':'labelDisplayFeature.oclIsUndefined() or labelDisplayFeature.eContainingClass.isSuperTypeOf(domainMetaElement)'}}" 
},{
	 "id": "80", 
	 "label": "{'changeType': 'Preserve', 'type': 'object', 'className': 'EReference', 'attributes': {'id': '_au4jE96tEei97MD7GK1RmA', 'eAnnotations':['org.eclipse.emf.ecore.impl.EAnnotationImpl@473b13bd (source: http://www.eclipse.org/gmf/2005/constraints)'],'name':'linkMetaFeature','ordered':'true','unique':'true','lowerBound':'1','upperBound':'1','many':'false','required':'true','eType':'EStructuralFeature','eGenericType':'org.eclipse.emf.ecore.impl.EGenericTypeImpl@6cda36b0 (expression: EStructuralFeature)','changeable':'true','volatile':'false','transient':'false','unsettable':'false','derived':'false','eContainingClass':'LinkMapping','containment':'false','container':'false','resolveProxies':'true','eReferenceType':'EStructuralFeature'}}" 
},{
	 "id": "81", 
	 "label": "{'changeType': 'Preserve', 'type': 'object', 'className': 'EAnnotation', 'attributes': {'id': '_axcvAt6tEei97MD7GK1RmA', 'source':'http://www.eclipse.org/gmf/2005/constraints','details':['org.eclipse.emf.ecore.impl.EStringToStringMapEntryImpl@416381e3 (key: ocl, value: domainMetaElement.oclIsUndefined() or linkMetaFeature.eContainingClass.isSuperTypeOf(domainMetaElement))'],'eModelElement':'linkMetaFeature'}}" 
},{
	 "id": "82", 
	 "label": "{'changeType': 'Preserve', 'type': 'object', 'className': 'EStringToStringMapEntry', 'attributes': {'id': '_axcvA96tEei97MD7GK1RmA', 'key':'ocl','value':'domainMetaElement.oclIsUndefined() or linkMetaFeature.eContainingClass.isSuperTypeOf(domainMetaElement)'}}" 
},{
	 "id": "83", 
	 "label": "{'changeType': 'Preserve', 'type': 'object', 'className': 'EClass', 'attributes': {'id': '_au4jFd6tEei97MD7GK1RmA', 'name':'CanvasMapping','ePackage':'mappings','abstract':'false','interface':'false','eStructuralFeatures':['diagramCanvas','domainModel','domainMetaElement'],'eGenericSuperTypes':['org.eclipse.emf.ecore.impl.EGenericTypeImpl@12bd4e59 (expression: MappingEntry)']}}" 
},{
	 "id": "84", 
	 "label": "{'changeType': 'Preserve', 'type': 'object', 'className': 'EReference', 'attributes': {'id': '_au4jFt6tEei97MD7GK1RmA', 'name':'diagramCanvas','ordered':'true','unique':'true','lowerBound':'1','upperBound':'1','many':'false','required':'true','eType':'Canvas','eGenericType':'org.eclipse.emf.ecore.impl.EGenericTypeImpl@72de6983 (expression: Canvas)','changeable':'true','volatile':'false','transient':'false','unsettable':'false','derived':'false','eContainingClass':'CanvasMapping','containment':'false','container':'false','resolveProxies':'true','eReferenceType':'Canvas'}}" 
},{
	 "id": "85", 
	 "label": "{'changeType': 'Preserve', 'type': 'object', 'className': 'EReference', 'attributes': {'id': '_au4jGN6tEei97MD7GK1RmA', 'name':'domainModel','ordered':'true','unique':'true','lowerBound':'0','upperBound':'1','many':'false','required':'false','eType':'EPackage','eGenericType':'org.eclipse.emf.ecore.impl.EGenericTypeImpl@27555e3e (expression: EPackage)','changeable':'true','volatile':'false','transient':'false','unsettable':'false','derived':'false','eContainingClass':'CanvasMapping','containment':'false','container':'false','resolveProxies':'true','eReferenceType':'EPackage'}}" 
},{
	 "id": "86", 
	 "label": "{'changeType': 'Preserve', 'type': 'object', 'className': 'EReference', 'attributes': {'id': '_au4jGt6tEei97MD7GK1RmA', 'name':'domainMetaElement','ordered':'true','unique':'true','lowerBound':'0','upperBound':'1','many':'false','required':'false','eType':'EClass','eGenericType':'org.eclipse.emf.ecore.impl.EGenericTypeImpl@cab66fc (expression: EClass)','changeable':'true','volatile':'false','transient':'false','unsettable':'false','derived':'false','eContainingClass':'CanvasMapping','containment':'false','container':'false','resolveProxies':'true','eReferenceType':'EClass'}}" 
},{
	 "id": "87", 
	 "label": "{'changeType': 'Preserve', 'type': 'object', 'className': 'EClass', 'attributes': {'id': '_au4jHN6tEei97MD7GK1RmA', 'name':'Mapping','ePackage':'mappings','abstract':'false','interface':'false','eStructuralFeatures':['nodes','links','diagram']}}" 
},{
	 "id": "88", 
	 "label": "{'changeType': 'Preserve', 'type': 'object', 'className': 'EReference', 'attributes': {'id': '_au4jHd6tEei97MD7GK1RmA', 'name':'nodes','ordered':'true','unique':'true','lowerBound':'1','upperBound':'-1','many':'true','required':'true','eType':'NodeMapping','eGenericType':'org.eclipse.emf.ecore.impl.EGenericTypeImpl@79bdbd0 (expression: NodeMapping)','changeable':'true','volatile':'false','transient':'false','unsettable':'false','derived':'false','eContainingClass':'Mapping','containment':'true','container':'false','resolveProxies':'false','eReferenceType':'NodeMapping'}}" 
},{
	 "id": "89", 
	 "label": "{'changeType': 'Preserve', 'type': 'object', 'className': 'EReference', 'attributes': {'id': '_au4jHt6tEei97MD7GK1RmA', 'name':'links','ordered':'true','unique':'true','lowerBound':'0','upperBound':'-1','many':'true','required':'false','eType':'LinkMapping','eGenericType':'org.eclipse.emf.ecore.impl.EGenericTypeImpl@2349a042 (expression: LinkMapping)','changeable':'true','volatile':'false','transient':'false','unsettable':'false','derived':'false','eContainingClass':'Mapping','containment':'true','container':'false','resolveProxies':'false','eReferenceType':'LinkMapping'}}" 
},{
	 "id": "90", 
	 "label": "{'changeType': 'Preserve', 'type': 'object', 'className': 'EReference', 'attributes': {'id': '_au4jH96tEei97MD7GK1RmA', 'name':'diagram','ordered':'true','unique':'true','lowerBound':'1','upperBound':'1','many':'false','required':'true','eType':'CanvasMapping','eGenericType':'org.eclipse.emf.ecore.impl.EGenericTypeImpl@4cb78f8a (expression: CanvasMapping)','changeable':'true','volatile':'false','transient':'false','unsettable':'false','derived':'false','eContainingClass':'Mapping','containment':'true','container':'false','resolveProxies':'false','eReferenceType':'CanvasMapping'}}" 
},{
	 "id": "91", 
	 "label": "{'changeType': 'Preserve', 'type': 'object', 'className': 'EClass', 'attributes': {'id': '_avoKBt6tEei97MD7GK1RmA', 'eAnnotations':['org.eclipse.emf.ecore.impl.EAnnotationImpl@749e3df9 (source: http://www.eclipse.org/emf/2002/GenModel)','org.eclipse.emf.ecore.impl.EAnnotationImpl@4dda2584 (source: http://www.eclipse.org/gmf/2005/constraints/meta)'],'name':'Constraint','ePackage':'mappings','abstract':'false','interface':'false','eGenericSuperTypes':['org.eclipse.emf.ecore.impl.EGenericTypeImpl@7ab32b4c (expression: ValueExpression)']}}" 
},{
	 "id": "92", 
	 "label": "{'changeType': 'Preserve', 'type': 'object', 'className': 'EAnnotation', 'attributes': {'id': '_avoKCd6tEei97MD7GK1RmA', 'source':'http://www.eclipse.org/emf/2002/GenModel','details':['org.eclipse.emf.ecore.impl.EStringToStringMapEntryImpl@3d61267d (key: documentation, value: Boolean type value expression which is to be evaluated in a context)'],'eModelElement':'Constraint'}}" 
},{
	 "id": "93", 
	 "label": "{'changeType': 'Preserve', 'type': 'object', 'className': 'EStringToStringMapEntry', 'attributes': {'id': '_avoKCt6tEei97MD7GK1RmA', 'key':'documentation','value':'Boolean type value expression which is to be evaluated in a context'}}" 
},{
	 "id": "94", 
	 "label": "{'changeType': 'Preserve', 'type': 'object', 'className': 'EAnnotation', 'attributes': {'id': '_aycNpN6tEei97MD7GK1RmA', 'source':'http://www.eclipse.org/gmf/2005/constraints/meta','details':['org.eclipse.emf.ecore.impl.EStringToStringMapEntryImpl@90f88d6 (key: def, value: Constraint)'],'eModelElement':'Constraint'}}" 
},{
	 "id": "95", 
	 "label": "{'changeType': 'Preserve', 'type': 'object', 'className': 'EStringToStringMapEntry', 'attributes': {'id': '_aycNpd6tEei97MD7GK1RmA', 'key':'def','value':'Constraint'}}" 
},{
	 "id": "96", 
	 "label": "{'changeType': 'Preserve', 'type': 'object', 'className': 'EClass', 'attributes': {'id': '_avoKC96tEei97MD7GK1RmA', 'eAnnotations':['org.eclipse.emf.ecore.impl.EAnnotationImpl@389d90c7 (source: http://www.eclipse.org/gmf/2005/constraints/meta)','org.eclipse.emf.ecore.impl.EAnnotationImpl@514b1135 (source: http://www.eclipse.org/emf/2002/GenModel)'],'name':'ValueExpression','ePackage':'mappings','abstract':'false','interface':'false','eStructuralFeatures':['body','language']}}" 
},{
	 "id": "97", 
	 "label": "{'changeType': 'Preserve', 'type': 'object', 'className': 'EAnnotation', 'attributes': {'id': '_aycNp96tEei97MD7GK1RmA', 'source':'http://www.eclipse.org/gmf/2005/constraints/meta','details':['org.eclipse.emf.ecore.impl.EStringToStringMapEntryImpl@24777455 (key: def, value: ValueSpec)'],'eModelElement':'ValueExpression'}}" 
},{
	 "id": "98", 
	 "label": "{'changeType': 'Preserve', 'type': 'object', 'className': 'EStringToStringMapEntry', 'attributes': {'id': '_aycNqN6tEei97MD7GK1RmA', 'key':'def','value':'ValueSpec'}}" 
},{
	 "id": "99", 
	 "label": "{'changeType': 'Preserve', 'type': 'object', 'className': 'EAnnotation', 'attributes': {'id': '_avoKDN6tEei97MD7GK1RmA', 'source':'http://www.eclipse.org/emf/2002/GenModel','details':['org.eclipse.emf.ecore.impl.EStringToStringMapEntryImpl@58bca32 (key: documentation, value: Expression as a textual statement which results in a value when evaluated in a context)'],'eModelElement':'ValueExpression'}}" 
},{
	 "id": "100", 
	 "label": "{'changeType': 'Preserve', 'type': 'object', 'className': 'EStringToStringMapEntry', 'attributes': {'id': '_avoKDd6tEei97MD7GK1RmA', 'key':'documentation','value':'Expression as a textual statement which results in a value when evaluated in a context'}}" 
},{
	 "id": "101", 
	 "label": "{'changeType': 'Preserve', 'type': 'object', 'className': 'EAttribute', 'attributes': {'id': '_avoKDt6tEei97MD7GK1RmA', 'eAnnotations':['org.eclipse.emf.ecore.impl.EAnnotationImpl@4e0e7a5d (source: http://www.eclipse.org/emf/2002/GenModel)','org.eclipse.emf.ecore.impl.EAnnotationImpl@1cc49090 (source: http://www.eclipse.org/gmf/2005/constraints/meta)'],'name':'body','ordered':'true','unique':'true','lowerBound':'1','upperBound':'1','many':'false','required':'true','eType':'EString','eGenericType':'org.eclipse.emf.ecore.impl.EGenericTypeImpl@535cc2e5 (expression: EString)','changeable':'true','volatile':'false','transient':'false','unsettable':'false','derived':'false','eContainingClass':'ValueExpression','iD':'false','eAttributeType':'EString'}}" 
},{
	 "id": "102", 
	 "label": "{'changeType': 'Preserve', 'type': 'object', 'className': 'EAnnotation', 'attributes': {'id': '_avoKD96tEei97MD7GK1RmA', 'source':'http://www.eclipse.org/emf/2002/GenModel','details':['org.eclipse.emf.ecore.impl.EStringToStringMapEntryImpl@47450810 (key: documentation, value: The text of the expression)'],'eModelElement':'body'}}" 
},{
	 "id": "103", 
	 "label": "{'changeType': 'Preserve', 'type': 'object', 'className': 'EStringToStringMapEntry', 'attributes': {'id': '_avoKEN6tEei97MD7GK1RmA', 'key':'documentation','value':'The text of the expression'}}" 
},{
	 "id": "104", 
	 "label": "{'changeType': 'Preserve', 'type': 'object', 'className': 'EAnnotation', 'attributes': {'id': '_aycNrt6tEei97MD7GK1RmA', 'source':'http://www.eclipse.org/gmf/2005/constraints/meta','details':['org.eclipse.emf.ecore.impl.EStringToStringMapEntryImpl@6ebd91fd (key: def, value: body)'],'eModelElement':'body'}}" 
},{
	 "id": "105", 
	 "label": "{'changeType': 'Preserve', 'type': 'object', 'className': 'EStringToStringMapEntry', 'attributes': {'id': '_aycNr96tEei97MD7GK1RmA', 'key':'def','value':'body'}}" 
},{
	 "id": "106", 
	 "label": "{'changeType': 'Preserve', 'type': 'object', 'className': 'EAttribute', 'attributes': {'id': '_avoKEt6tEei97MD7GK1RmA', 'eAnnotations':['org.eclipse.emf.ecore.impl.EAnnotationImpl@44e0200 (source: http://www.eclipse.org/emf/2002/GenModel)','org.eclipse.emf.ecore.impl.EAnnotationImpl@3300e8cd (source: http://www.eclipse.org/gmf/2005/constraints/meta)'],'name':'language','ordered':'true','unique':'true','lowerBound':'0','upperBound':'1','many':'false','required':'false','eType':'EString','eGenericType':'org.eclipse.emf.ecore.impl.EGenericTypeImpl@493a5eee (expression: EString)','changeable':'true','volatile':'false','transient':'false','defaultValueLiteral':'ocl','defaultValue':'ocl','unsettable':'false','derived':'false','eContainingClass':'ValueExpression','iD':'false','eAttributeType':'EString'}}" 
},{
	 "id": "107", 
	 "label": "{'changeType': 'Preserve', 'type': 'object', 'className': 'EAnnotation', 'attributes': {'id': '_avoKE96tEei97MD7GK1RmA', 'source':'http://www.eclipse.org/emf/2002/GenModel','details':['org.eclipse.emf.ecore.impl.EStringToStringMapEntryImpl@67e590d (key: documentation, value: Specifies the language in which the expression is stated)'],'eModelElement':'language'}}" 
},{
	 "id": "108", 
	 "label": "{'changeType': 'Preserve', 'type': 'object', 'className': 'EStringToStringMapEntry', 'attributes': {'id': '_avoKFN6tEei97MD7GK1RmA', 'key':'documentation','value':'Specifies the language in which the expression is stated'}}" 
},{
	 "id": "109", 
	 "label": "{'changeType': 'Preserve', 'type': 'object', 'className': 'EAnnotation', 'attributes': {'id': '_aycNtN6tEei97MD7GK1RmA', 'source':'http://www.eclipse.org/gmf/2005/constraints/meta','details':['org.eclipse.emf.ecore.impl.EStringToStringMapEntryImpl@3d90055e (key: def, value: lang)'],'eModelElement':'language'}}" 
},{
	 "id": "110", 
	 "label": "{'changeType': 'Preserve', 'type': 'object', 'className': 'EStringToStringMapEntry', 'attributes': {'id': '_aycNtd6tEei97MD7GK1RmA', 'key':'def','value':'lang'}}" 
},{
	 "id": "111", 
	 "label": "{'changeType': 'Preserve', 'type': 'object', 'className': 'EClass', 'attributes': {'id': '_av7FD96tEei97MD7GK1RmA', 'eAnnotations':['org.eclipse.emf.ecore.impl.EAnnotationImpl@90a1107 (source: http://www.eclipse.org/emf/2002/GenModel)'],'name':'ElementInitializer','ePackage':'mappings','abstract':'false','interface':'true'}}" 
},{
	 "id": "112", 
	 "label": "{'changeType': 'Preserve', 'type': 'object', 'className': 'EAnnotation', 'attributes': {'id': '_av7FEN6tEei97MD7GK1RmA', 'source':'http://www.eclipse.org/emf/2002/GenModel','details':['org.eclipse.emf.ecore.impl.EStringToStringMapEntryImpl@340d5f8d (key: documentation, value: Base class for initializers of domain model elements)'],'eModelElement':'ElementInitializer'}}" 
},{
	 "id": "113", 
	 "label": "{'changeType': 'Preserve', 'type': 'object', 'className': 'EStringToStringMapEntry', 'attributes': {'id': '_av7FEd6tEei97MD7GK1RmA', 'key':'documentation','value':'Base class for initializers of domain model elements'}}" 
},{
	 "id": "114", 
	 "label": "{'changeType': 'Preserve', 'type': 'object', 'className': 'EClass', 'attributes': {'id': '_av7FEt6tEei97MD7GK1RmA', 'eAnnotations':['org.eclipse.emf.ecore.impl.EAnnotationImpl@d84990f (source: http://www.eclipse.org/emf/2002/GenModel)'],'name':'FeatureSeqInitializer','ePackage':'mappings','abstract':'false','interface':'false','eStructuralFeatures':['initializers'],'eGenericSuperTypes':['org.eclipse.emf.ecore.impl.EGenericTypeImpl@545f28aa (expression: ElementInitializer)']}}" 
},{
	 "id": "115", 
	 "label": "{'changeType': 'Preserve', 'type': 'object', 'className': 'EAnnotation', 'attributes': {'id': '_av7FE96tEei97MD7GK1RmA', 'source':'http://www.eclipse.org/emf/2002/GenModel','details':['org.eclipse.emf.ecore.impl.EStringToStringMapEntryImpl@53ab4e05 (key: documentation, value: Feature sequence initializer)'],'eModelElement':'FeatureSeqInitializer'}}" 
},{
	 "id": "116", 
	 "label": "{'changeType': 'Preserve', 'type': 'object', 'className': 'EStringToStringMapEntry', 'attributes': {'id': '_av7FFN6tEei97MD7GK1RmA', 'key':'documentation','value':'Feature sequence initializer'}}" 
},{
	 "id": "117", 
	 "label": "{'changeType': 'Preserve', 'type': 'object', 'className': 'EReference', 'attributes': {'id': '_av7FFd6tEei97MD7GK1RmA', 'eAnnotations':['org.eclipse.emf.ecore.impl.EAnnotationImpl@c63658e (source: http://www.eclipse.org/emf/2002/GenModel)'],'name':'initializers','ordered':'true','unique':'true','lowerBound':'1','upperBound':'-1','many':'true','required':'true','eType':'FeatureValueSpec','eGenericType':'org.eclipse.emf.ecore.impl.EGenericTypeImpl@31629585 (expression: FeatureValueSpec)','changeable':'true','volatile':'false','transient':'false','unsettable':'false','derived':'false','eContainingClass':'FeatureSeqInitializer','containment':'true','container':'false','resolveProxies':'true','eReferenceType':'FeatureValueSpec'}}" 
},{
	 "id": "118", 
	 "label": "{'changeType': 'Preserve', 'type': 'object', 'className': 'EAnnotation', 'attributes': {'id': '_av7FFt6tEei97MD7GK1RmA', 'source':'http://www.eclipse.org/emf/2002/GenModel','details':['org.eclipse.emf.ecore.impl.EStringToStringMapEntryImpl@2586c9ec (key: documentation, value: Value specifications as initializers for individual features which should be initialized in the order given by this list)'],'eModelElement':'initializers'}}" 
},{
	 "id": "119", 
	 "label": "{'changeType': 'Preserve', 'type': 'object', 'className': 'EStringToStringMapEntry', 'attributes': {'id': '_av7FF96tEei97MD7GK1RmA', 'key':'documentation','value':'Value specifications as initializers for individual features which should be initialized in the order given by this list'}}" 
},{
	 "id": "120", 
	 "label": "{'changeType': 'Preserve', 'type': 'object', 'className': 'EClass', 'attributes': {'id': '_av7FGN6tEei97MD7GK1RmA', 'eAnnotations':['org.eclipse.emf.ecore.impl.EAnnotationImpl@3ac2d658 (source: http://www.eclipse.org/emf/2002/GenModel)','org.eclipse.emf.ecore.impl.EAnnotationImpl@26c269d1 (source: http://www.eclipse.org/gmf/2005/constraints/meta)'],'name':'FeatureValueSpec','ePackage':'mappings','abstract':'false','interface':'false','eStructuralFeatures':['feature'],'eGenericSuperTypes':['org.eclipse.emf.ecore.impl.EGenericTypeImpl@2d9a8970 (expression: ValueExpression)']}}" 
},{
	 "id": "121", 
	 "label": "{'changeType': 'Preserve', 'type': 'object', 'className': 'EAnnotation', 'attributes': {'id': '_av7FGd6tEei97MD7GK1RmA', 'source':'http://www.eclipse.org/emf/2002/GenModel','details':['org.eclipse.emf.ecore.impl.EStringToStringMapEntryImpl@2998b145 (key: documentation, value: Value specification associated with a specific feature)'],'eModelElement':'FeatureValueSpec'}}" 
},{
	 "id": "122", 
	 "label": "{'changeType': 'Preserve', 'type': 'object', 'className': 'EStringToStringMapEntry', 'attributes': {'id': '_av7FGt6tEei97MD7GK1RmA', 'key':'documentation','value':'Value specification associated with a specific feature'}}" 
},{
	 "id": "123", 
	 "label": "{'changeType': 'Preserve', 'type': 'object', 'className': 'EAnnotation', 'attributes': {'id': '_aycNw96tEei97MD7GK1RmA', 'source':'http://www.eclipse.org/gmf/2005/constraints/meta','details':['org.eclipse.emf.ecore.impl.EStringToStringMapEntryImpl@5feaa570 (key: def, value: ValueSpec)'],'eModelElement':'FeatureValueSpec'}}" 
},{
	 "id": "124", 
	 "label": "{'changeType': 'Preserve', 'type': 'object', 'className': 'EStringToStringMapEntry', 'attributes': {'id': '_aycNxN6tEei97MD7GK1RmA', 'key':'def','value':'ValueSpec'}}" 
},{
	 "id": "125", 
	 "label": "{'changeType': 'Preserve', 'type': 'object', 'className': 'EReference', 'attributes': {'id': '_av7FG96tEei97MD7GK1RmA', 'eAnnotations':['org.eclipse.emf.ecore.impl.EAnnotationImpl@1fc84d69 (source: http://www.eclipse.org/emf/2002/GenModel)','org.eclipse.emf.ecore.impl.EAnnotationImpl@203ad2ab (source: http://www.eclipse.org/gmf/2005/constraints/meta)'],'name':'feature','ordered':'true','unique':'true','lowerBound':'1','upperBound':'1','many':'false','required':'true','eType':'EStructuralFeature','eGenericType':'org.eclipse.emf.ecore.impl.EGenericTypeImpl@38f14c72 (expression: EStructuralFeature)','changeable':'true','volatile':'false','transient':'false','unsettable':'false','derived':'false','eContainingClass':'FeatureValueSpec','containment':'false','container':'false','resolveProxies':'true','eReferenceType':'EStructuralFeature'}}" 
},{
	 "id": "126", 
	 "label": "{'changeType': 'Preserve', 'type': 'object', 'className': 'EAnnotation', 'attributes': {'id': '_axcvLd6tEei97MD7GK1RmA', 'source':'http://www.eclipse.org/emf/2002/GenModel','details':['org.eclipse.emf.ecore.impl.EStringToStringMapEntryImpl@2af123a0 (key: documentation, value: Denotes the feature for which this value expression is specified. Its containing EClass is the context for evaluation.)'],'eModelElement':'feature'}}" 
},{
	 "id": "127", 
	 "label": "{'changeType': 'Preserve', 'type': 'object', 'className': 'EStringToStringMapEntry', 'attributes': {'id': '_axcvLt6tEei97MD7GK1RmA', 'key':'documentation','value':'Denotes the feature for which this value expression is specified. Its containing EClass is the context for evaluation.'}}" 
},{
	 "id": "128", 
	 "label": "{'changeType': 'Preserve', 'type': 'object', 'className': 'EAnnotation', 'attributes': {'id': '_aycNyN6tEei97MD7GK1RmA', 'source':'http://www.eclipse.org/gmf/2005/constraints/meta','details':['org.eclipse.emf.ecore.impl.EStringToStringMapEntryImpl@650fe6bf (key: def, value: type)'],'eModelElement':'feature'}}" 
},{
	 "id": "129", 
	 "label": "{'changeType': 'Preserve', 'type': 'object', 'className': 'EStringToStringMapEntry', 'attributes': {'id': '_aycNyd6tEei97MD7GK1RmA', 'key':'def','value':'type'}}" 
}], 
 "links": [{
	 "source": "1", 
	 "target": "0", 
	 "label": "{'changeType': 'ADD', 'type': 'reference', 'referenceTypeName': 'details'}" 
},{
	 "source": "2", 
	 "target": "1", 
	 "label": "{'changeType': 'ADD', 'type': 'reference', 'referenceTypeName': 'eAnnotations'}" 
},{
	 "source": "1", 
	 "target": "2", 
	 "label": "{'changeType': 'ADD', 'type': 'reference', 'referenceTypeName': 'eModelElement'}" 
},{
	 "source": "3", 
	 "target": "2", 
	 "label": "{'changeType': 'ADD', 'type': 'reference', 'referenceTypeName': 'eStructuralFeatures'}" 
},{
	 "source": "2", 
	 "target": "3", 
	 "label": "{'changeType': 'ADD', 'type': 'reference', 'referenceTypeName': 'eContainingClass'}" 
},{
	 "source": "5", 
	 "target": "4", 
	 "label": "{'changeType': 'ADD', 'type': 'reference', 'referenceTypeName': 'details'}" 
},{
	 "source": "7", 
	 "target": "6", 
	 "label": "{'changeType': 'ADD', 'type': 'reference', 'referenceTypeName': 'details'}" 
},{
	 "source": "8", 
	 "target": "7", 
	 "label": "{'changeType': 'ADD', 'type': 'reference', 'referenceTypeName': 'eAnnotations'}" 
},{
	 "source": "7", 
	 "target": "8", 
	 "label": "{'changeType': 'ADD', 'type': 'reference', 'referenceTypeName': 'eModelElement'}" 
},{
	 "source": "10", 
	 "target": "9", 
	 "label": "{'changeType': 'ADD', 'type': 'reference', 'referenceTypeName': 'details'}" 
},{
	 "source": "11", 
	 "target": "10", 
	 "label": "{'changeType': 'ADD', 'type': 'reference', 'referenceTypeName': 'eAnnotations'}" 
},{
	 "source": "10", 
	 "target": "11", 
	 "label": "{'changeType': 'ADD', 'type': 'reference', 'referenceTypeName': 'eModelElement'}" 
},{
	 "source": "13", 
	 "target": "12", 
	 "label": "{'changeType': 'ADD', 'type': 'reference', 'referenceTypeName': 'details'}" 
},{
	 "source": "14", 
	 "target": "13", 
	 "label": "{'changeType': 'ADD', 'type': 'reference', 'referenceTypeName': 'eAnnotations'}" 
},{
	 "source": "13", 
	 "target": "14", 
	 "label": "{'changeType': 'ADD', 'type': 'reference', 'referenceTypeName': 'eModelElement'}" 
},{
	 "source": "15", 
	 "target": "5", 
	 "label": "{'changeType': 'ADD', 'type': 'reference', 'referenceTypeName': 'eAnnotations'}" 
},{
	 "source": "5", 
	 "target": "15", 
	 "label": "{'changeType': 'ADD', 'type': 'reference', 'referenceTypeName': 'eModelElement'}" 
},{
	 "source": "15", 
	 "target": "8", 
	 "label": "{'changeType': 'ADD', 'type': 'reference', 'referenceTypeName': 'eStructuralFeatures'}" 
},{
	 "source": "8", 
	 "target": "15", 
	 "label": "{'changeType': 'ADD', 'type': 'reference', 'referenceTypeName': 'eContainingClass'}" 
},{
	 "source": "15", 
	 "target": "11", 
	 "label": "{'changeType': 'ADD', 'type': 'reference', 'referenceTypeName': 'eStructuralFeatures'}" 
},{
	 "source": "11", 
	 "target": "15", 
	 "label": "{'changeType': 'ADD', 'type': 'reference', 'referenceTypeName': 'eContainingClass'}" 
},{
	 "source": "15", 
	 "target": "14", 
	 "label": "{'changeType': 'ADD', 'type': 'reference', 'referenceTypeName': 'eStructuralFeatures'}" 
},{
	 "source": "14", 
	 "target": "15", 
	 "label": "{'changeType': 'ADD', 'type': 'reference', 'referenceTypeName': 'eContainingClass'}" 
},{
	 "source": "16", 
	 "target": "15", 
	 "label": "{'changeType': 'ADD', 'type': 'reference', 'referenceTypeName': 'eClassifiers'}" 
},{
	 "source": "15", 
	 "target": "16", 
	 "label": "{'changeType': 'ADD', 'type': 'reference', 'referenceTypeName': 'ePackage'}" 
},{
	 "source": "17", 
	 "target": "16", 
	 "label": "{'changeType': 'Preserve', 'type': 'reference', 'referenceTypeName': 'eClassifiers'}" 
},{
	 "source": "16", 
	 "target": "17", 
	 "label": "{'changeType': 'Preserve', 'type': 'reference', 'referenceTypeName': 'ePackage'}" 
},{
	 "source": "18", 
	 "target": "17", 
	 "label": "{'changeType': 'Preserve', 'type': 'reference', 'referenceTypeName': 'eAnnotations'}" 
},{
	 "source": "17", 
	 "target": "18", 
	 "label": "{'changeType': 'Preserve', 'type': 'reference', 'referenceTypeName': 'eModelElement'}" 
},{
	 "source": "19", 
	 "target": "18", 
	 "label": "{'changeType': 'Preserve', 'type': 'reference', 'referenceTypeName': 'details'}" 
},{
	 "source": "20", 
	 "target": "18", 
	 "label": "{'changeType': 'Preserve', 'type': 'reference', 'referenceTypeName': 'details'}" 
},{
	 "source": "21", 
	 "target": "17", 
	 "label": "{'changeType': 'Preserve', 'type': 'reference', 'referenceTypeName': 'eStructuralFeatures'}" 
},{
	 "source": "17", 
	 "target": "21", 
	 "label": "{'changeType': 'Preserve', 'type': 'reference', 'referenceTypeName': 'eContainingClass'}" 
},{
	 "source": "22", 
	 "target": "17", 
	 "label": "{'changeType': 'Preserve', 'type': 'reference', 'referenceTypeName': 'eStructuralFeatures'}" 
},{
	 "source": "17", 
	 "target": "22", 
	 "label": "{'changeType': 'Preserve', 'type': 'reference', 'referenceTypeName': 'eContainingClass'}" 
},{
	 "source": "23", 
	 "target": "17", 
	 "label": "{'changeType': 'Preserve', 'type': 'reference', 'referenceTypeName': 'eStructuralFeatures'}" 
},{
	 "source": "17", 
	 "target": "23", 
	 "label": "{'changeType': 'Preserve', 'type': 'reference', 'referenceTypeName': 'eContainingClass'}" 
},{
	 "source": "24", 
	 "target": "23", 
	 "label": "{'changeType': 'Preserve', 'type': 'reference', 'referenceTypeName': 'eAnnotations'}" 
},{
	 "source": "23", 
	 "target": "24", 
	 "label": "{'changeType': 'Preserve', 'type': 'reference', 'referenceTypeName': 'eModelElement'}" 
},{
	 "source": "25", 
	 "target": "24", 
	 "label": "{'changeType': 'Preserve', 'type': 'reference', 'referenceTypeName': 'details'}" 
},{
	 "source": "26", 
	 "target": "23", 
	 "label": "{'changeType': 'Preserve', 'type': 'reference', 'referenceTypeName': 'eAnnotations'}" 
},{
	 "source": "23", 
	 "target": "26", 
	 "label": "{'changeType': 'Preserve', 'type': 'reference', 'referenceTypeName': 'eModelElement'}" 
},{
	 "source": "27", 
	 "target": "26", 
	 "label": "{'changeType': 'Preserve', 'type': 'reference', 'referenceTypeName': 'details'}" 
},{
	 "source": "28", 
	 "target": "26", 
	 "label": "{'changeType': 'Preserve', 'type': 'reference', 'referenceTypeName': 'details'}" 
},{
	 "source": "29", 
	 "target": "17", 
	 "label": "{'changeType': 'Preserve', 'type': 'reference', 'referenceTypeName': 'eStructuralFeatures'}" 
},{
	 "source": "17", 
	 "target": "29", 
	 "label": "{'changeType': 'Preserve', 'type': 'reference', 'referenceTypeName': 'eContainingClass'}" 
},{
	 "source": "30", 
	 "target": "29", 
	 "label": "{'changeType': 'Preserve', 'type': 'reference', 'referenceTypeName': 'eAnnotations'}" 
},{
	 "source": "29", 
	 "target": "30", 
	 "label": "{'changeType': 'Preserve', 'type': 'reference', 'referenceTypeName': 'eModelElement'}" 
},{
	 "source": "31", 
	 "target": "30", 
	 "label": "{'changeType': 'Preserve', 'type': 'reference', 'referenceTypeName': 'details'}" 
},{
	 "source": "32", 
	 "target": "29", 
	 "label": "{'changeType': 'Preserve', 'type': 'reference', 'referenceTypeName': 'eAnnotations'}" 
},{
	 "source": "29", 
	 "target": "32", 
	 "label": "{'changeType': 'Preserve', 'type': 'reference', 'referenceTypeName': 'eModelElement'}" 
},{
	 "source": "33", 
	 "target": "32", 
	 "label": "{'changeType': 'Preserve', 'type': 'reference', 'referenceTypeName': 'details'}" 
},{
	 "source": "34", 
	 "target": "29", 
	 "label": "{'changeType': 'Preserve', 'type': 'reference', 'referenceTypeName': 'eAnnotations'}" 
},{
	 "source": "29", 
	 "target": "34", 
	 "label": "{'changeType': 'Preserve', 'type': 'reference', 'referenceTypeName': 'eModelElement'}" 
},{
	 "source": "35", 
	 "target": "34", 
	 "label": "{'changeType': 'Preserve', 'type': 'reference', 'referenceTypeName': 'details'}" 
},{
	 "source": "36", 
	 "target": "34", 
	 "label": "{'changeType': 'Preserve', 'type': 'reference', 'referenceTypeName': 'details'}" 
},{
	 "source": "37", 
	 "target": "17", 
	 "label": "{'changeType': 'Preserve', 'type': 'reference', 'referenceTypeName': 'eStructuralFeatures'}" 
},{
	 "source": "17", 
	 "target": "37", 
	 "label": "{'changeType': 'Preserve', 'type': 'reference', 'referenceTypeName': 'eContainingClass'}" 
},{
	 "source": "38", 
	 "target": "37", 
	 "label": "{'changeType': 'Preserve', 'type': 'reference', 'referenceTypeName': 'eAnnotations'}" 
},{
	 "source": "37", 
	 "target": "38", 
	 "label": "{'changeType': 'Preserve', 'type': 'reference', 'referenceTypeName': 'eModelElement'}" 
},{
	 "source": "39", 
	 "target": "38", 
	 "label": "{'changeType': 'Preserve', 'type': 'reference', 'referenceTypeName': 'details'}" 
},{
	 "source": "40", 
	 "target": "37", 
	 "label": "{'changeType': 'Preserve', 'type': 'reference', 'referenceTypeName': 'eAnnotations'}" 
},{
	 "source": "37", 
	 "target": "40", 
	 "label": "{'changeType': 'Preserve', 'type': 'reference', 'referenceTypeName': 'eModelElement'}" 
},{
	 "source": "41", 
	 "target": "40", 
	 "label": "{'changeType': 'Preserve', 'type': 'reference', 'referenceTypeName': 'details'}" 
},{
	 "source": "42", 
	 "target": "17", 
	 "label": "{'changeType': 'Preserve', 'type': 'reference', 'referenceTypeName': 'eStructuralFeatures'}" 
},{
	 "source": "17", 
	 "target": "42", 
	 "label": "{'changeType': 'Preserve', 'type': 'reference', 'referenceTypeName': 'eContainingClass'}" 
},{
	 "source": "43", 
	 "target": "42", 
	 "label": "{'changeType': 'Preserve', 'type': 'reference', 'referenceTypeName': 'eAnnotations'}" 
},{
	 "source": "42", 
	 "target": "43", 
	 "label": "{'changeType': 'Preserve', 'type': 'reference', 'referenceTypeName': 'eModelElement'}" 
},{
	 "source": "44", 
	 "target": "43", 
	 "label": "{'changeType': 'Preserve', 'type': 'reference', 'referenceTypeName': 'details'}" 
},{
	 "source": "45", 
	 "target": "17", 
	 "label": "{'changeType': 'Preserve', 'type': 'reference', 'referenceTypeName': 'eStructuralFeatures'}" 
},{
	 "source": "17", 
	 "target": "45", 
	 "label": "{'changeType': 'Preserve', 'type': 'reference', 'referenceTypeName': 'eContainingClass'}" 
},{
	 "source": "46", 
	 "target": "16", 
	 "label": "{'changeType': 'Preserve', 'type': 'reference', 'referenceTypeName': 'eClassifiers'}" 
},{
	 "source": "16", 
	 "target": "46", 
	 "label": "{'changeType': 'Preserve', 'type': 'reference', 'referenceTypeName': 'ePackage'}" 
},{
	 "source": "47", 
	 "target": "16", 
	 "label": "{'changeType': 'Preserve', 'type': 'reference', 'referenceTypeName': 'eClassifiers'}" 
},{
	 "source": "16", 
	 "target": "47", 
	 "label": "{'changeType': 'Preserve', 'type': 'reference', 'referenceTypeName': 'ePackage'}" 
},{
	 "source": "48", 
	 "target": "16", 
	 "label": "{'changeType': 'Preserve', 'type': 'reference', 'referenceTypeName': 'eClassifiers'}" 
},{
	 "source": "16", 
	 "target": "48", 
	 "label": "{'changeType': 'Preserve', 'type': 'reference', 'referenceTypeName': 'ePackage'}" 
},{
	 "source": "49", 
	 "target": "48", 
	 "label": "{'changeType': 'Preserve', 'type': 'reference', 'referenceTypeName': 'eStructuralFeatures'}" 
},{
	 "source": "48", 
	 "target": "49", 
	 "label": "{'changeType': 'Preserve', 'type': 'reference', 'referenceTypeName': 'eContainingClass'}" 
},{
	 "source": "50", 
	 "target": "49", 
	 "label": "{'changeType': 'Preserve', 'type': 'reference', 'referenceTypeName': 'eAnnotations'}" 
},{
	 "source": "49", 
	 "target": "50", 
	 "label": "{'changeType': 'Preserve', 'type': 'reference', 'referenceTypeName': 'eModelElement'}" 
},{
	 "source": "51", 
	 "target": "50", 
	 "label": "{'changeType': 'Preserve', 'type': 'reference', 'referenceTypeName': 'details'}" 
},{
	 "source": "52", 
	 "target": "48", 
	 "label": "{'changeType': 'Preserve', 'type': 'reference', 'referenceTypeName': 'eStructuralFeatures'}" 
},{
	 "source": "48", 
	 "target": "52", 
	 "label": "{'changeType': 'Preserve', 'type': 'reference', 'referenceTypeName': 'eContainingClass'}" 
},{
	 "source": "3", 
	 "target": "16", 
	 "label": "{'changeType': 'Preserve', 'type': 'reference', 'referenceTypeName': 'eClassifiers'}" 
},{
	 "source": "16", 
	 "target": "3", 
	 "label": "{'changeType': 'Preserve', 'type': 'reference', 'referenceTypeName': 'ePackage'}" 
},{
	 "source": "53", 
	 "target": "3", 
	 "label": "{'changeType': 'Preserve', 'type': 'reference', 'referenceTypeName': 'eStructuralFeatures'}" 
},{
	 "source": "3", 
	 "target": "53", 
	 "label": "{'changeType': 'Preserve', 'type': 'reference', 'referenceTypeName': 'eContainingClass'}" 
},{
	 "source": "54", 
	 "target": "3", 
	 "label": "{'changeType': 'Preserve', 'type': 'reference', 'referenceTypeName': 'eStructuralFeatures'}" 
},{
	 "source": "3", 
	 "target": "54", 
	 "label": "{'changeType': 'Preserve', 'type': 'reference', 'referenceTypeName': 'eContainingClass'}" 
},{
	 "source": "55", 
	 "target": "3", 
	 "label": "{'changeType': 'Preserve', 'type': 'reference', 'referenceTypeName': 'eStructuralFeatures'}" 
},{
	 "source": "3", 
	 "target": "55", 
	 "label": "{'changeType': 'Preserve', 'type': 'reference', 'referenceTypeName': 'eContainingClass'}" 
},{
	 "source": "56", 
	 "target": "55", 
	 "label": "{'changeType': 'Preserve', 'type': 'reference', 'referenceTypeName': 'eAnnotations'}" 
},{
	 "source": "55", 
	 "target": "56", 
	 "label": "{'changeType': 'Preserve', 'type': 'reference', 'referenceTypeName': 'eModelElement'}" 
},{
	 "source": "57", 
	 "target": "56", 
	 "label": "{'changeType': 'Preserve', 'type': 'reference', 'referenceTypeName': 'details'}" 
},{
	 "source": "58", 
	 "target": "55", 
	 "label": "{'changeType': 'Preserve', 'type': 'reference', 'referenceTypeName': 'eAnnotations'}" 
},{
	 "source": "55", 
	 "target": "58", 
	 "label": "{'changeType': 'Preserve', 'type': 'reference', 'referenceTypeName': 'eModelElement'}" 
},{
	 "source": "59", 
	 "target": "58", 
	 "label": "{'changeType': 'Preserve', 'type': 'reference', 'referenceTypeName': 'details'}" 
},{
	 "source": "60", 
	 "target": "58", 
	 "label": "{'changeType': 'Preserve', 'type': 'reference', 'referenceTypeName': 'details'}" 
},{
	 "source": "61", 
	 "target": "3", 
	 "label": "{'changeType': 'Preserve', 'type': 'reference', 'referenceTypeName': 'eStructuralFeatures'}" 
},{
	 "source": "3", 
	 "target": "61", 
	 "label": "{'changeType': 'Preserve', 'type': 'reference', 'referenceTypeName': 'eContainingClass'}" 
},{
	 "source": "62", 
	 "target": "61", 
	 "label": "{'changeType': 'Preserve', 'type': 'reference', 'referenceTypeName': 'eAnnotations'}" 
},{
	 "source": "61", 
	 "target": "62", 
	 "label": "{'changeType': 'Preserve', 'type': 'reference', 'referenceTypeName': 'eModelElement'}" 
},{
	 "source": "63", 
	 "target": "62", 
	 "label": "{'changeType': 'Preserve', 'type': 'reference', 'referenceTypeName': 'details'}" 
},{
	 "source": "64", 
	 "target": "61", 
	 "label": "{'changeType': 'Preserve', 'type': 'reference', 'referenceTypeName': 'eAnnotations'}" 
},{
	 "source": "61", 
	 "target": "64", 
	 "label": "{'changeType': 'Preserve', 'type': 'reference', 'referenceTypeName': 'eModelElement'}" 
},{
	 "source": "65", 
	 "target": "64", 
	 "label": "{'changeType': 'Preserve', 'type': 'reference', 'referenceTypeName': 'details'}" 
},{
	 "source": "66", 
	 "target": "61", 
	 "label": "{'changeType': 'Preserve', 'type': 'reference', 'referenceTypeName': 'eAnnotations'}" 
},{
	 "source": "61", 
	 "target": "66", 
	 "label": "{'changeType': 'Preserve', 'type': 'reference', 'referenceTypeName': 'eModelElement'}" 
},{
	 "source": "67", 
	 "target": "66", 
	 "label": "{'changeType': 'Preserve', 'type': 'reference', 'referenceTypeName': 'details'}" 
},{
	 "source": "68", 
	 "target": "66", 
	 "label": "{'changeType': 'Preserve', 'type': 'reference', 'referenceTypeName': 'details'}" 
},{
	 "source": "69", 
	 "target": "3", 
	 "label": "{'changeType': 'Preserve', 'type': 'reference', 'referenceTypeName': 'eStructuralFeatures'}" 
},{
	 "source": "3", 
	 "target": "69", 
	 "label": "{'changeType': 'Preserve', 'type': 'reference', 'referenceTypeName': 'eContainingClass'}" 
},{
	 "source": "70", 
	 "target": "69", 
	 "label": "{'changeType': 'Preserve', 'type': 'reference', 'referenceTypeName': 'eAnnotations'}" 
},{
	 "source": "69", 
	 "target": "70", 
	 "label": "{'changeType': 'Preserve', 'type': 'reference', 'referenceTypeName': 'eModelElement'}" 
},{
	 "source": "71", 
	 "target": "70", 
	 "label": "{'changeType': 'Preserve', 'type': 'reference', 'referenceTypeName': 'details'}" 
},{
	 "source": "72", 
	 "target": "3", 
	 "label": "{'changeType': 'Preserve', 'type': 'reference', 'referenceTypeName': 'eStructuralFeatures'}" 
},{
	 "source": "3", 
	 "target": "72", 
	 "label": "{'changeType': 'Preserve', 'type': 'reference', 'referenceTypeName': 'eContainingClass'}" 
},{
	 "source": "73", 
	 "target": "72", 
	 "label": "{'changeType': 'Preserve', 'type': 'reference', 'referenceTypeName': 'eAnnotations'}" 
},{
	 "source": "72", 
	 "target": "73", 
	 "label": "{'changeType': 'Preserve', 'type': 'reference', 'referenceTypeName': 'eModelElement'}" 
},{
	 "source": "74", 
	 "target": "73", 
	 "label": "{'changeType': 'Preserve', 'type': 'reference', 'referenceTypeName': 'details'}" 
},{
	 "source": "75", 
	 "target": "3", 
	 "label": "{'changeType': 'Preserve', 'type': 'reference', 'referenceTypeName': 'eStructuralFeatures'}" 
},{
	 "source": "3", 
	 "target": "75", 
	 "label": "{'changeType': 'Preserve', 'type': 'reference', 'referenceTypeName': 'eContainingClass'}" 
},{
	 "source": "76", 
	 "target": "75", 
	 "label": "{'changeType': 'Preserve', 'type': 'reference', 'referenceTypeName': 'eAnnotations'}" 
},{
	 "source": "75", 
	 "target": "76", 
	 "label": "{'changeType': 'Preserve', 'type': 'reference', 'referenceTypeName': 'eModelElement'}" 
},{
	 "source": "77", 
	 "target": "76", 
	 "label": "{'changeType': 'Preserve', 'type': 'reference', 'referenceTypeName': 'details'}" 
},{
	 "source": "78", 
	 "target": "75", 
	 "label": "{'changeType': 'Preserve', 'type': 'reference', 'referenceTypeName': 'eAnnotations'}" 
},{
	 "source": "75", 
	 "target": "78", 
	 "label": "{'changeType': 'Preserve', 'type': 'reference', 'referenceTypeName': 'eModelElement'}" 
},{
	 "source": "79", 
	 "target": "78", 
	 "label": "{'changeType': 'Preserve', 'type': 'reference', 'referenceTypeName': 'details'}" 
},{
	 "source": "80", 
	 "target": "3", 
	 "label": "{'changeType': 'Preserve', 'type': 'reference', 'referenceTypeName': 'eStructuralFeatures'}" 
},{
	 "source": "3", 
	 "target": "80", 
	 "label": "{'changeType': 'Preserve', 'type': 'reference', 'referenceTypeName': 'eContainingClass'}" 
},{
	 "source": "81", 
	 "target": "80", 
	 "label": "{'changeType': 'Preserve', 'type': 'reference', 'referenceTypeName': 'eAnnotations'}" 
},{
	 "source": "80", 
	 "target": "81", 
	 "label": "{'changeType': 'Preserve', 'type': 'reference', 'referenceTypeName': 'eModelElement'}" 
},{
	 "source": "82", 
	 "target": "81", 
	 "label": "{'changeType': 'Preserve', 'type': 'reference', 'referenceTypeName': 'details'}" 
},{
	 "source": "83", 
	 "target": "16", 
	 "label": "{'changeType': 'Preserve', 'type': 'reference', 'referenceTypeName': 'eClassifiers'}" 
},{
	 "source": "16", 
	 "target": "83", 
	 "label": "{'changeType': 'Preserve', 'type': 'reference', 'referenceTypeName': 'ePackage'}" 
},{
	 "source": "84", 
	 "target": "83", 
	 "label": "{'changeType': 'Preserve', 'type': 'reference', 'referenceTypeName': 'eStructuralFeatures'}" 
},{
	 "source": "83", 
	 "target": "84", 
	 "label": "{'changeType': 'Preserve', 'type': 'reference', 'referenceTypeName': 'eContainingClass'}" 
},{
	 "source": "85", 
	 "target": "83", 
	 "label": "{'changeType': 'Preserve', 'type': 'reference', 'referenceTypeName': 'eStructuralFeatures'}" 
},{
	 "source": "83", 
	 "target": "85", 
	 "label": "{'changeType': 'Preserve', 'type': 'reference', 'referenceTypeName': 'eContainingClass'}" 
},{
	 "source": "86", 
	 "target": "83", 
	 "label": "{'changeType': 'Preserve', 'type': 'reference', 'referenceTypeName': 'eStructuralFeatures'}" 
},{
	 "source": "83", 
	 "target": "86", 
	 "label": "{'changeType': 'Preserve', 'type': 'reference', 'referenceTypeName': 'eContainingClass'}" 
},{
	 "source": "87", 
	 "target": "16", 
	 "label": "{'changeType': 'Preserve', 'type': 'reference', 'referenceTypeName': 'eClassifiers'}" 
},{
	 "source": "16", 
	 "target": "87", 
	 "label": "{'changeType': 'Preserve', 'type': 'reference', 'referenceTypeName': 'ePackage'}" 
},{
	 "source": "88", 
	 "target": "87", 
	 "label": "{'changeType': 'Preserve', 'type': 'reference', 'referenceTypeName': 'eStructuralFeatures'}" 
},{
	 "source": "87", 
	 "target": "88", 
	 "label": "{'changeType': 'Preserve', 'type': 'reference', 'referenceTypeName': 'eContainingClass'}" 
},{
	 "source": "89", 
	 "target": "87", 
	 "label": "{'changeType': 'Preserve', 'type': 'reference', 'referenceTypeName': 'eStructuralFeatures'}" 
},{
	 "source": "87", 
	 "target": "89", 
	 "label": "{'changeType': 'Preserve', 'type': 'reference', 'referenceTypeName': 'eContainingClass'}" 
},{
	 "source": "90", 
	 "target": "87", 
	 "label": "{'changeType': 'Preserve', 'type': 'reference', 'referenceTypeName': 'eStructuralFeatures'}" 
},{
	 "source": "87", 
	 "target": "90", 
	 "label": "{'changeType': 'Preserve', 'type': 'reference', 'referenceTypeName': 'eContainingClass'}" 
},{
	 "source": "91", 
	 "target": "16", 
	 "label": "{'changeType': 'Preserve', 'type': 'reference', 'referenceTypeName': 'eClassifiers'}" 
},{
	 "source": "16", 
	 "target": "91", 
	 "label": "{'changeType': 'Preserve', 'type': 'reference', 'referenceTypeName': 'ePackage'}" 
},{
	 "source": "92", 
	 "target": "91", 
	 "label": "{'changeType': 'Preserve', 'type': 'reference', 'referenceTypeName': 'eAnnotations'}" 
},{
	 "source": "91", 
	 "target": "92", 
	 "label": "{'changeType': 'Preserve', 'type': 'reference', 'referenceTypeName': 'eModelElement'}" 
},{
	 "source": "93", 
	 "target": "92", 
	 "label": "{'changeType': 'Preserve', 'type': 'reference', 'referenceTypeName': 'details'}" 
},{
	 "source": "94", 
	 "target": "91", 
	 "label": "{'changeType': 'Preserve', 'type': 'reference', 'referenceTypeName': 'eAnnotations'}" 
},{
	 "source": "91", 
	 "target": "94", 
	 "label": "{'changeType': 'Preserve', 'type': 'reference', 'referenceTypeName': 'eModelElement'}" 
},{
	 "source": "95", 
	 "target": "94", 
	 "label": "{'changeType': 'Preserve', 'type': 'reference', 'referenceTypeName': 'details'}" 
},{
	 "source": "96", 
	 "target": "16", 
	 "label": "{'changeType': 'Preserve', 'type': 'reference', 'referenceTypeName': 'eClassifiers'}" 
},{
	 "source": "16", 
	 "target": "96", 
	 "label": "{'changeType': 'Preserve', 'type': 'reference', 'referenceTypeName': 'ePackage'}" 
},{
	 "source": "97", 
	 "target": "96", 
	 "label": "{'changeType': 'Preserve', 'type': 'reference', 'referenceTypeName': 'eAnnotations'}" 
},{
	 "source": "96", 
	 "target": "97", 
	 "label": "{'changeType': 'Preserve', 'type': 'reference', 'referenceTypeName': 'eModelElement'}" 
},{
	 "source": "98", 
	 "target": "97", 
	 "label": "{'changeType': 'Preserve', 'type': 'reference', 'referenceTypeName': 'details'}" 
},{
	 "source": "99", 
	 "target": "96", 
	 "label": "{'changeType': 'Preserve', 'type': 'reference', 'referenceTypeName': 'eAnnotations'}" 
},{
	 "source": "96", 
	 "target": "99", 
	 "label": "{'changeType': 'Preserve', 'type': 'reference', 'referenceTypeName': 'eModelElement'}" 
},{
	 "source": "100", 
	 "target": "99", 
	 "label": "{'changeType': 'Preserve', 'type': 'reference', 'referenceTypeName': 'details'}" 
},{
	 "source": "101", 
	 "target": "96", 
	 "label": "{'changeType': 'Preserve', 'type': 'reference', 'referenceTypeName': 'eStructuralFeatures'}" 
},{
	 "source": "96", 
	 "target": "101", 
	 "label": "{'changeType': 'Preserve', 'type': 'reference', 'referenceTypeName': 'eContainingClass'}" 
},{
	 "source": "102", 
	 "target": "101", 
	 "label": "{'changeType': 'Preserve', 'type': 'reference', 'referenceTypeName': 'eAnnotations'}" 
},{
	 "source": "101", 
	 "target": "102", 
	 "label": "{'changeType': 'Preserve', 'type': 'reference', 'referenceTypeName': 'eModelElement'}" 
},{
	 "source": "103", 
	 "target": "102", 
	 "label": "{'changeType': 'Preserve', 'type': 'reference', 'referenceTypeName': 'details'}" 
},{
	 "source": "104", 
	 "target": "101", 
	 "label": "{'changeType': 'Preserve', 'type': 'reference', 'referenceTypeName': 'eAnnotations'}" 
},{
	 "source": "101", 
	 "target": "104", 
	 "label": "{'changeType': 'Preserve', 'type': 'reference', 'referenceTypeName': 'eModelElement'}" 
},{
	 "source": "105", 
	 "target": "104", 
	 "label": "{'changeType': 'Preserve', 'type': 'reference', 'referenceTypeName': 'details'}" 
},{
	 "source": "106", 
	 "target": "96", 
	 "label": "{'changeType': 'Preserve', 'type': 'reference', 'referenceTypeName': 'eStructuralFeatures'}" 
},{
	 "source": "96", 
	 "target": "106", 
	 "label": "{'changeType': 'Preserve', 'type': 'reference', 'referenceTypeName': 'eContainingClass'}" 
},{
	 "source": "107", 
	 "target": "106", 
	 "label": "{'changeType': 'Preserve', 'type': 'reference', 'referenceTypeName': 'eAnnotations'}" 
},{
	 "source": "106", 
	 "target": "107", 
	 "label": "{'changeType': 'Preserve', 'type': 'reference', 'referenceTypeName': 'eModelElement'}" 
},{
	 "source": "108", 
	 "target": "107", 
	 "label": "{'changeType': 'Preserve', 'type': 'reference', 'referenceTypeName': 'details'}" 
},{
	 "source": "109", 
	 "target": "106", 
	 "label": "{'changeType': 'Preserve', 'type': 'reference', 'referenceTypeName': 'eAnnotations'}" 
},{
	 "source": "106", 
	 "target": "109", 
	 "label": "{'changeType': 'Preserve', 'type': 'reference', 'referenceTypeName': 'eModelElement'}" 
},{
	 "source": "110", 
	 "target": "109", 
	 "label": "{'changeType': 'Preserve', 'type': 'reference', 'referenceTypeName': 'details'}" 
},{
	 "source": "111", 
	 "target": "16", 
	 "label": "{'changeType': 'Preserve', 'type': 'reference', 'referenceTypeName': 'eClassifiers'}" 
},{
	 "source": "16", 
	 "target": "111", 
	 "label": "{'changeType': 'Preserve', 'type': 'reference', 'referenceTypeName': 'ePackage'}" 
},{
	 "source": "112", 
	 "target": "111", 
	 "label": "{'changeType': 'Preserve', 'type': 'reference', 'referenceTypeName': 'eAnnotations'}" 
},{
	 "source": "111", 
	 "target": "112", 
	 "label": "{'changeType': 'Preserve', 'type': 'reference', 'referenceTypeName': 'eModelElement'}" 
},{
	 "source": "113", 
	 "target": "112", 
	 "label": "{'changeType': 'Preserve', 'type': 'reference', 'referenceTypeName': 'details'}" 
},{
	 "source": "114", 
	 "target": "16", 
	 "label": "{'changeType': 'Preserve', 'type': 'reference', 'referenceTypeName': 'eClassifiers'}" 
},{
	 "source": "16", 
	 "target": "114", 
	 "label": "{'changeType': 'Preserve', 'type': 'reference', 'referenceTypeName': 'ePackage'}" 
},{
	 "source": "115", 
	 "target": "114", 
	 "label": "{'changeType': 'Preserve', 'type': 'reference', 'referenceTypeName': 'eAnnotations'}" 
},{
	 "source": "114", 
	 "target": "115", 
	 "label": "{'changeType': 'Preserve', 'type': 'reference', 'referenceTypeName': 'eModelElement'}" 
},{
	 "source": "116", 
	 "target": "115", 
	 "label": "{'changeType': 'Preserve', 'type': 'reference', 'referenceTypeName': 'details'}" 
},{
	 "source": "117", 
	 "target": "114", 
	 "label": "{'changeType': 'Preserve', 'type': 'reference', 'referenceTypeName': 'eStructuralFeatures'}" 
},{
	 "source": "114", 
	 "target": "117", 
	 "label": "{'changeType': 'Preserve', 'type': 'reference', 'referenceTypeName': 'eContainingClass'}" 
},{
	 "source": "118", 
	 "target": "117", 
	 "label": "{'changeType': 'Preserve', 'type': 'reference', 'referenceTypeName': 'eAnnotations'}" 
},{
	 "source": "117", 
	 "target": "118", 
	 "label": "{'changeType': 'Preserve', 'type': 'reference', 'referenceTypeName': 'eModelElement'}" 
},{
	 "source": "119", 
	 "target": "118", 
	 "label": "{'changeType': 'Preserve', 'type': 'reference', 'referenceTypeName': 'details'}" 
},{
	 "source": "120", 
	 "target": "16", 
	 "label": "{'changeType': 'Preserve', 'type': 'reference', 'referenceTypeName': 'eClassifiers'}" 
},{
	 "source": "16", 
	 "target": "120", 
	 "label": "{'changeType': 'Preserve', 'type': 'reference', 'referenceTypeName': 'ePackage'}" 
},{
	 "source": "121", 
	 "target": "120", 
	 "label": "{'changeType': 'Preserve', 'type': 'reference', 'referenceTypeName': 'eAnnotations'}" 
},{
	 "source": "120", 
	 "target": "121", 
	 "label": "{'changeType': 'Preserve', 'type': 'reference', 'referenceTypeName': 'eModelElement'}" 
},{
	 "source": "122", 
	 "target": "121", 
	 "label": "{'changeType': 'Preserve', 'type': 'reference', 'referenceTypeName': 'details'}" 
},{
	 "source": "123", 
	 "target": "120", 
	 "label": "{'changeType': 'Preserve', 'type': 'reference', 'referenceTypeName': 'eAnnotations'}" 
},{
	 "source": "120", 
	 "target": "123", 
	 "label": "{'changeType': 'Preserve', 'type': 'reference', 'referenceTypeName': 'eModelElement'}" 
},{
	 "source": "124", 
	 "target": "123", 
	 "label": "{'changeType': 'Preserve', 'type': 'reference', 'referenceTypeName': 'details'}" 
},{
	 "source": "125", 
	 "target": "120", 
	 "label": "{'changeType': 'Preserve', 'type': 'reference', 'referenceTypeName': 'eStructuralFeatures'}" 
},{
	 "source": "120", 
	 "target": "125", 
	 "label": "{'changeType': 'Preserve', 'type': 'reference', 'referenceTypeName': 'eContainingClass'}" 
},{
	 "source": "126", 
	 "target": "125", 
	 "label": "{'changeType': 'Preserve', 'type': 'reference', 'referenceTypeName': 'eAnnotations'}" 
},{
	 "source": "125", 
	 "target": "126", 
	 "label": "{'changeType': 'Preserve', 'type': 'reference', 'referenceTypeName': 'eModelElement'}" 
},{
	 "source": "127", 
	 "target": "126", 
	 "label": "{'changeType': 'Preserve', 'type': 'reference', 'referenceTypeName': 'details'}" 
},{
	 "source": "128", 
	 "target": "125", 
	 "label": "{'changeType': 'Preserve', 'type': 'reference', 'referenceTypeName': 'eAnnotations'}" 
},{
	 "source": "125", 
	 "target": "128", 
	 "label": "{'changeType': 'Preserve', 'type': 'reference', 'referenceTypeName': 'eModelElement'}" 
},{
	 "source": "129", 
	 "target": "128", 
	 "label": "{'changeType': 'Preserve', 'type': 'reference', 'referenceTypeName': 'details'}" 
}]}