{"directed": true, "multigraph": false, "graph": {}, 
  "nodes": [{
	 "id": "0", 
	 "label": "{'changeType': 'Add', 'type': 'object', 'className': 'EOperation', 'attributes': {'id': '_a0FL9d6tEei97MD7GK1RmA', 'name':'getDomainMetaClass','ordered':'true','unique':'true','lowerBound':'0','upperBound':'1','many':'false','required':'false','eType':'EClass','eGenericType':'org.eclipse.emf.ecore.impl.EGenericTypeImpl@1f4bf964 (expression: EClass)','eContainingClass':'AbstractNodeMapping'}}" 
},{
	 "id": "1", 
	 "label": "{'changeType': 'Preserve', 'type': 'object', 'className': 'EClass', 'attributes': {'id': '_ayvII96tEei97MD7GK1RmA', 'eAnnotations':['org.eclipse.emf.ecore.impl.EAnnotationImpl@31074152 (source: http://www.eclipse.org/emf/2004/EmfaticAnnotationMap)'],'name':'AbstractNodeMapping','ePackage':'mappings','abstract':'true','interface':'false','eStructuralFeatures':['diagramNode','domainMetaElement','domainSpecialization','domainInitializer','containmentFeature','editFeature','childMappings']}}" 
},{
	 "id": "2", 
	 "label": "{'changeType': 'Preserve', 'type': 'object', 'className': 'EPackage', 'attributes': {'id': '_au4i4d6tEei97MD7GK1RmA', 'name':'mappings','nsURI':'http://www.eclipse.org/gmf/2005/mappings','nsPrefix':'gmfmap','eFactoryInstance':'org.eclipse.emf.ecore.impl.EFactoryImpl@27b40c','eClassifiers':['AbstractNodeMapping','MappingEntry','NodeMapping','ChildNodeMapping','LinkMapping','CanvasMapping','Mapping','Constraint','LinkConstraints','ValueExpression','ElementInitializer','FeatureSeqInitializer','...']}}" 
},{
	 "id": "3", 
	 "label": "{'changeType': 'Preserve', 'type': 'object', 'className': 'EAnnotation', 'attributes': {'id': '_aycNMt6tEei97MD7GK1RmA', 'source':'http://www.eclipse.org/emf/2004/EmfaticAnnotationMap','details':['org.eclipse.emf.ecore.impl.EStringToStringMapEntryImpl@195f6d6c (key: constraints, value: http://www.eclipse.org/gmf/2005/constraints)','org.eclipse.emf.ecore.impl.EStringToStringMapEntryImpl@55fd0a84 (key: constraintsMeta, value: http://www.eclipse.org/gmf/2005/constraints/meta)'],'eModelElement':'AbstractNodeMapping'}}" 
},{
	 "id": "4", 
	 "label": "{'changeType': 'Preserve', 'type': 'object', 'className': 'EStringToStringMapEntry', 'attributes': {'id': '_aycNM96tEei97MD7GK1RmA', 'key':'constraints','value':'http://www.eclipse.org/gmf/2005/constraints'}}" 
},{
	 "id": "5", 
	 "label": "{'changeType': 'Preserve', 'type': 'object', 'className': 'EStringToStringMapEntry', 'attributes': {'id': '_aycNNN6tEei97MD7GK1RmA', 'key':'constraintsMeta','value':'http://www.eclipse.org/gmf/2005/constraints/meta'}}" 
},{
	 "id": "6", 
	 "label": "{'changeType': 'Preserve', 'type': 'object', 'className': 'EReference', 'attributes': {'id': '_au4i5t6tEei97MD7GK1RmA', 'name':'diagramNode','ordered':'true','unique':'true','lowerBound':'1','upperBound':'1','many':'false','required':'true','eType':'Node','eGenericType':'org.eclipse.emf.ecore.impl.EGenericTypeImpl@33e29130 (expression: Node)','changeable':'true','volatile':'false','transient':'false','unsettable':'false','derived':'false','eContainingClass':'AbstractNodeMapping','containment':'false','container':'false','resolveProxies':'true','eReferenceType':'Node'}}" 
},{
	 "id": "7", 
	 "label": "{'changeType': 'Preserve', 'type': 'object', 'className': 'EReference', 'attributes': {'id': '_au4i6N6tEei97MD7GK1RmA', 'name':'domainMetaElement','ordered':'true','unique':'true','lowerBound':'0','upperBound':'1','many':'false','required':'false','eType':'EClass','eGenericType':'org.eclipse.emf.ecore.impl.EGenericTypeImpl@6ca027b5 (expression: EClass)','changeable':'true','volatile':'false','transient':'false','unsettable':'false','derived':'false','eContainingClass':'AbstractNodeMapping','containment':'false','container':'false','resolveProxies':'true','eReferenceType':'EClass'}}" 
},{
	 "id": "8", 
	 "label": "{'changeType': 'Preserve', 'type': 'object', 'className': 'EReference', 'attributes': {'id': '_avoJyd6tEei97MD7GK1RmA', 'eAnnotations':['org.eclipse.emf.ecore.impl.EAnnotationImpl@5147dd5c (source: http://www.eclipse.org/emf/2002/GenModel)','org.eclipse.emf.ecore.impl.EAnnotationImpl@4806d20b (source: http://www.eclipse.org/gmf/2005/constraints/meta)'],'name':'domainSpecialization','ordered':'true','unique':'true','lowerBound':'0','upperBound':'1','many':'false','required':'false','eType':'Constraint','eGenericType':'org.eclipse.emf.ecore.impl.EGenericTypeImpl@3afa42c1 (expression: Constraint)','changeable':'true','volatile':'false','transient':'false','unsettable':'false','derived':'false','eContainingClass':'AbstractNodeMapping','containment':'true','container':'false','resolveProxies':'true','eReferenceType':'Constraint'}}" 
},{
	 "id": "9", 
	 "label": "{'changeType': 'Preserve', 'type': 'object', 'className': 'EAnnotation', 'attributes': {'id': '_avoJyt6tEei97MD7GK1RmA', 'source':'http://www.eclipse.org/emf/2002/GenModel','details':['org.eclipse.emf.ecore.impl.EStringToStringMapEntryImpl@2576c49f (key: documentation, value: Specializes further the domain meta element EClass associated with this mapping and should be evaluated in this EClass context)'],'eModelElement':'domainSpecialization'}}" 
},{
	 "id": "10", 
	 "label": "{'changeType': 'Preserve', 'type': 'object', 'className': 'EStringToStringMapEntry', 'attributes': {'id': '_avoJy96tEei97MD7GK1RmA', 'key':'documentation','value':'Specializes further the domain meta element EClass associated with this mapping and should be evaluated in this EClass context'}}" 
},{
	 "id": "11", 
	 "label": "{'changeType': 'Preserve', 'type': 'object', 'className': 'EAnnotation', 'attributes': {'id': '_ayvILt6tEei97MD7GK1RmA', 'source':'http://www.eclipse.org/gmf/2005/constraints/meta','details':['org.eclipse.emf.ecore.impl.EStringToStringMapEntryImpl@636b54ee (key: def, value: context)','org.eclipse.emf.ecore.impl.EStringToStringMapEntryImpl@c29c8e2 (key: ocl, value: if domainMetaElement.oclIsUndefined() then containmentFeature.eContainingClass else domainMetaElement endif)'],'eModelElement':'domainSpecialization'}}" 
},{
	 "id": "12", 
	 "label": "{'changeType': 'Preserve', 'type': 'object', 'className': 'EStringToStringMapEntry', 'attributes': {'id': '_ayvIL96tEei97MD7GK1RmA', 'key':'def','value':'context'}}" 
},{
	 "id": "13", 
	 "label": "{'changeType': 'Preserve', 'type': 'object', 'className': 'EStringToStringMapEntry', 'attributes': {'id': '_ayvIMN6tEei97MD7GK1RmA', 'key':'ocl','value':'if domainMetaElement.oclIsUndefined() then containmentFeature.eContainingClass else domainMetaElement endif'}}" 
},{
	 "id": "14", 
	 "label": "{'changeType': 'Preserve', 'type': 'object', 'className': 'EReference', 'attributes': {'id': '_av7EvN6tEei97MD7GK1RmA', 'eAnnotations':['org.eclipse.emf.ecore.impl.EAnnotationImpl@6180a8b8 (source: http://www.eclipse.org/emf/2002/GenModel)','org.eclipse.emf.ecore.impl.EAnnotationImpl@1ad9f176 (source: http://www.eclipse.org/gmf/2005/constraints)','...'],'name':'domainInitializer','ordered':'true','unique':'true','lowerBound':'0','upperBound':'1','many':'false','required':'false','eType':'ElementInitializer','eGenericType':'org.eclipse.emf.ecore.impl.EGenericTypeImpl@3c943bed (expression: ElementInitializer)','changeable':'true','volatile':'false','transient':'false','unsettable':'false','derived':'false','eContainingClass':'AbstractNodeMapping','containment':'true','container':'false','resolveProxies':'true','eReferenceType':'ElementInitializer'}}" 
},{
	 "id": "15", 
	 "label": "{'changeType': 'Preserve', 'type': 'object', 'className': 'EAnnotation', 'attributes': {'id': '_av7Evd6tEei97MD7GK1RmA', 'source':'http://www.eclipse.org/emf/2002/GenModel','details':['org.eclipse.emf.ecore.impl.EStringToStringMapEntryImpl@58755c42 (key: documentation, value: Initializer for the domain model element associated with mapping)'],'eModelElement':'domainInitializer'}}" 
},{
	 "id": "16", 
	 "label": "{'changeType': 'Preserve', 'type': 'object', 'className': 'EStringToStringMapEntry', 'attributes': {'id': '_av7Evt6tEei97MD7GK1RmA', 'key':'documentation','value':'Initializer for the domain model element associated with mapping'}}" 
},{
	 "id": "17", 
	 "label": "{'changeType': 'Preserve', 'type': 'object', 'className': 'EAnnotation', 'attributes': {'id': '_ayvINN6tEei97MD7GK1RmA', 'source':'http://www.eclipse.org/gmf/2005/constraints','details':['org.eclipse.emf.ecore.impl.EStringToStringMapEntryImpl@40d5337e (key: ocl, value: let i : FeatureSeqInitializer = domainInitializer.oclAsType( FeatureSeqInitializer) in i.oclIsUndefined() or i.initializers.feature.eContainingClass->forAll(c|c.isSuperTypeOf(domainMetaElement)))'],'eModelElement':'domainInitializer'}}" 
},{
	 "id": "18", 
	 "label": "{'changeType': 'Preserve', 'type': 'object', 'className': 'EStringToStringMapEntry', 'attributes': {'id': '_ayvINd6tEei97MD7GK1RmA', 'key':'ocl','value':'let i : FeatureSeqInitializer = domainInitializer.oclAsType( FeatureSeqInitializer) in i.oclIsUndefined() or i.initializers.feature.eContainingClass->forAll(c|c.isSuperTypeOf(domainMetaElement))'}}" 
},{
	 "id": "19", 
	 "label": "{'changeType': 'Preserve', 'type': 'object', 'className': 'EAnnotation', 'attributes': {'id': '_ayvINt6tEei97MD7GK1RmA', 'source':'http://www.eclipse.org/gmf/2005/constraints/meta','details':['org.eclipse.emf.ecore.impl.EStringToStringMapEntryImpl@56115924 (key: def, value: context)','org.eclipse.emf.ecore.impl.EStringToStringMapEntryImpl@39650d1 (key: ocl, value: if domainMetaElement.oclIsUndefined() then containmentFeature.eContainingClass else domainMetaElement endif)'],'eModelElement':'domainInitializer'}}" 
},{
	 "id": "20", 
	 "label": "{'changeType': 'Preserve', 'type': 'object', 'className': 'EStringToStringMapEntry', 'attributes': {'id': '_ayvIN96tEei97MD7GK1RmA', 'key':'def','value':'context'}}" 
},{
	 "id": "21", 
	 "label": "{'changeType': 'Preserve', 'type': 'object', 'className': 'EStringToStringMapEntry', 'attributes': {'id': '_ayvION6tEei97MD7GK1RmA', 'key':'ocl','value':'if domainMetaElement.oclIsUndefined() then containmentFeature.eContainingClass else domainMetaElement endif'}}" 
},{
	 "id": "22", 
	 "label": "{'changeType': 'Preserve', 'type': 'object', 'className': 'EReference', 'attributes': {'id': '_au4i6t6tEei97MD7GK1RmA', 'eAnnotations':['org.eclipse.emf.ecore.impl.EAnnotationImpl@6a70b7da (source: http://www.eclipse.org/gmf/2005/constraints)','org.eclipse.emf.ecore.impl.EAnnotationImpl@755d51e (source: http://www.eclipse.org/gmf/2005/constraints)'],'name':'containmentFeature','ordered':'true','unique':'true','lowerBound':'0','upperBound':'1','many':'false','required':'false','eType':'EReference','eGenericType':'org.eclipse.emf.ecore.impl.EGenericTypeImpl@c498407 (expression: EReference)','changeable':'true','volatile':'false','transient':'false','unsettable':'false','derived':'false','eContainingClass':'AbstractNodeMapping','containment':'false','container':'false','resolveProxies':'true','eReferenceType':'EReference'}}" 
},{
	 "id": "23", 
	 "label": "{'changeType': 'Preserve', 'type': 'object', 'className': 'EAnnotation', 'attributes': {'id': '_ayvIOt6tEei97MD7GK1RmA', 'source':'http://www.eclipse.org/gmf/2005/constraints','details':['org.eclipse.emf.ecore.impl.EStringToStringMapEntryImpl@36f40bc9 (key: ocl, value: containmentFeature.containment)'],'eModelElement':'containmentFeature'}}" 
},{
	 "id": "24", 
	 "label": "{'changeType': 'Preserve', 'type': 'object', 'className': 'EStringToStringMapEntry', 'attributes': {'id': '_ayvIO96tEei97MD7GK1RmA', 'key':'ocl','value':'containmentFeature.containment'}}" 
},{
	 "id": "25", 
	 "label": "{'changeType': 'Preserve', 'type': 'object', 'className': 'EAnnotation', 'attributes': {'id': '_ayvIPN6tEei97MD7GK1RmA', 'source':'http://www.eclipse.org/gmf/2005/constraints','details':['org.eclipse.emf.ecore.impl.EStringToStringMapEntryImpl@63e821c7 (key: ocl, value: domainMetaElement.oclIsUndefined() or containmentFeature.eReferenceType.isSuperTypeOf(domainMetaElement))'],'eModelElement':'containmentFeature'}}" 
},{
	 "id": "26", 
	 "label": "{'changeType': 'Preserve', 'type': 'object', 'className': 'EStringToStringMapEntry', 'attributes': {'id': '_ayvIPd6tEei97MD7GK1RmA', 'key':'ocl','value':'domainMetaElement.oclIsUndefined() or containmentFeature.eReferenceType.isSuperTypeOf(domainMetaElement)'}}" 
},{
	 "id": "27", 
	 "label": "{'changeType': 'Preserve', 'type': 'object', 'className': 'EReference', 'attributes': {'id': '_au4i7t6tEei97MD7GK1RmA', 'eAnnotations':['org.eclipse.emf.ecore.impl.EAnnotationImpl@33a1b761 (source: http://www.eclipse.org/gmf/2005/constraints)'],'name':'editFeature','ordered':'true','unique':'true','lowerBound':'0','upperBound':'1','many':'false','required':'false','eType':'EAttribute','eGenericType':'org.eclipse.emf.ecore.impl.EGenericTypeImpl@514c995c (expression: EAttribute)','changeable':'true','volatile':'false','transient':'false','unsettable':'false','derived':'false','eContainingClass':'AbstractNodeMapping','containment':'false','container':'false','resolveProxies':'true','eReferenceType':'EAttribute'}}" 
},{
	 "id": "28", 
	 "label": "{'changeType': 'Preserve', 'type': 'object', 'className': 'EAnnotation', 'attributes': {'id': '_ayvIQN6tEei97MD7GK1RmA', 'source':'http://www.eclipse.org/gmf/2005/constraints','details':['org.eclipse.emf.ecore.impl.EStringToStringMapEntryImpl@11655ecb (key: ocl, value: editFeature.oclIsUndefined() or (not domainMetaElement.oclIsUndefined() and editFeature.eContainingClass.isSuperTypeOf(domainMetaElement)) or containmentFeature.eType.oclAsType(ecore::EClass).eAllAttributes->includes(editFeature))'],'eModelElement':'editFeature'}}" 
},{
	 "id": "29", 
	 "label": "{'changeType': 'Preserve', 'type': 'object', 'className': 'EStringToStringMapEntry', 'attributes': {'id': '_ayvIQd6tEei97MD7GK1RmA', 'key':'ocl','value':'editFeature.oclIsUndefined() or (not domainMetaElement.oclIsUndefined() and editFeature.eContainingClass.isSuperTypeOf(domainMetaElement)) or containmentFeature.eType.oclAsType(ecore::EClass).eAllAttr'}}" 
},{
	 "id": "30", 
	 "label": "{'changeType': 'Preserve', 'type': 'object', 'className': 'EReference', 'attributes': {'id': '_au4i8t6tEei97MD7GK1RmA', 'name':'childMappings','ordered':'true','unique':'true','lowerBound':'0','upperBound':'-1','many':'true','required':'false','eType':'ChildNodeMapping','eGenericType':'org.eclipse.emf.ecore.impl.EGenericTypeImpl@52b8df8f (expression: ChildNodeMapping)','changeable':'true','volatile':'false','transient':'false','unsettable':'false','derived':'false','eContainingClass':'AbstractNodeMapping','containment':'true','container':'false','resolveProxies':'true','eOpposite':'parentNode','eReferenceType':'ChildNodeMapping'}}" 
},{
	 "id": "31", 
	 "label": "{'changeType': 'Preserve', 'type': 'object', 'className': 'EClass', 'attributes': {'id': '_au4i4t6tEei97MD7GK1RmA', 'name':'MappingEntry','ePackage':'mappings','abstract':'true','interface':'false'}}" 
},{
	 "id": "32", 
	 "label": "{'changeType': 'Preserve', 'type': 'object', 'className': 'EClass', 'attributes': {'id': '_au4i5d6tEei97MD7GK1RmA', 'name':'NodeMapping','ePackage':'mappings','abstract':'false','interface':'false','eGenericSuperTypes':['org.eclipse.emf.ecore.impl.EGenericTypeImpl@50d78e63 (expression: MappingEntry)','org.eclipse.emf.ecore.impl.EGenericTypeImpl@724c9ff6 (expression: AbstractNodeMapping)']}}" 
},{
	 "id": "33", 
	 "label": "{'changeType': 'Preserve', 'type': 'object', 'className': 'EClass', 'attributes': {'id': '_au4i896tEei97MD7GK1RmA', 'name':'ChildNodeMapping','ePackage':'mappings','abstract':'false','interface':'false','eStructuralFeatures':['compartment','parentNode'],'eGenericSuperTypes':['org.eclipse.emf.ecore.impl.EGenericTypeImpl@debfef1 (expression: AbstractNodeMapping)']}}" 
},{
	 "id": "34", 
	 "label": "{'changeType': 'Preserve', 'type': 'object', 'className': 'EReference', 'attributes': {'id': '_au4i9N6tEei97MD7GK1RmA', 'eAnnotations':['org.eclipse.emf.ecore.impl.EAnnotationImpl@77065d44 (source: http://www.eclipse.org/gmf/2005/constraints)'],'name':'compartment','ordered':'true','unique':'true','lowerBound':'1','upperBound':'1','many':'false','required':'true','eType':'Compartment','eGenericType':'org.eclipse.emf.ecore.impl.EGenericTypeImpl@5c19d1fa (expression: Compartment)','changeable':'true','volatile':'false','transient':'false','unsettable':'false','derived':'false','eContainingClass':'ChildNodeMapping','containment':'false','container':'false','resolveProxies':'true','eReferenceType':'Compartment'}}" 
},{
	 "id": "35", 
	 "label": "{'changeType': 'Preserve', 'type': 'object', 'className': 'EAnnotation', 'attributes': {'id': '_axcuzt6tEei97MD7GK1RmA', 'source':'http://www.eclipse.org/gmf/2005/constraints','details':['org.eclipse.emf.ecore.impl.EStringToStringMapEntryImpl@e57aab7 (key: ocl, value: parentNode.diagramNode.oclAsType(diadef::Node).compartments->includes(self.compartment))'],'eModelElement':'compartment'}}" 
},{
	 "id": "36", 
	 "label": "{'changeType': 'Preserve', 'type': 'object', 'className': 'EStringToStringMapEntry', 'attributes': {'id': '_axcuz96tEei97MD7GK1RmA', 'key':'ocl','value':'parentNode.diagramNode.oclAsType(diadef::Node).compartments->includes(self.compartment)'}}" 
},{
	 "id": "37", 
	 "label": "{'changeType': 'Preserve', 'type': 'object', 'className': 'EReference', 'attributes': {'id': '_axcu5d6tEei97MD7GK1RmA', 'name':'parentNode','ordered':'true','unique':'true','lowerBound':'1','upperBound':'1','many':'false','required':'true','eType':'AbstractNodeMapping','eGenericType':'org.eclipse.emf.ecore.impl.EGenericTypeImpl@66010499 (expression: AbstractNodeMapping)','changeable':'false','volatile':'false','transient':'false','unsettable':'false','derived':'false','eContainingClass':'ChildNodeMapping','containment':'false','container':'true','resolveProxies':'true','eOpposite':'childMappings','eReferenceType':'AbstractNodeMapping'}}" 
},{
	 "id": "38", 
	 "label": "{'changeType': 'Preserve', 'type': 'object', 'className': 'EClass', 'attributes': {'id': '_au4jBN6tEei97MD7GK1RmA', 'name':'LinkMapping','ePackage':'mappings','abstract':'false','interface':'false','eStructuralFeatures':['diagramLink','domainMetaElement','domainSpecialization','domainInitializer','containmentFeature','labelEditFeature','labelDisplayFeature','linkMetaFeature','creationConstraints'],'eGenericSuperTypes':['org.eclipse.emf.ecore.impl.EGenericTypeImpl@47b485a1 (expression: MappingEntry)']}}" 
},{
	 "id": "39", 
	 "label": "{'changeType': 'Preserve', 'type': 'object', 'className': 'EReference', 'attributes': {'id': '_au4jBd6tEei97MD7GK1RmA', 'name':'diagramLink','ordered':'true','unique':'true','lowerBound':'1','upperBound':'1','many':'false','required':'true','eType':'Connection','eGenericType':'org.eclipse.emf.ecore.impl.EGenericTypeImpl@4e3eff60 (expression: Connection)','changeable':'true','volatile':'false','transient':'false','unsettable':'false','derived':'false','eContainingClass':'LinkMapping','containment':'false','container':'false','resolveProxies':'true','eReferenceType':'Connection'}}" 
},{
	 "id": "40", 
	 "label": "{'changeType': 'Preserve', 'type': 'object', 'className': 'EReference', 'attributes': {'id': '_au4jB96tEei97MD7GK1RmA', 'name':'domainMetaElement','ordered':'true','unique':'true','lowerBound':'0','upperBound':'1','many':'false','required':'false','eType':'EClass','eGenericType':'org.eclipse.emf.ecore.impl.EGenericTypeImpl@7866feec (expression: EClass)','changeable':'true','volatile':'false','transient':'false','unsettable':'false','derived':'false','eContainingClass':'LinkMapping','containment':'false','container':'false','resolveProxies':'true','eReferenceType':'EClass'}}" 
},{
	 "id": "41", 
	 "label": "{'changeType': 'Preserve', 'type': 'object', 'className': 'EReference', 'attributes': {'id': '_avoJ7N6tEei97MD7GK1RmA', 'eAnnotations':['org.eclipse.emf.ecore.impl.EAnnotationImpl@49f67b9f (source: http://www.eclipse.org/emf/2002/GenModel)','org.eclipse.emf.ecore.impl.EAnnotationImpl@7a05cb2a (source: http://www.eclipse.org/gmf/2005/constraints/meta)'],'name':'domainSpecialization','ordered':'true','unique':'true','lowerBound':'0','upperBound':'1','many':'false','required':'false','eType':'Constraint','eGenericType':'org.eclipse.emf.ecore.impl.EGenericTypeImpl@529b5b12 (expression: Constraint)','changeable':'true','volatile':'false','transient':'false','unsettable':'false','derived':'false','eContainingClass':'LinkMapping','containment':'true','container':'false','resolveProxies':'true','eReferenceType':'Constraint'}}" 
},{
	 "id": "42", 
	 "label": "{'changeType': 'Preserve', 'type': 'object', 'className': 'EAnnotation', 'attributes': {'id': '_avoJ7d6tEei97MD7GK1RmA', 'source':'http://www.eclipse.org/emf/2002/GenModel','details':['org.eclipse.emf.ecore.impl.EStringToStringMapEntryImpl@355bc2f3 (key: documentation, value: Specializes further the domain meta element EClass associated with this mapping and should be evaluated in this EClass context)'],'eModelElement':'domainSpecialization'}}" 
},{
	 "id": "43", 
	 "label": "{'changeType': 'Preserve', 'type': 'object', 'className': 'EStringToStringMapEntry', 'attributes': {'id': '_avoJ7t6tEei97MD7GK1RmA', 'key':'documentation','value':'Specializes further the domain meta element EClass associated with this mapping and should be evaluated in this EClass context'}}" 
},{
	 "id": "44", 
	 "label": "{'changeType': 'Preserve', 'type': 'object', 'className': 'EAnnotation', 'attributes': {'id': '_aycNed6tEei97MD7GK1RmA', 'source':'http://www.eclipse.org/gmf/2005/constraints/meta','details':['org.eclipse.emf.ecore.impl.EStringToStringMapEntryImpl@5855713c (key: def, value: context)','org.eclipse.emf.ecore.impl.EStringToStringMapEntryImpl@2205d32a (key: ocl, value: if domainMetaElement.oclIsUndefined() then linkMetaFeature.eContainingClass else domainMetaElement endif )'],'eModelElement':'domainSpecialization'}}" 
},{
	 "id": "45", 
	 "label": "{'changeType': 'Preserve', 'type': 'object', 'className': 'EStringToStringMapEntry', 'attributes': {'id': '_aycNet6tEei97MD7GK1RmA', 'key':'def','value':'context'}}" 
},{
	 "id": "46", 
	 "label": "{'changeType': 'Preserve', 'type': 'object', 'className': 'EStringToStringMapEntry', 'attributes': {'id': '_aycNe96tEei97MD7GK1RmA', 'key':'ocl','value':'if domainMetaElement.oclIsUndefined() then linkMetaFeature.eContainingClass else domainMetaElement endif '}}" 
},{
	 "id": "47", 
	 "label": "{'changeType': 'Preserve', 'type': 'object', 'className': 'EReference', 'attributes': {'id': '_av7E5d6tEei97MD7GK1RmA', 'eAnnotations':['org.eclipse.emf.ecore.impl.EAnnotationImpl@1d2a1f46 (source: http://www.eclipse.org/emf/2002/GenModel)','org.eclipse.emf.ecore.impl.EAnnotationImpl@62955327 (source: http://www.eclipse.org/gmf/2005/constraints)','...'],'name':'domainInitializer','ordered':'true','unique':'true','lowerBound':'0','upperBound':'1','many':'false','required':'false','eType':'ElementInitializer','eGenericType':'org.eclipse.emf.ecore.impl.EGenericTypeImpl@3a1ff7ca (expression: ElementInitializer)','changeable':'true','volatile':'false','transient':'false','unsettable':'false','derived':'false','eContainingClass':'LinkMapping','containment':'true','container':'false','resolveProxies':'true','eReferenceType':'ElementInitializer'}}" 
},{
	 "id": "48", 
	 "label": "{'changeType': 'Preserve', 'type': 'object', 'className': 'EAnnotation', 'attributes': {'id': '_av7E5t6tEei97MD7GK1RmA', 'source':'http://www.eclipse.org/emf/2002/GenModel','details':['org.eclipse.emf.ecore.impl.EStringToStringMapEntryImpl@6e05514e (key: documentation, value: Initializer for the domain model element associated with mapping)'],'eModelElement':'domainInitializer'}}" 
},{
	 "id": "49", 
	 "label": "{'changeType': 'Preserve', 'type': 'object', 'className': 'EStringToStringMapEntry', 'attributes': {'id': '_av7E596tEei97MD7GK1RmA', 'key':'documentation','value':'Initializer for the domain model element associated with mapping'}}" 
},{
	 "id": "50", 
	 "label": "{'changeType': 'Preserve', 'type': 'object', 'className': 'EAnnotation', 'attributes': {'id': '_axcu8d6tEei97MD7GK1RmA', 'source':'http://www.eclipse.org/gmf/2005/constraints','details':['org.eclipse.emf.ecore.impl.EStringToStringMapEntryImpl@3de63a6f (key: ocl, value: let i : FeatureSeqInitializer = domainInitializer.oclAsType( FeatureSeqInitializer) in i.oclIsUndefined() or i.initializers.feature.eContainingClass->forAll(c|c.isSuperTypeOf(domainMetaElement)) )'],'eModelElement':'domainInitializer'}}" 
},{
	 "id": "51", 
	 "label": "{'changeType': 'Preserve', 'type': 'object', 'className': 'EStringToStringMapEntry', 'attributes': {'id': '_axcu8t6tEei97MD7GK1RmA', 'key':'ocl','value':'let i : FeatureSeqInitializer = domainInitializer.oclAsType( FeatureSeqInitializer) in i.oclIsUndefined() or i.initializers.feature.eContainingClass->forAll(c|c.isSuperTypeOf(domainMetaElement)) '}}" 
},{
	 "id": "52", 
	 "label": "{'changeType': 'Preserve', 'type': 'object', 'className': 'EAnnotation', 'attributes': {'id': '_aycNgd6tEei97MD7GK1RmA', 'source':'http://www.eclipse.org/gmf/2005/constraints/meta','details':['org.eclipse.emf.ecore.impl.EStringToStringMapEntryImpl@343062da (key: def, value: context)','org.eclipse.emf.ecore.impl.EStringToStringMapEntryImpl@7c741310 (key: ocl, value: if domainMetaElement.oclIsUndefined() then linkMetaFeature.eContainingClass else domainMetaElement endif )'],'eModelElement':'domainInitializer'}}" 
},{
	 "id": "53", 
	 "label": "{'changeType': 'Preserve', 'type': 'object', 'className': 'EStringToStringMapEntry', 'attributes': {'id': '_aycNgt6tEei97MD7GK1RmA', 'key':'def','value':'context'}}" 
},{
	 "id": "54", 
	 "label": "{'changeType': 'Preserve', 'type': 'object', 'className': 'EStringToStringMapEntry', 'attributes': {'id': '_aycNg96tEei97MD7GK1RmA', 'key':'ocl','value':'if domainMetaElement.oclIsUndefined() then linkMetaFeature.eContainingClass else domainMetaElement endif '}}" 
},{
	 "id": "55", 
	 "label": "{'changeType': 'Preserve', 'type': 'object', 'className': 'EReference', 'attributes': {'id': '_au4jCd6tEei97MD7GK1RmA', 'eAnnotations':['org.eclipse.emf.ecore.impl.EAnnotationImpl@5e8d1912 (source: http://www.eclipse.org/gmf/2005/constraints)'],'name':'containmentFeature','ordered':'true','unique':'true','lowerBound':'0','upperBound':'1','many':'false','required':'false','eType':'EReference','eGenericType':'org.eclipse.emf.ecore.impl.EGenericTypeImpl@352cf41b (expression: EReference)','changeable':'true','volatile':'false','transient':'false','unsettable':'false','derived':'false','eContainingClass':'LinkMapping','containment':'false','container':'false','resolveProxies':'true','eReferenceType':'EReference'}}" 
},{
	 "id": "56", 
	 "label": "{'changeType': 'Preserve', 'type': 'object', 'className': 'EAnnotation', 'attributes': {'id': '_axcu9N6tEei97MD7GK1RmA', 'source':'http://www.eclipse.org/gmf/2005/constraints','details':['org.eclipse.emf.ecore.impl.EStringToStringMapEntryImpl@699c86ab (key: ocl, value: containmentFeature.oclIsUndefined() or containmentFeature.eReferenceType.isSuperTypeOf(domainMetaElement))'],'eModelElement':'containmentFeature'}}" 
},{
	 "id": "57", 
	 "label": "{'changeType': 'Preserve', 'type': 'object', 'className': 'EStringToStringMapEntry', 'attributes': {'id': '_axcu9d6tEei97MD7GK1RmA', 'key':'ocl','value':'containmentFeature.oclIsUndefined() or containmentFeature.eReferenceType.isSuperTypeOf(domainMetaElement)'}}" 
},{
	 "id": "58", 
	 "label": "{'changeType': 'Preserve', 'type': 'object', 'className': 'EReference', 'attributes': {'id': '_au4jDd6tEei97MD7GK1RmA', 'eAnnotations':['org.eclipse.emf.ecore.impl.EAnnotationImpl@185458b1 (source: http://www.eclipse.org/gmf/2005/constraints)'],'name':'labelEditFeature','ordered':'true','unique':'true','lowerBound':'0','upperBound':'1','many':'false','required':'false','eType':'EAttribute','eGenericType':'org.eclipse.emf.ecore.impl.EGenericTypeImpl@47ae9e57 (expression: EAttribute)','changeable':'true','volatile':'false','transient':'false','unsettable':'false','derived':'false','eContainingClass':'LinkMapping','containment':'false','container':'false','resolveProxies':'true','eReferenceType':'EAttribute'}}" 
},{
	 "id": "59", 
	 "label": "{'changeType': 'Preserve', 'type': 'object', 'className': 'EAnnotation', 'attributes': {'id': '_axcu-N6tEei97MD7GK1RmA', 'source':'http://www.eclipse.org/gmf/2005/constraints','details':['org.eclipse.emf.ecore.impl.EStringToStringMapEntryImpl@15703cce (key: ocl, value: labelEditFeature.oclIsUndefined() or labelEditFeature.eContainingClass.isSuperTypeOf(domainMetaElement))'],'eModelElement':'labelEditFeature'}}" 
},{
	 "id": "60", 
	 "label": "{'changeType': 'Preserve', 'type': 'object', 'className': 'EStringToStringMapEntry', 'attributes': {'id': '_axcu-d6tEei97MD7GK1RmA', 'key':'ocl','value':'labelEditFeature.oclIsUndefined() or labelEditFeature.eContainingClass.isSuperTypeOf(domainMetaElement)'}}" 
},{
	 "id": "61", 
	 "label": "{'changeType': 'Preserve', 'type': 'object', 'className': 'EReference', 'attributes': {'id': '_au4jD96tEei97MD7GK1RmA', 'eAnnotations':['org.eclipse.emf.ecore.impl.EAnnotationImpl@6fbf147e (source: http://www.eclipse.org/emf/2002/GenModel)','org.eclipse.emf.ecore.impl.EAnnotationImpl@48d2a60d (source: http://www.eclipse.org/gmf/2005/constraints)'],'name':'labelDisplayFeature','ordered':'true','unique':'true','lowerBound':'0','upperBound':'1','many':'false','required':'false','eType':'EAttribute','eGenericType':'org.eclipse.emf.ecore.impl.EGenericTypeImpl@28c79e6e (expression: EAttribute)','changeable':'true','volatile':'false','transient':'false','unsettable':'false','derived':'false','eContainingClass':'LinkMapping','containment':'false','container':'false','resolveProxies':'true','eReferenceType':'EAttribute'}}" 
},{
	 "id": "62", 
	 "label": "{'changeType': 'Preserve', 'type': 'object', 'className': 'EAnnotation', 'attributes': {'id': '_au4jEN6tEei97MD7GK1RmA', 'source':'http://www.eclipse.org/emf/2002/GenModel','details':['org.eclipse.emf.ecore.impl.EStringToStringMapEntryImpl@7bbdd30b (key: documentation, value: By default, same as editFeature, once latter is set)'],'eModelElement':'labelDisplayFeature'}}" 
},{
	 "id": "63", 
	 "label": "{'changeType': 'Preserve', 'type': 'object', 'className': 'EStringToStringMapEntry', 'attributes': {'id': '_au4jEd6tEei97MD7GK1RmA', 'key':'documentation','value':'By default, same as editFeature, once latter is set'}}" 
},{
	 "id": "64", 
	 "label": "{'changeType': 'Preserve', 'type': 'object', 'className': 'EAnnotation', 'attributes': {'id': '_axcu_t6tEei97MD7GK1RmA', 'source':'http://www.eclipse.org/gmf/2005/constraints','details':['org.eclipse.emf.ecore.impl.EStringToStringMapEntryImpl@3fcc610d (key: ocl, value: labelDisplayFeature.oclIsUndefined() or labelDisplayFeature.eContainingClass.isSuperTypeOf(domainMetaElement))'],'eModelElement':'labelDisplayFeature'}}" 
},{
	 "id": "65", 
	 "label": "{'changeType': 'Preserve', 'type': 'object', 'className': 'EStringToStringMapEntry', 'attributes': {'id': '_axcu_96tEei97MD7GK1RmA', 'key':'ocl','value':'labelDisplayFeature.oclIsUndefined() or labelDisplayFeature.eContainingClass.isSuperTypeOf(domainMetaElement)'}}" 
},{
	 "id": "66", 
	 "label": "{'changeType': 'Preserve', 'type': 'object', 'className': 'EReference', 'attributes': {'id': '_au4jE96tEei97MD7GK1RmA', 'eAnnotations':['org.eclipse.emf.ecore.impl.EAnnotationImpl@60480e9b (source: http://www.eclipse.org/gmf/2005/constraints)'],'name':'linkMetaFeature','ordered':'true','unique':'true','lowerBound':'1','upperBound':'1','many':'false','required':'true','eType':'EStructuralFeature','eGenericType':'org.eclipse.emf.ecore.impl.EGenericTypeImpl@28f0128c (expression: EStructuralFeature)','changeable':'true','volatile':'false','transient':'false','unsettable':'false','derived':'false','eContainingClass':'LinkMapping','containment':'false','container':'false','resolveProxies':'true','eReferenceType':'EStructuralFeature'}}" 
},{
	 "id": "67", 
	 "label": "{'changeType': 'Preserve', 'type': 'object', 'className': 'EAnnotation', 'attributes': {'id': '_axcvAt6tEei97MD7GK1RmA', 'source':'http://www.eclipse.org/gmf/2005/constraints','details':['org.eclipse.emf.ecore.impl.EStringToStringMapEntryImpl@3cd0cf96 (key: ocl, value: domainMetaElement.oclIsUndefined() or linkMetaFeature.eContainingClass.isSuperTypeOf(domainMetaElement))'],'eModelElement':'linkMetaFeature'}}" 
},{
	 "id": "68", 
	 "label": "{'changeType': 'Preserve', 'type': 'object', 'className': 'EStringToStringMapEntry', 'attributes': {'id': '_axcvA96tEei97MD7GK1RmA', 'key':'ocl','value':'domainMetaElement.oclIsUndefined() or linkMetaFeature.eContainingClass.isSuperTypeOf(domainMetaElement)'}}" 
},{
	 "id": "69", 
	 "label": "{'changeType': 'Preserve', 'type': 'object', 'className': 'EReference', 'attributes': {'id': '_azL0Yd6tEei97MD7GK1RmA', 'eAnnotations':['org.eclipse.emf.ecore.impl.EAnnotationImpl@c30a529 (source: http://www.eclipse.org/emf/2002/GenModel)'],'name':'creationConstraints','ordered':'true','unique':'true','lowerBound':'0','upperBound':'1','many':'false','required':'false','eType':'LinkConstraints','eGenericType':'org.eclipse.emf.ecore.impl.EGenericTypeImpl@27c9e837 (expression: LinkConstraints)','changeable':'true','volatile':'false','transient':'false','unsettable':'false','derived':'false','eContainingClass':'LinkMapping','containment':'true','container':'false','resolveProxies':'true','eOpposite':'linkMapping','eReferenceType':'LinkConstraints'}}" 
},{
	 "id": "70", 
	 "label": "{'changeType': 'Preserve', 'type': 'object', 'className': 'EAnnotation', 'attributes': {'id': '_azL0Yt6tEei97MD7GK1RmA', 'source':'http://www.eclipse.org/emf/2002/GenModel','details':['org.eclipse.emf.ecore.impl.EStringToStringMapEntryImpl@36267746 (key: documentation, value: Specifies additional restrictions on link creation)'],'eModelElement':'creationConstraints'}}" 
},{
	 "id": "71", 
	 "label": "{'changeType': 'Preserve', 'type': 'object', 'className': 'EStringToStringMapEntry', 'attributes': {'id': '_azL0Y96tEei97MD7GK1RmA', 'key':'documentation','value':'Specifies additional restrictions on link creation'}}" 
},{
	 "id": "72", 
	 "label": "{'changeType': 'Preserve', 'type': 'object', 'className': 'EClass', 'attributes': {'id': '_au4jFd6tEei97MD7GK1RmA', 'name':'CanvasMapping','ePackage':'mappings','abstract':'false','interface':'false','eStructuralFeatures':['diagramCanvas','domainModel','domainMetaElement'],'eGenericSuperTypes':['org.eclipse.emf.ecore.impl.EGenericTypeImpl@50df4d02 (expression: MappingEntry)']}}" 
},{
	 "id": "73", 
	 "label": "{'changeType': 'Preserve', 'type': 'object', 'className': 'EReference', 'attributes': {'id': '_au4jFt6tEei97MD7GK1RmA', 'name':'diagramCanvas','ordered':'true','unique':'true','lowerBound':'1','upperBound':'1','many':'false','required':'true','eType':'Canvas','eGenericType':'org.eclipse.emf.ecore.impl.EGenericTypeImpl@5c5673f5 (expression: Canvas)','changeable':'true','volatile':'false','transient':'false','unsettable':'false','derived':'false','eContainingClass':'CanvasMapping','containment':'false','container':'false','resolveProxies':'true','eReferenceType':'Canvas'}}" 
},{
	 "id": "74", 
	 "label": "{'changeType': 'Preserve', 'type': 'object', 'className': 'EReference', 'attributes': {'id': '_au4jGN6tEei97MD7GK1RmA', 'name':'domainModel','ordered':'true','unique':'true','lowerBound':'0','upperBound':'1','many':'false','required':'false','eType':'EPackage','eGenericType':'org.eclipse.emf.ecore.impl.EGenericTypeImpl@3b5756e2 (expression: EPackage)','changeable':'true','volatile':'false','transient':'false','unsettable':'false','derived':'false','eContainingClass':'CanvasMapping','containment':'false','container':'false','resolveProxies':'true','eReferenceType':'EPackage'}}" 
},{
	 "id": "75", 
	 "label": "{'changeType': 'Preserve', 'type': 'object', 'className': 'EReference', 'attributes': {'id': '_au4jGt6tEei97MD7GK1RmA', 'name':'domainMetaElement','ordered':'true','unique':'true','lowerBound':'0','upperBound':'1','many':'false','required':'false','eType':'EClass','eGenericType':'org.eclipse.emf.ecore.impl.EGenericTypeImpl@7004dac4 (expression: EClass)','changeable':'true','volatile':'false','transient':'false','unsettable':'false','derived':'false','eContainingClass':'CanvasMapping','containment':'false','container':'false','resolveProxies':'true','eReferenceType':'EClass'}}" 
},{
	 "id": "76", 
	 "label": "{'changeType': 'Preserve', 'type': 'object', 'className': 'EClass', 'attributes': {'id': '_au4jHN6tEei97MD7GK1RmA', 'name':'Mapping','ePackage':'mappings','abstract':'false','interface':'false','eStructuralFeatures':['nodes','links','diagram']}}" 
},{
	 "id": "77", 
	 "label": "{'changeType': 'Preserve', 'type': 'object', 'className': 'EReference', 'attributes': {'id': '_au4jHd6tEei97MD7GK1RmA', 'name':'nodes','ordered':'true','unique':'true','lowerBound':'1','upperBound':'-1','many':'true','required':'true','eType':'NodeMapping','eGenericType':'org.eclipse.emf.ecore.impl.EGenericTypeImpl@3c6c0363 (expression: NodeMapping)','changeable':'true','volatile':'false','transient':'false','unsettable':'false','derived':'false','eContainingClass':'Mapping','containment':'true','container':'false','resolveProxies':'false','eReferenceType':'NodeMapping'}}" 
},{
	 "id": "78", 
	 "label": "{'changeType': 'Preserve', 'type': 'object', 'className': 'EReference', 'attributes': {'id': '_au4jHt6tEei97MD7GK1RmA', 'name':'links','ordered':'true','unique':'true','lowerBound':'0','upperBound':'-1','many':'true','required':'false','eType':'LinkMapping','eGenericType':'org.eclipse.emf.ecore.impl.EGenericTypeImpl@2df3f9c7 (expression: LinkMapping)','changeable':'true','volatile':'false','transient':'false','unsettable':'false','derived':'false','eContainingClass':'Mapping','containment':'true','container':'false','resolveProxies':'false','eReferenceType':'LinkMapping'}}" 
},{
	 "id": "79", 
	 "label": "{'changeType': 'Preserve', 'type': 'object', 'className': 'EReference', 'attributes': {'id': '_au4jH96tEei97MD7GK1RmA', 'name':'diagram','ordered':'true','unique':'true','lowerBound':'1','upperBound':'1','many':'false','required':'true','eType':'CanvasMapping','eGenericType':'org.eclipse.emf.ecore.impl.EGenericTypeImpl@3aaf5cc8 (expression: CanvasMapping)','changeable':'true','volatile':'false','transient':'false','unsettable':'false','derived':'false','eContainingClass':'Mapping','containment':'true','container':'false','resolveProxies':'false','eReferenceType':'CanvasMapping'}}" 
},{
	 "id": "80", 
	 "label": "{'changeType': 'Preserve', 'type': 'object', 'className': 'EClass', 'attributes': {'id': '_avoKBt6tEei97MD7GK1RmA', 'eAnnotations':['org.eclipse.emf.ecore.impl.EAnnotationImpl@238597d6 (source: http://www.eclipse.org/emf/2002/GenModel)','org.eclipse.emf.ecore.impl.EAnnotationImpl@24ac913a (source: http://www.eclipse.org/gmf/2005/constraints/meta)'],'name':'Constraint','ePackage':'mappings','abstract':'false','interface':'false','eGenericSuperTypes':['org.eclipse.emf.ecore.impl.EGenericTypeImpl@33991fe6 (expression: ValueExpression)']}}" 
},{
	 "id": "81", 
	 "label": "{'changeType': 'Preserve', 'type': 'object', 'className': 'EAnnotation', 'attributes': {'id': '_avoKCd6tEei97MD7GK1RmA', 'source':'http://www.eclipse.org/emf/2002/GenModel','details':['org.eclipse.emf.ecore.impl.EStringToStringMapEntryImpl@6425c86a (key: documentation, value: Boolean type value expression which is to be evaluated in a context)'],'eModelElement':'Constraint'}}" 
},{
	 "id": "82", 
	 "label": "{'changeType': 'Preserve', 'type': 'object', 'className': 'EStringToStringMapEntry', 'attributes': {'id': '_avoKCt6tEei97MD7GK1RmA', 'key':'documentation','value':'Boolean type value expression which is to be evaluated in a context'}}" 
},{
	 "id": "83", 
	 "label": "{'changeType': 'Preserve', 'type': 'object', 'className': 'EAnnotation', 'attributes': {'id': '_aycNpN6tEei97MD7GK1RmA', 'source':'http://www.eclipse.org/gmf/2005/constraints/meta','details':['org.eclipse.emf.ecore.impl.EStringToStringMapEntryImpl@66abb1af (key: def, value: Constraint)'],'eModelElement':'Constraint'}}" 
},{
	 "id": "84", 
	 "label": "{'changeType': 'Preserve', 'type': 'object', 'className': 'EStringToStringMapEntry', 'attributes': {'id': '_aycNpd6tEei97MD7GK1RmA', 'key':'def','value':'Constraint'}}" 
},{
	 "id": "85", 
	 "label": "{'changeType': 'Preserve', 'type': 'object', 'className': 'EClass', 'attributes': {'id': '_azL0dN6tEei97MD7GK1RmA', 'eAnnotations':['org.eclipse.emf.ecore.impl.EAnnotationImpl@23b3524a (source: http://www.eclipse.org/emf/2002/GenModel)'],'name':'LinkConstraints','ePackage':'mappings','abstract':'false','interface':'false','eStructuralFeatures':['linkMapping','sourceEnd','targetEnd']}}" 
},{
	 "id": "86", 
	 "label": "{'changeType': 'Preserve', 'type': 'object', 'className': 'EAnnotation', 'attributes': {'id': '_azL0dd6tEei97MD7GK1RmA', 'source':'http://www.eclipse.org/emf/2002/GenModel','details':['org.eclipse.emf.ecore.impl.EStringToStringMapEntryImpl@63563247 (key: documentation, value: Groups constraints on the link source and target end)'],'eModelElement':'LinkConstraints'}}" 
},{
	 "id": "87", 
	 "label": "{'changeType': 'Preserve', 'type': 'object', 'className': 'EStringToStringMapEntry', 'attributes': {'id': '_azL0dt6tEei97MD7GK1RmA', 'key':'documentation','value':'Groups constraints on the link source and target end'}}" 
},{
	 "id": "88", 
	 "label": "{'changeType': 'Preserve', 'type': 'object', 'className': 'EReference', 'attributes': {'id': '_azL0d96tEei97MD7GK1RmA', 'eAnnotations':['org.eclipse.emf.ecore.impl.EAnnotationImpl@75d49af1 (source: http://www.eclipse.org/emf/2002/GenModel)'],'name':'linkMapping','ordered':'true','unique':'true','lowerBound':'1','upperBound':'1','many':'false','required':'true','eType':'LinkMapping','eGenericType':'org.eclipse.emf.ecore.impl.EGenericTypeImpl@4c4cb030 (expression: LinkMapping)','changeable':'false','volatile':'false','transient':'false','unsettable':'false','derived':'false','eContainingClass':'LinkConstraints','containment':'false','container':'true','resolveProxies':'true','eOpposite':'creationConstraints','eReferenceType':'LinkMapping'}}" 
},{
	 "id": "89", 
	 "label": "{'changeType': 'Preserve', 'type': 'object', 'className': 'EAnnotation', 'attributes': {'id': '_azL0eN6tEei97MD7GK1RmA', 'source':'http://www.eclipse.org/emf/2002/GenModel','details':['org.eclipse.emf.ecore.impl.EStringToStringMapEntryImpl@27424a06 (key: documentation, value: References the link mapping restricted by these constraints)'],'eModelElement':'linkMapping'}}" 
},{
	 "id": "90", 
	 "label": "{'changeType': 'Preserve', 'type': 'object', 'className': 'EStringToStringMapEntry', 'attributes': {'id': '_azL0ed6tEei97MD7GK1RmA', 'key':'documentation','value':'References the link mapping restricted by these constraints'}}" 
},{
	 "id": "91", 
	 "label": "{'changeType': 'Preserve', 'type': 'object', 'className': 'EReference', 'attributes': {'id': '_azL0et6tEei97MD7GK1RmA', 'eAnnotations':['org.eclipse.emf.ecore.impl.EAnnotationImpl@59336fe3 (source: http://www.eclipse.org/emf/2002/GenModel)'],'name':'sourceEnd','ordered':'true','unique':'true','lowerBound':'0','upperBound':'1','many':'false','required':'false','eType':'Constraint','eGenericType':'org.eclipse.emf.ecore.impl.EGenericTypeImpl@8617f0c (expression: Constraint)','changeable':'true','volatile':'false','transient':'false','unsettable':'false','derived':'false','eContainingClass':'LinkConstraints','containment':'true','container':'false','resolveProxies':'true','eReferenceType':'Constraint'}}" 
},{
	 "id": "92", 
	 "label": "{'changeType': 'Preserve', 'type': 'object', 'className': 'EAnnotation', 'attributes': {'id': '_azL0e96tEei97MD7GK1RmA', 'source':'http://www.eclipse.org/emf/2002/GenModel','details':['org.eclipse.emf.ecore.impl.EStringToStringMapEntryImpl@6c940cb9 (key: documentation, value: Restriction enforced by the the source end, may reference variables 'oppositeEnd' pointing to targetEnd and 'link' denoting the link domainmetaElement instance if available.)'],'eModelElement':'sourceEnd'}}" 
},{
	 "id": "93", 
	 "label": "{'changeType': 'Preserve', 'type': 'object', 'className': 'EStringToStringMapEntry', 'attributes': {'id': '_azL0fN6tEei97MD7GK1RmA', 'key':'documentation','value':'Restriction enforced by the the source end, may reference variables 'oppositeEnd' pointing to targetEnd and 'link' denoting the link domainmetaElement instance if available.'}}" 
},{
	 "id": "94", 
	 "label": "{'changeType': 'Preserve', 'type': 'object', 'className': 'EReference', 'attributes': {'id': '_azL0fd6tEei97MD7GK1RmA', 'eAnnotations':['org.eclipse.emf.ecore.impl.EAnnotationImpl@20397e85 (source: http://www.eclipse.org/emf/2002/GenModel)'],'name':'targetEnd','ordered':'true','unique':'true','lowerBound':'0','upperBound':'1','many':'false','required':'false','eType':'Constraint','eGenericType':'org.eclipse.emf.ecore.impl.EGenericTypeImpl@62b75947 (expression: Constraint)','changeable':'true','volatile':'false','transient':'false','unsettable':'false','derived':'false','eContainingClass':'LinkConstraints','containment':'true','container':'false','resolveProxies':'true','eReferenceType':'Constraint'}}" 
},{
	 "id": "95", 
	 "label": "{'changeType': 'Preserve', 'type': 'object', 'className': 'EAnnotation', 'attributes': {'id': '_azL0ft6tEei97MD7GK1RmA', 'source':'http://www.eclipse.org/emf/2002/GenModel','details':['org.eclipse.emf.ecore.impl.EStringToStringMapEntryImpl@6c844fff (key: documentation, value: Restriction enforced by the the target end, may reference variables 'oppositeEnd' pointing to sourceEnd and 'link' denoting the link domainmetaElement instance if available.)'],'eModelElement':'targetEnd'}}" 
},{
	 "id": "96", 
	 "label": "{'changeType': 'Preserve', 'type': 'object', 'className': 'EStringToStringMapEntry', 'attributes': {'id': '_azL0f96tEei97MD7GK1RmA', 'key':'documentation','value':'Restriction enforced by the the target end, may reference variables 'oppositeEnd' pointing to sourceEnd and 'link' denoting the link domainmetaElement instance if available.'}}" 
},{
	 "id": "97", 
	 "label": "{'changeType': 'Preserve', 'type': 'object', 'className': 'EClass', 'attributes': {'id': '_avoKC96tEei97MD7GK1RmA', 'eAnnotations':['org.eclipse.emf.ecore.impl.EAnnotationImpl@3b183f14 (source: http://www.eclipse.org/gmf/2005/constraints/meta)','org.eclipse.emf.ecore.impl.EAnnotationImpl@1e8bf5eb (source: http://www.eclipse.org/emf/2002/GenModel)'],'name':'ValueExpression','ePackage':'mappings','abstract':'false','interface':'false','eStructuralFeatures':['body','language']}}" 
},{
	 "id": "98", 
	 "label": "{'changeType': 'Preserve', 'type': 'object', 'className': 'EAnnotation', 'attributes': {'id': '_aycNp96tEei97MD7GK1RmA', 'source':'http://www.eclipse.org/gmf/2005/constraints/meta','details':['org.eclipse.emf.ecore.impl.EStringToStringMapEntryImpl@503eb3a4 (key: def, value: ValueSpec)'],'eModelElement':'ValueExpression'}}" 
},{
	 "id": "99", 
	 "label": "{'changeType': 'Preserve', 'type': 'object', 'className': 'EStringToStringMapEntry', 'attributes': {'id': '_aycNqN6tEei97MD7GK1RmA', 'key':'def','value':'ValueSpec'}}" 
},{
	 "id": "100", 
	 "label": "{'changeType': 'Preserve', 'type': 'object', 'className': 'EAnnotation', 'attributes': {'id': '_avoKDN6tEei97MD7GK1RmA', 'source':'http://www.eclipse.org/emf/2002/GenModel','details':['org.eclipse.emf.ecore.impl.EStringToStringMapEntryImpl@1446a6f8 (key: documentation, value: Expression as a textual statement which results in a value when evaluated in a context)'],'eModelElement':'ValueExpression'}}" 
},{
	 "id": "101", 
	 "label": "{'changeType': 'Preserve', 'type': 'object', 'className': 'EStringToStringMapEntry', 'attributes': {'id': '_avoKDd6tEei97MD7GK1RmA', 'key':'documentation','value':'Expression as a textual statement which results in a value when evaluated in a context'}}" 
},{
	 "id": "102", 
	 "label": "{'changeType': 'Preserve', 'type': 'object', 'className': 'EAttribute', 'attributes': {'id': '_avoKDt6tEei97MD7GK1RmA', 'eAnnotations':['org.eclipse.emf.ecore.impl.EAnnotationImpl@4bdae617 (source: http://www.eclipse.org/emf/2002/GenModel)','org.eclipse.emf.ecore.impl.EAnnotationImpl@2bef70e3 (source: http://www.eclipse.org/gmf/2005/constraints/meta)'],'name':'body','ordered':'true','unique':'true','lowerBound':'1','upperBound':'1','many':'false','required':'true','eType':'EString','eGenericType':'org.eclipse.emf.ecore.impl.EGenericTypeImpl@3f92d543 (expression: EString)','changeable':'true','volatile':'false','transient':'false','unsettable':'false','derived':'false','eContainingClass':'ValueExpression','iD':'false','eAttributeType':'EString'}}" 
},{
	 "id": "103", 
	 "label": "{'changeType': 'Preserve', 'type': 'object', 'className': 'EAnnotation', 'attributes': {'id': '_avoKD96tEei97MD7GK1RmA', 'source':'http://www.eclipse.org/emf/2002/GenModel','details':['org.eclipse.emf.ecore.impl.EStringToStringMapEntryImpl@abf762a (key: documentation, value: The text of the expression)'],'eModelElement':'body'}}" 
},{
	 "id": "104", 
	 "label": "{'changeType': 'Preserve', 'type': 'object', 'className': 'EStringToStringMapEntry', 'attributes': {'id': '_avoKEN6tEei97MD7GK1RmA', 'key':'documentation','value':'The text of the expression'}}" 
},{
	 "id": "105", 
	 "label": "{'changeType': 'Preserve', 'type': 'object', 'className': 'EAnnotation', 'attributes': {'id': '_aycNrt6tEei97MD7GK1RmA', 'source':'http://www.eclipse.org/gmf/2005/constraints/meta','details':['org.eclipse.emf.ecore.impl.EStringToStringMapEntryImpl@23646566 (key: def, value: body)'],'eModelElement':'body'}}" 
},{
	 "id": "106", 
	 "label": "{'changeType': 'Preserve', 'type': 'object', 'className': 'EStringToStringMapEntry', 'attributes': {'id': '_aycNr96tEei97MD7GK1RmA', 'key':'def','value':'body'}}" 
},{
	 "id": "107", 
	 "label": "{'changeType': 'Preserve', 'type': 'object', 'className': 'EAttribute', 'attributes': {'id': '_avoKEt6tEei97MD7GK1RmA', 'eAnnotations':['org.eclipse.emf.ecore.impl.EAnnotationImpl@1e55f3eb (source: http://www.eclipse.org/emf/2002/GenModel)','org.eclipse.emf.ecore.impl.EAnnotationImpl@378b1c5f (source: http://www.eclipse.org/gmf/2005/constraints/meta)'],'name':'language','ordered':'true','unique':'true','lowerBound':'0','upperBound':'1','many':'false','required':'false','eType':'EString','eGenericType':'org.eclipse.emf.ecore.impl.EGenericTypeImpl@27695393 (expression: EString)','changeable':'true','volatile':'false','transient':'false','defaultValueLiteral':'ocl','defaultValue':'ocl','unsettable':'false','derived':'false','eContainingClass':'ValueExpression','iD':'false','eAttributeType':'EString'}}" 
},{
	 "id": "108", 
	 "label": "{'changeType': 'Preserve', 'type': 'object', 'className': 'EAnnotation', 'attributes': {'id': '_avoKE96tEei97MD7GK1RmA', 'source':'http://www.eclipse.org/emf/2002/GenModel','details':['org.eclipse.emf.ecore.impl.EStringToStringMapEntryImpl@1e1afa12 (key: documentation, value: Specifies the language in which the expression is stated)'],'eModelElement':'language'}}" 
},{
	 "id": "109", 
	 "label": "{'changeType': 'Preserve', 'type': 'object', 'className': 'EStringToStringMapEntry', 'attributes': {'id': '_avoKFN6tEei97MD7GK1RmA', 'key':'documentation','value':'Specifies the language in which the expression is stated'}}" 
},{
	 "id": "110", 
	 "label": "{'changeType': 'Preserve', 'type': 'object', 'className': 'EAnnotation', 'attributes': {'id': '_aycNtN6tEei97MD7GK1RmA', 'source':'http://www.eclipse.org/gmf/2005/constraints/meta','details':['org.eclipse.emf.ecore.impl.EStringToStringMapEntryImpl@16923001 (key: def, value: lang)'],'eModelElement':'language'}}" 
},{
	 "id": "111", 
	 "label": "{'changeType': 'Preserve', 'type': 'object', 'className': 'EStringToStringMapEntry', 'attributes': {'id': '_aycNtd6tEei97MD7GK1RmA', 'key':'def','value':'lang'}}" 
},{
	 "id": "112", 
	 "label": "{'changeType': 'Preserve', 'type': 'object', 'className': 'EClass', 'attributes': {'id': '_av7FD96tEei97MD7GK1RmA', 'eAnnotations':['org.eclipse.emf.ecore.impl.EAnnotationImpl@1ec7760 (source: http://www.eclipse.org/emf/2002/GenModel)'],'name':'ElementInitializer','ePackage':'mappings','abstract':'false','interface':'true'}}" 
},{
	 "id": "113", 
	 "label": "{'changeType': 'Preserve', 'type': 'object', 'className': 'EAnnotation', 'attributes': {'id': '_av7FEN6tEei97MD7GK1RmA', 'source':'http://www.eclipse.org/emf/2002/GenModel','details':['org.eclipse.emf.ecore.impl.EStringToStringMapEntryImpl@6795d64 (key: documentation, value: Base class for initializers of domain model elements)'],'eModelElement':'ElementInitializer'}}" 
},{
	 "id": "114", 
	 "label": "{'changeType': 'Preserve', 'type': 'object', 'className': 'EStringToStringMapEntry', 'attributes': {'id': '_av7FEd6tEei97MD7GK1RmA', 'key':'documentation','value':'Base class for initializers of domain model elements'}}" 
},{
	 "id": "115", 
	 "label": "{'changeType': 'Preserve', 'type': 'object', 'className': 'EClass', 'attributes': {'id': '_av7FEt6tEei97MD7GK1RmA', 'eAnnotations':['org.eclipse.emf.ecore.impl.EAnnotationImpl@30bfc108 (source: http://www.eclipse.org/emf/2002/GenModel)'],'name':'FeatureSeqInitializer','ePackage':'mappings','abstract':'false','interface':'false','eStructuralFeatures':['initializers'],'eGenericSuperTypes':['org.eclipse.emf.ecore.impl.EGenericTypeImpl@528afb4e (expression: ElementInitializer)']}}" 
},{
	 "id": "116", 
	 "label": "{'changeType': 'Preserve', 'type': 'object', 'className': 'EAnnotation', 'attributes': {'id': '_av7FE96tEei97MD7GK1RmA', 'source':'http://www.eclipse.org/emf/2002/GenModel','details':['org.eclipse.emf.ecore.impl.EStringToStringMapEntryImpl@7c613806 (key: documentation, value: Feature sequence initializer)'],'eModelElement':'FeatureSeqInitializer'}}" 
},{
	 "id": "117", 
	 "label": "{'changeType': 'Preserve', 'type': 'object', 'className': 'EStringToStringMapEntry', 'attributes': {'id': '_av7FFN6tEei97MD7GK1RmA', 'key':'documentation','value':'Feature sequence initializer'}}" 
},{
	 "id": "118", 
	 "label": "{'changeType': 'Preserve', 'type': 'object', 'className': 'EReference', 'attributes': {'id': '_av7FFd6tEei97MD7GK1RmA', 'eAnnotations':['org.eclipse.emf.ecore.impl.EAnnotationImpl@192a6ac8 (source: http://www.eclipse.org/emf/2002/GenModel)'],'name':'initializers','ordered':'true','unique':'true','lowerBound':'1','upperBound':'-1','many':'true','required':'true','eType':'FeatureValueSpec','eGenericType':'org.eclipse.emf.ecore.impl.EGenericTypeImpl@3b52814c (expression: FeatureValueSpec)','changeable':'true','volatile':'false','transient':'false','unsettable':'false','derived':'false','eContainingClass':'FeatureSeqInitializer','containment':'true','container':'false','resolveProxies':'true','eReferenceType':'FeatureValueSpec'}}" 
},{
	 "id": "119", 
	 "label": "{'changeType': 'Preserve', 'type': 'object', 'className': 'EAnnotation', 'attributes': {'id': '_av7FFt6tEei97MD7GK1RmA', 'source':'http://www.eclipse.org/emf/2002/GenModel','details':['org.eclipse.emf.ecore.impl.EStringToStringMapEntryImpl@57d34f64 (key: documentation, value: Value specifications as initializers for individual features which should be initialized in the order given by this list)'],'eModelElement':'initializers'}}" 
},{
	 "id": "120", 
	 "label": "{'changeType': 'Preserve', 'type': 'object', 'className': 'EStringToStringMapEntry', 'attributes': {'id': '_av7FF96tEei97MD7GK1RmA', 'key':'documentation','value':'Value specifications as initializers for individual features which should be initialized in the order given by this list'}}" 
},{
	 "id": "121", 
	 "label": "{'changeType': 'Preserve', 'type': 'object', 'className': 'EClass', 'attributes': {'id': '_av7FGN6tEei97MD7GK1RmA', 'eAnnotations':['org.eclipse.emf.ecore.impl.EAnnotationImpl@9bbfff3 (source: http://www.eclipse.org/emf/2002/GenModel)','org.eclipse.emf.ecore.impl.EAnnotationImpl@59202ea8 (source: http://www.eclipse.org/gmf/2005/constraints/meta)'],'name':'FeatureValueSpec','ePackage':'mappings','abstract':'false','interface':'false','eStructuralFeatures':['feature'],'eGenericSuperTypes':['org.eclipse.emf.ecore.impl.EGenericTypeImpl@430db170 (expression: ValueExpression)']}}" 
},{
	 "id": "122", 
	 "label": "{'changeType': 'Preserve', 'type': 'object', 'className': 'EAnnotation', 'attributes': {'id': '_av7FGd6tEei97MD7GK1RmA', 'source':'http://www.eclipse.org/emf/2002/GenModel','details':['org.eclipse.emf.ecore.impl.EStringToStringMapEntryImpl@445e39cf (key: documentation, value: Value specification associated with a specific feature)'],'eModelElement':'FeatureValueSpec'}}" 
},{
	 "id": "123", 
	 "label": "{'changeType': 'Preserve', 'type': 'object', 'className': 'EStringToStringMapEntry', 'attributes': {'id': '_av7FGt6tEei97MD7GK1RmA', 'key':'documentation','value':'Value specification associated with a specific feature'}}" 
},{
	 "id": "124", 
	 "label": "{'changeType': 'Preserve', 'type': 'object', 'className': 'EAnnotation', 'attributes': {'id': '_aycNw96tEei97MD7GK1RmA', 'source':'http://www.eclipse.org/gmf/2005/constraints/meta','details':['org.eclipse.emf.ecore.impl.EStringToStringMapEntryImpl@770892cd (key: def, value: ValueSpec)'],'eModelElement':'FeatureValueSpec'}}" 
},{
	 "id": "125", 
	 "label": "{'changeType': 'Preserve', 'type': 'object', 'className': 'EStringToStringMapEntry', 'attributes': {'id': '_aycNxN6tEei97MD7GK1RmA', 'key':'def','value':'ValueSpec'}}" 
},{
	 "id": "126", 
	 "label": "{'changeType': 'Preserve', 'type': 'object', 'className': 'EReference', 'attributes': {'id': '_av7FG96tEei97MD7GK1RmA', 'eAnnotations':['org.eclipse.emf.ecore.impl.EAnnotationImpl@14bf7a05 (source: http://www.eclipse.org/emf/2002/GenModel)','org.eclipse.emf.ecore.impl.EAnnotationImpl@7f9f2ef5 (source: http://www.eclipse.org/gmf/2005/constraints/meta)'],'name':'feature','ordered':'true','unique':'true','lowerBound':'1','upperBound':'1','many':'false','required':'true','eType':'EStructuralFeature','eGenericType':'org.eclipse.emf.ecore.impl.EGenericTypeImpl@648c85f7 (expression: EStructuralFeature)','changeable':'true','volatile':'false','transient':'false','unsettable':'false','derived':'false','eContainingClass':'FeatureValueSpec','containment':'false','container':'false','resolveProxies':'true','eReferenceType':'EStructuralFeature'}}" 
},{
	 "id": "127", 
	 "label": "{'changeType': 'Preserve', 'type': 'object', 'className': 'EAnnotation', 'attributes': {'id': '_axcvLd6tEei97MD7GK1RmA', 'source':'http://www.eclipse.org/emf/2002/GenModel','details':['org.eclipse.emf.ecore.impl.EStringToStringMapEntryImpl@4cb25354 (key: documentation, value: Denotes the feature for which this value expression is specified. Its containing EClass is the context for evaluation.)'],'eModelElement':'feature'}}" 
},{
	 "id": "128", 
	 "label": "{'changeType': 'Preserve', 'type': 'object', 'className': 'EStringToStringMapEntry', 'attributes': {'id': '_axcvLt6tEei97MD7GK1RmA', 'key':'documentation','value':'Denotes the feature for which this value expression is specified. Its containing EClass is the context for evaluation.'}}" 
},{
	 "id": "129", 
	 "label": "{'changeType': 'Preserve', 'type': 'object', 'className': 'EAnnotation', 'attributes': {'id': '_aycNyN6tEei97MD7GK1RmA', 'source':'http://www.eclipse.org/gmf/2005/constraints/meta','details':['org.eclipse.emf.ecore.impl.EStringToStringMapEntryImpl@b8ca9d1 (key: def, value: type)'],'eModelElement':'feature'}}" 
},{
	 "id": "130", 
	 "label": "{'changeType': 'Preserve', 'type': 'object', 'className': 'EStringToStringMapEntry', 'attributes': {'id': '_aycNyd6tEei97MD7GK1RmA', 'key':'def','value':'type'}}" 
}], 
 "links": [{
	 "source": "1", 
	 "target": "0", 
	 "label": "{'changeType': 'ADD', 'type': 'reference', 'referenceTypeName': 'eOperations'}" 
},{
	 "source": "0", 
	 "target": "1", 
	 "label": "{'changeType': 'ADD', 'type': 'reference', 'referenceTypeName': 'eContainingClass'}" 
},{
	 "source": "1", 
	 "target": "2", 
	 "label": "{'changeType': 'Preserve', 'type': 'reference', 'referenceTypeName': 'eClassifiers'}" 
},{
	 "source": "2", 
	 "target": "1", 
	 "label": "{'changeType': 'Preserve', 'type': 'reference', 'referenceTypeName': 'ePackage'}" 
},{
	 "source": "3", 
	 "target": "1", 
	 "label": "{'changeType': 'Preserve', 'type': 'reference', 'referenceTypeName': 'eAnnotations'}" 
},{
	 "source": "1", 
	 "target": "3", 
	 "label": "{'changeType': 'Preserve', 'type': 'reference', 'referenceTypeName': 'eModelElement'}" 
},{
	 "source": "4", 
	 "target": "3", 
	 "label": "{'changeType': 'Preserve', 'type': 'reference', 'referenceTypeName': 'details'}" 
},{
	 "source": "5", 
	 "target": "3", 
	 "label": "{'changeType': 'Preserve', 'type': 'reference', 'referenceTypeName': 'details'}" 
},{
	 "source": "6", 
	 "target": "1", 
	 "label": "{'changeType': 'Preserve', 'type': 'reference', 'referenceTypeName': 'eStructuralFeatures'}" 
},{
	 "source": "1", 
	 "target": "6", 
	 "label": "{'changeType': 'Preserve', 'type': 'reference', 'referenceTypeName': 'eContainingClass'}" 
},{
	 "source": "7", 
	 "target": "1", 
	 "label": "{'changeType': 'Preserve', 'type': 'reference', 'referenceTypeName': 'eStructuralFeatures'}" 
},{
	 "source": "1", 
	 "target": "7", 
	 "label": "{'changeType': 'Preserve', 'type': 'reference', 'referenceTypeName': 'eContainingClass'}" 
},{
	 "source": "8", 
	 "target": "1", 
	 "label": "{'changeType': 'Preserve', 'type': 'reference', 'referenceTypeName': 'eStructuralFeatures'}" 
},{
	 "source": "1", 
	 "target": "8", 
	 "label": "{'changeType': 'Preserve', 'type': 'reference', 'referenceTypeName': 'eContainingClass'}" 
},{
	 "source": "9", 
	 "target": "8", 
	 "label": "{'changeType': 'Preserve', 'type': 'reference', 'referenceTypeName': 'eAnnotations'}" 
},{
	 "source": "8", 
	 "target": "9", 
	 "label": "{'changeType': 'Preserve', 'type': 'reference', 'referenceTypeName': 'eModelElement'}" 
},{
	 "source": "10", 
	 "target": "9", 
	 "label": "{'changeType': 'Preserve', 'type': 'reference', 'referenceTypeName': 'details'}" 
},{
	 "source": "11", 
	 "target": "8", 
	 "label": "{'changeType': 'Preserve', 'type': 'reference', 'referenceTypeName': 'eAnnotations'}" 
},{
	 "source": "8", 
	 "target": "11", 
	 "label": "{'changeType': 'Preserve', 'type': 'reference', 'referenceTypeName': 'eModelElement'}" 
},{
	 "source": "12", 
	 "target": "11", 
	 "label": "{'changeType': 'Preserve', 'type': 'reference', 'referenceTypeName': 'details'}" 
},{
	 "source": "13", 
	 "target": "11", 
	 "label": "{'changeType': 'Preserve', 'type': 'reference', 'referenceTypeName': 'details'}" 
},{
	 "source": "14", 
	 "target": "1", 
	 "label": "{'changeType': 'Preserve', 'type': 'reference', 'referenceTypeName': 'eStructuralFeatures'}" 
},{
	 "source": "1", 
	 "target": "14", 
	 "label": "{'changeType': 'Preserve', 'type': 'reference', 'referenceTypeName': 'eContainingClass'}" 
},{
	 "source": "15", 
	 "target": "14", 
	 "label": "{'changeType': 'Preserve', 'type': 'reference', 'referenceTypeName': 'eAnnotations'}" 
},{
	 "source": "14", 
	 "target": "15", 
	 "label": "{'changeType': 'Preserve', 'type': 'reference', 'referenceTypeName': 'eModelElement'}" 
},{
	 "source": "16", 
	 "target": "15", 
	 "label": "{'changeType': 'Preserve', 'type': 'reference', 'referenceTypeName': 'details'}" 
},{
	 "source": "17", 
	 "target": "14", 
	 "label": "{'changeType': 'Preserve', 'type': 'reference', 'referenceTypeName': 'eAnnotations'}" 
},{
	 "source": "14", 
	 "target": "17", 
	 "label": "{'changeType': 'Preserve', 'type': 'reference', 'referenceTypeName': 'eModelElement'}" 
},{
	 "source": "18", 
	 "target": "17", 
	 "label": "{'changeType': 'Preserve', 'type': 'reference', 'referenceTypeName': 'details'}" 
},{
	 "source": "19", 
	 "target": "14", 
	 "label": "{'changeType': 'Preserve', 'type': 'reference', 'referenceTypeName': 'eAnnotations'}" 
},{
	 "source": "14", 
	 "target": "19", 
	 "label": "{'changeType': 'Preserve', 'type': 'reference', 'referenceTypeName': 'eModelElement'}" 
},{
	 "source": "20", 
	 "target": "19", 
	 "label": "{'changeType': 'Preserve', 'type': 'reference', 'referenceTypeName': 'details'}" 
},{
	 "source": "21", 
	 "target": "19", 
	 "label": "{'changeType': 'Preserve', 'type': 'reference', 'referenceTypeName': 'details'}" 
},{
	 "source": "22", 
	 "target": "1", 
	 "label": "{'changeType': 'Preserve', 'type': 'reference', 'referenceTypeName': 'eStructuralFeatures'}" 
},{
	 "source": "1", 
	 "target": "22", 
	 "label": "{'changeType': 'Preserve', 'type': 'reference', 'referenceTypeName': 'eContainingClass'}" 
},{
	 "source": "23", 
	 "target": "22", 
	 "label": "{'changeType': 'Preserve', 'type': 'reference', 'referenceTypeName': 'eAnnotations'}" 
},{
	 "source": "22", 
	 "target": "23", 
	 "label": "{'changeType': 'Preserve', 'type': 'reference', 'referenceTypeName': 'eModelElement'}" 
},{
	 "source": "24", 
	 "target": "23", 
	 "label": "{'changeType': 'Preserve', 'type': 'reference', 'referenceTypeName': 'details'}" 
},{
	 "source": "25", 
	 "target": "22", 
	 "label": "{'changeType': 'Preserve', 'type': 'reference', 'referenceTypeName': 'eAnnotations'}" 
},{
	 "source": "22", 
	 "target": "25", 
	 "label": "{'changeType': 'Preserve', 'type': 'reference', 'referenceTypeName': 'eModelElement'}" 
},{
	 "source": "26", 
	 "target": "25", 
	 "label": "{'changeType': 'Preserve', 'type': 'reference', 'referenceTypeName': 'details'}" 
},{
	 "source": "27", 
	 "target": "1", 
	 "label": "{'changeType': 'Preserve', 'type': 'reference', 'referenceTypeName': 'eStructuralFeatures'}" 
},{
	 "source": "1", 
	 "target": "27", 
	 "label": "{'changeType': 'Preserve', 'type': 'reference', 'referenceTypeName': 'eContainingClass'}" 
},{
	 "source": "28", 
	 "target": "27", 
	 "label": "{'changeType': 'Preserve', 'type': 'reference', 'referenceTypeName': 'eAnnotations'}" 
},{
	 "source": "27", 
	 "target": "28", 
	 "label": "{'changeType': 'Preserve', 'type': 'reference', 'referenceTypeName': 'eModelElement'}" 
},{
	 "source": "29", 
	 "target": "28", 
	 "label": "{'changeType': 'Preserve', 'type': 'reference', 'referenceTypeName': 'details'}" 
},{
	 "source": "30", 
	 "target": "1", 
	 "label": "{'changeType': 'Preserve', 'type': 'reference', 'referenceTypeName': 'eStructuralFeatures'}" 
},{
	 "source": "1", 
	 "target": "30", 
	 "label": "{'changeType': 'Preserve', 'type': 'reference', 'referenceTypeName': 'eContainingClass'}" 
},{
	 "source": "31", 
	 "target": "2", 
	 "label": "{'changeType': 'Preserve', 'type': 'reference', 'referenceTypeName': 'eClassifiers'}" 
},{
	 "source": "2", 
	 "target": "31", 
	 "label": "{'changeType': 'Preserve', 'type': 'reference', 'referenceTypeName': 'ePackage'}" 
},{
	 "source": "32", 
	 "target": "2", 
	 "label": "{'changeType': 'Preserve', 'type': 'reference', 'referenceTypeName': 'eClassifiers'}" 
},{
	 "source": "2", 
	 "target": "32", 
	 "label": "{'changeType': 'Preserve', 'type': 'reference', 'referenceTypeName': 'ePackage'}" 
},{
	 "source": "33", 
	 "target": "2", 
	 "label": "{'changeType': 'Preserve', 'type': 'reference', 'referenceTypeName': 'eClassifiers'}" 
},{
	 "source": "2", 
	 "target": "33", 
	 "label": "{'changeType': 'Preserve', 'type': 'reference', 'referenceTypeName': 'ePackage'}" 
},{
	 "source": "34", 
	 "target": "33", 
	 "label": "{'changeType': 'Preserve', 'type': 'reference', 'referenceTypeName': 'eStructuralFeatures'}" 
},{
	 "source": "33", 
	 "target": "34", 
	 "label": "{'changeType': 'Preserve', 'type': 'reference', 'referenceTypeName': 'eContainingClass'}" 
},{
	 "source": "35", 
	 "target": "34", 
	 "label": "{'changeType': 'Preserve', 'type': 'reference', 'referenceTypeName': 'eAnnotations'}" 
},{
	 "source": "34", 
	 "target": "35", 
	 "label": "{'changeType': 'Preserve', 'type': 'reference', 'referenceTypeName': 'eModelElement'}" 
},{
	 "source": "36", 
	 "target": "35", 
	 "label": "{'changeType': 'Preserve', 'type': 'reference', 'referenceTypeName': 'details'}" 
},{
	 "source": "37", 
	 "target": "33", 
	 "label": "{'changeType': 'Preserve', 'type': 'reference', 'referenceTypeName': 'eStructuralFeatures'}" 
},{
	 "source": "33", 
	 "target": "37", 
	 "label": "{'changeType': 'Preserve', 'type': 'reference', 'referenceTypeName': 'eContainingClass'}" 
},{
	 "source": "38", 
	 "target": "2", 
	 "label": "{'changeType': 'Preserve', 'type': 'reference', 'referenceTypeName': 'eClassifiers'}" 
},{
	 "source": "2", 
	 "target": "38", 
	 "label": "{'changeType': 'Preserve', 'type': 'reference', 'referenceTypeName': 'ePackage'}" 
},{
	 "source": "39", 
	 "target": "38", 
	 "label": "{'changeType': 'Preserve', 'type': 'reference', 'referenceTypeName': 'eStructuralFeatures'}" 
},{
	 "source": "38", 
	 "target": "39", 
	 "label": "{'changeType': 'Preserve', 'type': 'reference', 'referenceTypeName': 'eContainingClass'}" 
},{
	 "source": "40", 
	 "target": "38", 
	 "label": "{'changeType': 'Preserve', 'type': 'reference', 'referenceTypeName': 'eStructuralFeatures'}" 
},{
	 "source": "38", 
	 "target": "40", 
	 "label": "{'changeType': 'Preserve', 'type': 'reference', 'referenceTypeName': 'eContainingClass'}" 
},{
	 "source": "41", 
	 "target": "38", 
	 "label": "{'changeType': 'Preserve', 'type': 'reference', 'referenceTypeName': 'eStructuralFeatures'}" 
},{
	 "source": "38", 
	 "target": "41", 
	 "label": "{'changeType': 'Preserve', 'type': 'reference', 'referenceTypeName': 'eContainingClass'}" 
},{
	 "source": "42", 
	 "target": "41", 
	 "label": "{'changeType': 'Preserve', 'type': 'reference', 'referenceTypeName': 'eAnnotations'}" 
},{
	 "source": "41", 
	 "target": "42", 
	 "label": "{'changeType': 'Preserve', 'type': 'reference', 'referenceTypeName': 'eModelElement'}" 
},{
	 "source": "43", 
	 "target": "42", 
	 "label": "{'changeType': 'Preserve', 'type': 'reference', 'referenceTypeName': 'details'}" 
},{
	 "source": "44", 
	 "target": "41", 
	 "label": "{'changeType': 'Preserve', 'type': 'reference', 'referenceTypeName': 'eAnnotations'}" 
},{
	 "source": "41", 
	 "target": "44", 
	 "label": "{'changeType': 'Preserve', 'type': 'reference', 'referenceTypeName': 'eModelElement'}" 
},{
	 "source": "45", 
	 "target": "44", 
	 "label": "{'changeType': 'Preserve', 'type': 'reference', 'referenceTypeName': 'details'}" 
},{
	 "source": "46", 
	 "target": "44", 
	 "label": "{'changeType': 'Preserve', 'type': 'reference', 'referenceTypeName': 'details'}" 
},{
	 "source": "47", 
	 "target": "38", 
	 "label": "{'changeType': 'Preserve', 'type': 'reference', 'referenceTypeName': 'eStructuralFeatures'}" 
},{
	 "source": "38", 
	 "target": "47", 
	 "label": "{'changeType': 'Preserve', 'type': 'reference', 'referenceTypeName': 'eContainingClass'}" 
},{
	 "source": "48", 
	 "target": "47", 
	 "label": "{'changeType': 'Preserve', 'type': 'reference', 'referenceTypeName': 'eAnnotations'}" 
},{
	 "source": "47", 
	 "target": "48", 
	 "label": "{'changeType': 'Preserve', 'type': 'reference', 'referenceTypeName': 'eModelElement'}" 
},{
	 "source": "49", 
	 "target": "48", 
	 "label": "{'changeType': 'Preserve', 'type': 'reference', 'referenceTypeName': 'details'}" 
},{
	 "source": "50", 
	 "target": "47", 
	 "label": "{'changeType': 'Preserve', 'type': 'reference', 'referenceTypeName': 'eAnnotations'}" 
},{
	 "source": "47", 
	 "target": "50", 
	 "label": "{'changeType': 'Preserve', 'type': 'reference', 'referenceTypeName': 'eModelElement'}" 
},{
	 "source": "51", 
	 "target": "50", 
	 "label": "{'changeType': 'Preserve', 'type': 'reference', 'referenceTypeName': 'details'}" 
},{
	 "source": "52", 
	 "target": "47", 
	 "label": "{'changeType': 'Preserve', 'type': 'reference', 'referenceTypeName': 'eAnnotations'}" 
},{
	 "source": "47", 
	 "target": "52", 
	 "label": "{'changeType': 'Preserve', 'type': 'reference', 'referenceTypeName': 'eModelElement'}" 
},{
	 "source": "53", 
	 "target": "52", 
	 "label": "{'changeType': 'Preserve', 'type': 'reference', 'referenceTypeName': 'details'}" 
},{
	 "source": "54", 
	 "target": "52", 
	 "label": "{'changeType': 'Preserve', 'type': 'reference', 'referenceTypeName': 'details'}" 
},{
	 "source": "55", 
	 "target": "38", 
	 "label": "{'changeType': 'Preserve', 'type': 'reference', 'referenceTypeName': 'eStructuralFeatures'}" 
},{
	 "source": "38", 
	 "target": "55", 
	 "label": "{'changeType': 'Preserve', 'type': 'reference', 'referenceTypeName': 'eContainingClass'}" 
},{
	 "source": "56", 
	 "target": "55", 
	 "label": "{'changeType': 'Preserve', 'type': 'reference', 'referenceTypeName': 'eAnnotations'}" 
},{
	 "source": "55", 
	 "target": "56", 
	 "label": "{'changeType': 'Preserve', 'type': 'reference', 'referenceTypeName': 'eModelElement'}" 
},{
	 "source": "57", 
	 "target": "56", 
	 "label": "{'changeType': 'Preserve', 'type': 'reference', 'referenceTypeName': 'details'}" 
},{
	 "source": "58", 
	 "target": "38", 
	 "label": "{'changeType': 'Preserve', 'type': 'reference', 'referenceTypeName': 'eStructuralFeatures'}" 
},{
	 "source": "38", 
	 "target": "58", 
	 "label": "{'changeType': 'Preserve', 'type': 'reference', 'referenceTypeName': 'eContainingClass'}" 
},{
	 "source": "59", 
	 "target": "58", 
	 "label": "{'changeType': 'Preserve', 'type': 'reference', 'referenceTypeName': 'eAnnotations'}" 
},{
	 "source": "58", 
	 "target": "59", 
	 "label": "{'changeType': 'Preserve', 'type': 'reference', 'referenceTypeName': 'eModelElement'}" 
},{
	 "source": "60", 
	 "target": "59", 
	 "label": "{'changeType': 'Preserve', 'type': 'reference', 'referenceTypeName': 'details'}" 
},{
	 "source": "61", 
	 "target": "38", 
	 "label": "{'changeType': 'Preserve', 'type': 'reference', 'referenceTypeName': 'eStructuralFeatures'}" 
},{
	 "source": "38", 
	 "target": "61", 
	 "label": "{'changeType': 'Preserve', 'type': 'reference', 'referenceTypeName': 'eContainingClass'}" 
},{
	 "source": "62", 
	 "target": "61", 
	 "label": "{'changeType': 'Preserve', 'type': 'reference', 'referenceTypeName': 'eAnnotations'}" 
},{
	 "source": "61", 
	 "target": "62", 
	 "label": "{'changeType': 'Preserve', 'type': 'reference', 'referenceTypeName': 'eModelElement'}" 
},{
	 "source": "63", 
	 "target": "62", 
	 "label": "{'changeType': 'Preserve', 'type': 'reference', 'referenceTypeName': 'details'}" 
},{
	 "source": "64", 
	 "target": "61", 
	 "label": "{'changeType': 'Preserve', 'type': 'reference', 'referenceTypeName': 'eAnnotations'}" 
},{
	 "source": "61", 
	 "target": "64", 
	 "label": "{'changeType': 'Preserve', 'type': 'reference', 'referenceTypeName': 'eModelElement'}" 
},{
	 "source": "65", 
	 "target": "64", 
	 "label": "{'changeType': 'Preserve', 'type': 'reference', 'referenceTypeName': 'details'}" 
},{
	 "source": "66", 
	 "target": "38", 
	 "label": "{'changeType': 'Preserve', 'type': 'reference', 'referenceTypeName': 'eStructuralFeatures'}" 
},{
	 "source": "38", 
	 "target": "66", 
	 "label": "{'changeType': 'Preserve', 'type': 'reference', 'referenceTypeName': 'eContainingClass'}" 
},{
	 "source": "67", 
	 "target": "66", 
	 "label": "{'changeType': 'Preserve', 'type': 'reference', 'referenceTypeName': 'eAnnotations'}" 
},{
	 "source": "66", 
	 "target": "67", 
	 "label": "{'changeType': 'Preserve', 'type': 'reference', 'referenceTypeName': 'eModelElement'}" 
},{
	 "source": "68", 
	 "target": "67", 
	 "label": "{'changeType': 'Preserve', 'type': 'reference', 'referenceTypeName': 'details'}" 
},{
	 "source": "69", 
	 "target": "38", 
	 "label": "{'changeType': 'Preserve', 'type': 'reference', 'referenceTypeName': 'eStructuralFeatures'}" 
},{
	 "source": "38", 
	 "target": "69", 
	 "label": "{'changeType': 'Preserve', 'type': 'reference', 'referenceTypeName': 'eContainingClass'}" 
},{
	 "source": "70", 
	 "target": "69", 
	 "label": "{'changeType': 'Preserve', 'type': 'reference', 'referenceTypeName': 'eAnnotations'}" 
},{
	 "source": "69", 
	 "target": "70", 
	 "label": "{'changeType': 'Preserve', 'type': 'reference', 'referenceTypeName': 'eModelElement'}" 
},{
	 "source": "71", 
	 "target": "70", 
	 "label": "{'changeType': 'Preserve', 'type': 'reference', 'referenceTypeName': 'details'}" 
},{
	 "source": "72", 
	 "target": "2", 
	 "label": "{'changeType': 'Preserve', 'type': 'reference', 'referenceTypeName': 'eClassifiers'}" 
},{
	 "source": "2", 
	 "target": "72", 
	 "label": "{'changeType': 'Preserve', 'type': 'reference', 'referenceTypeName': 'ePackage'}" 
},{
	 "source": "73", 
	 "target": "72", 
	 "label": "{'changeType': 'Preserve', 'type': 'reference', 'referenceTypeName': 'eStructuralFeatures'}" 
},{
	 "source": "72", 
	 "target": "73", 
	 "label": "{'changeType': 'Preserve', 'type': 'reference', 'referenceTypeName': 'eContainingClass'}" 
},{
	 "source": "74", 
	 "target": "72", 
	 "label": "{'changeType': 'Preserve', 'type': 'reference', 'referenceTypeName': 'eStructuralFeatures'}" 
},{
	 "source": "72", 
	 "target": "74", 
	 "label": "{'changeType': 'Preserve', 'type': 'reference', 'referenceTypeName': 'eContainingClass'}" 
},{
	 "source": "75", 
	 "target": "72", 
	 "label": "{'changeType': 'Preserve', 'type': 'reference', 'referenceTypeName': 'eStructuralFeatures'}" 
},{
	 "source": "72", 
	 "target": "75", 
	 "label": "{'changeType': 'Preserve', 'type': 'reference', 'referenceTypeName': 'eContainingClass'}" 
},{
	 "source": "76", 
	 "target": "2", 
	 "label": "{'changeType': 'Preserve', 'type': 'reference', 'referenceTypeName': 'eClassifiers'}" 
},{
	 "source": "2", 
	 "target": "76", 
	 "label": "{'changeType': 'Preserve', 'type': 'reference', 'referenceTypeName': 'ePackage'}" 
},{
	 "source": "77", 
	 "target": "76", 
	 "label": "{'changeType': 'Preserve', 'type': 'reference', 'referenceTypeName': 'eStructuralFeatures'}" 
},{
	 "source": "76", 
	 "target": "77", 
	 "label": "{'changeType': 'Preserve', 'type': 'reference', 'referenceTypeName': 'eContainingClass'}" 
},{
	 "source": "78", 
	 "target": "76", 
	 "label": "{'changeType': 'Preserve', 'type': 'reference', 'referenceTypeName': 'eStructuralFeatures'}" 
},{
	 "source": "76", 
	 "target": "78", 
	 "label": "{'changeType': 'Preserve', 'type': 'reference', 'referenceTypeName': 'eContainingClass'}" 
},{
	 "source": "79", 
	 "target": "76", 
	 "label": "{'changeType': 'Preserve', 'type': 'reference', 'referenceTypeName': 'eStructuralFeatures'}" 
},{
	 "source": "76", 
	 "target": "79", 
	 "label": "{'changeType': 'Preserve', 'type': 'reference', 'referenceTypeName': 'eContainingClass'}" 
},{
	 "source": "80", 
	 "target": "2", 
	 "label": "{'changeType': 'Preserve', 'type': 'reference', 'referenceTypeName': 'eClassifiers'}" 
},{
	 "source": "2", 
	 "target": "80", 
	 "label": "{'changeType': 'Preserve', 'type': 'reference', 'referenceTypeName': 'ePackage'}" 
},{
	 "source": "81", 
	 "target": "80", 
	 "label": "{'changeType': 'Preserve', 'type': 'reference', 'referenceTypeName': 'eAnnotations'}" 
},{
	 "source": "80", 
	 "target": "81", 
	 "label": "{'changeType': 'Preserve', 'type': 'reference', 'referenceTypeName': 'eModelElement'}" 
},{
	 "source": "82", 
	 "target": "81", 
	 "label": "{'changeType': 'Preserve', 'type': 'reference', 'referenceTypeName': 'details'}" 
},{
	 "source": "83", 
	 "target": "80", 
	 "label": "{'changeType': 'Preserve', 'type': 'reference', 'referenceTypeName': 'eAnnotations'}" 
},{
	 "source": "80", 
	 "target": "83", 
	 "label": "{'changeType': 'Preserve', 'type': 'reference', 'referenceTypeName': 'eModelElement'}" 
},{
	 "source": "84", 
	 "target": "83", 
	 "label": "{'changeType': 'Preserve', 'type': 'reference', 'referenceTypeName': 'details'}" 
},{
	 "source": "85", 
	 "target": "2", 
	 "label": "{'changeType': 'Preserve', 'type': 'reference', 'referenceTypeName': 'eClassifiers'}" 
},{
	 "source": "2", 
	 "target": "85", 
	 "label": "{'changeType': 'Preserve', 'type': 'reference', 'referenceTypeName': 'ePackage'}" 
},{
	 "source": "86", 
	 "target": "85", 
	 "label": "{'changeType': 'Preserve', 'type': 'reference', 'referenceTypeName': 'eAnnotations'}" 
},{
	 "source": "85", 
	 "target": "86", 
	 "label": "{'changeType': 'Preserve', 'type': 'reference', 'referenceTypeName': 'eModelElement'}" 
},{
	 "source": "87", 
	 "target": "86", 
	 "label": "{'changeType': 'Preserve', 'type': 'reference', 'referenceTypeName': 'details'}" 
},{
	 "source": "88", 
	 "target": "85", 
	 "label": "{'changeType': 'Preserve', 'type': 'reference', 'referenceTypeName': 'eStructuralFeatures'}" 
},{
	 "source": "85", 
	 "target": "88", 
	 "label": "{'changeType': 'Preserve', 'type': 'reference', 'referenceTypeName': 'eContainingClass'}" 
},{
	 "source": "89", 
	 "target": "88", 
	 "label": "{'changeType': 'Preserve', 'type': 'reference', 'referenceTypeName': 'eAnnotations'}" 
},{
	 "source": "88", 
	 "target": "89", 
	 "label": "{'changeType': 'Preserve', 'type': 'reference', 'referenceTypeName': 'eModelElement'}" 
},{
	 "source": "90", 
	 "target": "89", 
	 "label": "{'changeType': 'Preserve', 'type': 'reference', 'referenceTypeName': 'details'}" 
},{
	 "source": "91", 
	 "target": "85", 
	 "label": "{'changeType': 'Preserve', 'type': 'reference', 'referenceTypeName': 'eStructuralFeatures'}" 
},{
	 "source": "85", 
	 "target": "91", 
	 "label": "{'changeType': 'Preserve', 'type': 'reference', 'referenceTypeName': 'eContainingClass'}" 
},{
	 "source": "92", 
	 "target": "91", 
	 "label": "{'changeType': 'Preserve', 'type': 'reference', 'referenceTypeName': 'eAnnotations'}" 
},{
	 "source": "91", 
	 "target": "92", 
	 "label": "{'changeType': 'Preserve', 'type': 'reference', 'referenceTypeName': 'eModelElement'}" 
},{
	 "source": "93", 
	 "target": "92", 
	 "label": "{'changeType': 'Preserve', 'type': 'reference', 'referenceTypeName': 'details'}" 
},{
	 "source": "94", 
	 "target": "85", 
	 "label": "{'changeType': 'Preserve', 'type': 'reference', 'referenceTypeName': 'eStructuralFeatures'}" 
},{
	 "source": "85", 
	 "target": "94", 
	 "label": "{'changeType': 'Preserve', 'type': 'reference', 'referenceTypeName': 'eContainingClass'}" 
},{
	 "source": "95", 
	 "target": "94", 
	 "label": "{'changeType': 'Preserve', 'type': 'reference', 'referenceTypeName': 'eAnnotations'}" 
},{
	 "source": "94", 
	 "target": "95", 
	 "label": "{'changeType': 'Preserve', 'type': 'reference', 'referenceTypeName': 'eModelElement'}" 
},{
	 "source": "96", 
	 "target": "95", 
	 "label": "{'changeType': 'Preserve', 'type': 'reference', 'referenceTypeName': 'details'}" 
},{
	 "source": "97", 
	 "target": "2", 
	 "label": "{'changeType': 'Preserve', 'type': 'reference', 'referenceTypeName': 'eClassifiers'}" 
},{
	 "source": "2", 
	 "target": "97", 
	 "label": "{'changeType': 'Preserve', 'type': 'reference', 'referenceTypeName': 'ePackage'}" 
},{
	 "source": "98", 
	 "target": "97", 
	 "label": "{'changeType': 'Preserve', 'type': 'reference', 'referenceTypeName': 'eAnnotations'}" 
},{
	 "source": "97", 
	 "target": "98", 
	 "label": "{'changeType': 'Preserve', 'type': 'reference', 'referenceTypeName': 'eModelElement'}" 
},{
	 "source": "99", 
	 "target": "98", 
	 "label": "{'changeType': 'Preserve', 'type': 'reference', 'referenceTypeName': 'details'}" 
},{
	 "source": "100", 
	 "target": "97", 
	 "label": "{'changeType': 'Preserve', 'type': 'reference', 'referenceTypeName': 'eAnnotations'}" 
},{
	 "source": "97", 
	 "target": "100", 
	 "label": "{'changeType': 'Preserve', 'type': 'reference', 'referenceTypeName': 'eModelElement'}" 
},{
	 "source": "101", 
	 "target": "100", 
	 "label": "{'changeType': 'Preserve', 'type': 'reference', 'referenceTypeName': 'details'}" 
},{
	 "source": "102", 
	 "target": "97", 
	 "label": "{'changeType': 'Preserve', 'type': 'reference', 'referenceTypeName': 'eStructuralFeatures'}" 
},{
	 "source": "97", 
	 "target": "102", 
	 "label": "{'changeType': 'Preserve', 'type': 'reference', 'referenceTypeName': 'eContainingClass'}" 
},{
	 "source": "103", 
	 "target": "102", 
	 "label": "{'changeType': 'Preserve', 'type': 'reference', 'referenceTypeName': 'eAnnotations'}" 
},{
	 "source": "102", 
	 "target": "103", 
	 "label": "{'changeType': 'Preserve', 'type': 'reference', 'referenceTypeName': 'eModelElement'}" 
},{
	 "source": "104", 
	 "target": "103", 
	 "label": "{'changeType': 'Preserve', 'type': 'reference', 'referenceTypeName': 'details'}" 
},{
	 "source": "105", 
	 "target": "102", 
	 "label": "{'changeType': 'Preserve', 'type': 'reference', 'referenceTypeName': 'eAnnotations'}" 
},{
	 "source": "102", 
	 "target": "105", 
	 "label": "{'changeType': 'Preserve', 'type': 'reference', 'referenceTypeName': 'eModelElement'}" 
},{
	 "source": "106", 
	 "target": "105", 
	 "label": "{'changeType': 'Preserve', 'type': 'reference', 'referenceTypeName': 'details'}" 
},{
	 "source": "107", 
	 "target": "97", 
	 "label": "{'changeType': 'Preserve', 'type': 'reference', 'referenceTypeName': 'eStructuralFeatures'}" 
},{
	 "source": "97", 
	 "target": "107", 
	 "label": "{'changeType': 'Preserve', 'type': 'reference', 'referenceTypeName': 'eContainingClass'}" 
},{
	 "source": "108", 
	 "target": "107", 
	 "label": "{'changeType': 'Preserve', 'type': 'reference', 'referenceTypeName': 'eAnnotations'}" 
},{
	 "source": "107", 
	 "target": "108", 
	 "label": "{'changeType': 'Preserve', 'type': 'reference', 'referenceTypeName': 'eModelElement'}" 
},{
	 "source": "109", 
	 "target": "108", 
	 "label": "{'changeType': 'Preserve', 'type': 'reference', 'referenceTypeName': 'details'}" 
},{
	 "source": "110", 
	 "target": "107", 
	 "label": "{'changeType': 'Preserve', 'type': 'reference', 'referenceTypeName': 'eAnnotations'}" 
},{
	 "source": "107", 
	 "target": "110", 
	 "label": "{'changeType': 'Preserve', 'type': 'reference', 'referenceTypeName': 'eModelElement'}" 
},{
	 "source": "111", 
	 "target": "110", 
	 "label": "{'changeType': 'Preserve', 'type': 'reference', 'referenceTypeName': 'details'}" 
},{
	 "source": "112", 
	 "target": "2", 
	 "label": "{'changeType': 'Preserve', 'type': 'reference', 'referenceTypeName': 'eClassifiers'}" 
},{
	 "source": "2", 
	 "target": "112", 
	 "label": "{'changeType': 'Preserve', 'type': 'reference', 'referenceTypeName': 'ePackage'}" 
},{
	 "source": "113", 
	 "target": "112", 
	 "label": "{'changeType': 'Preserve', 'type': 'reference', 'referenceTypeName': 'eAnnotations'}" 
},{
	 "source": "112", 
	 "target": "113", 
	 "label": "{'changeType': 'Preserve', 'type': 'reference', 'referenceTypeName': 'eModelElement'}" 
},{
	 "source": "114", 
	 "target": "113", 
	 "label": "{'changeType': 'Preserve', 'type': 'reference', 'referenceTypeName': 'details'}" 
},{
	 "source": "115", 
	 "target": "2", 
	 "label": "{'changeType': 'Preserve', 'type': 'reference', 'referenceTypeName': 'eClassifiers'}" 
},{
	 "source": "2", 
	 "target": "115", 
	 "label": "{'changeType': 'Preserve', 'type': 'reference', 'referenceTypeName': 'ePackage'}" 
},{
	 "source": "116", 
	 "target": "115", 
	 "label": "{'changeType': 'Preserve', 'type': 'reference', 'referenceTypeName': 'eAnnotations'}" 
},{
	 "source": "115", 
	 "target": "116", 
	 "label": "{'changeType': 'Preserve', 'type': 'reference', 'referenceTypeName': 'eModelElement'}" 
},{
	 "source": "117", 
	 "target": "116", 
	 "label": "{'changeType': 'Preserve', 'type': 'reference', 'referenceTypeName': 'details'}" 
},{
	 "source": "118", 
	 "target": "115", 
	 "label": "{'changeType': 'Preserve', 'type': 'reference', 'referenceTypeName': 'eStructuralFeatures'}" 
},{
	 "source": "115", 
	 "target": "118", 
	 "label": "{'changeType': 'Preserve', 'type': 'reference', 'referenceTypeName': 'eContainingClass'}" 
},{
	 "source": "119", 
	 "target": "118", 
	 "label": "{'changeType': 'Preserve', 'type': 'reference', 'referenceTypeName': 'eAnnotations'}" 
},{
	 "source": "118", 
	 "target": "119", 
	 "label": "{'changeType': 'Preserve', 'type': 'reference', 'referenceTypeName': 'eModelElement'}" 
},{
	 "source": "120", 
	 "target": "119", 
	 "label": "{'changeType': 'Preserve', 'type': 'reference', 'referenceTypeName': 'details'}" 
},{
	 "source": "121", 
	 "target": "2", 
	 "label": "{'changeType': 'Preserve', 'type': 'reference', 'referenceTypeName': 'eClassifiers'}" 
},{
	 "source": "2", 
	 "target": "121", 
	 "label": "{'changeType': 'Preserve', 'type': 'reference', 'referenceTypeName': 'ePackage'}" 
},{
	 "source": "122", 
	 "target": "121", 
	 "label": "{'changeType': 'Preserve', 'type': 'reference', 'referenceTypeName': 'eAnnotations'}" 
},{
	 "source": "121", 
	 "target": "122", 
	 "label": "{'changeType': 'Preserve', 'type': 'reference', 'referenceTypeName': 'eModelElement'}" 
},{
	 "source": "123", 
	 "target": "122", 
	 "label": "{'changeType': 'Preserve', 'type': 'reference', 'referenceTypeName': 'details'}" 
},{
	 "source": "124", 
	 "target": "121", 
	 "label": "{'changeType': 'Preserve', 'type': 'reference', 'referenceTypeName': 'eAnnotations'}" 
},{
	 "source": "121", 
	 "target": "124", 
	 "label": "{'changeType': 'Preserve', 'type': 'reference', 'referenceTypeName': 'eModelElement'}" 
},{
	 "source": "125", 
	 "target": "124", 
	 "label": "{'changeType': 'Preserve', 'type': 'reference', 'referenceTypeName': 'details'}" 
},{
	 "source": "126", 
	 "target": "121", 
	 "label": "{'changeType': 'Preserve', 'type': 'reference', 'referenceTypeName': 'eStructuralFeatures'}" 
},{
	 "source": "121", 
	 "target": "126", 
	 "label": "{'changeType': 'Preserve', 'type': 'reference', 'referenceTypeName': 'eContainingClass'}" 
},{
	 "source": "127", 
	 "target": "126", 
	 "label": "{'changeType': 'Preserve', 'type': 'reference', 'referenceTypeName': 'eAnnotations'}" 
},{
	 "source": "126", 
	 "target": "127", 
	 "label": "{'changeType': 'Preserve', 'type': 'reference', 'referenceTypeName': 'eModelElement'}" 
},{
	 "source": "128", 
	 "target": "127", 
	 "label": "{'changeType': 'Preserve', 'type': 'reference', 'referenceTypeName': 'details'}" 
},{
	 "source": "129", 
	 "target": "126", 
	 "label": "{'changeType': 'Preserve', 'type': 'reference', 'referenceTypeName': 'eAnnotations'}" 
},{
	 "source": "126", 
	 "target": "129", 
	 "label": "{'changeType': 'Preserve', 'type': 'reference', 'referenceTypeName': 'eModelElement'}" 
},{
	 "source": "130", 
	 "target": "129", 
	 "label": "{'changeType': 'Preserve', 'type': 'reference', 'referenceTypeName': 'details'}" 
}]}