{"directed": true, "multigraph": false, "graph": {}, 
  "nodes": [{
	 "id": "0", 
	 "label": "{'changeType': 'Add', 'type': 'object', 'className': 'EParameter', 'attributes': {'id': '_ZcJIpd6tEei97MD7GK1RmA', 'name':'eObjectToProxyURIMap','ordered':'true','unique':'true','lowerBound':'0','upperBound':'1','many':'false','required':'false','eType':'EObjectToURIMap','eGenericType':'org.eclipse.emf.ecore.impl.EGenericTypeImpl@231b98d6 (expression: EObjectToURIMap)','eOperation':'copyAndReverse'}}" 
},{
	 "id": "1", 
	 "label": "{'changeType': 'Add', 'type': 'object', 'className': 'EOperation', 'attributes': {'id': '_ZcJIpN6tEei97MD7GK1RmA', 'name':'copyAndReverse','ordered':'true','unique':'true','lowerBound':'0','upperBound':'1','many':'false','required':'false','eContainingClass':'ChangeDescription','eParameters':['eObjectToProxyURIMap']}}" 
},{
	 "id": "2", 
	 "label": "{'changeType': 'Preserve', 'type': 'object', 'className': 'EClass', 'attributes': {'id': '_ZQn1It6tEei97MD7GK1RmA', 'name':'ChangeDescription','ePackage':'change','abstract':'false','interface':'false','eOperations':['apply','applyAndReverse'],'eStructuralFeatures':['objectChanges','objectsToDetach','objectsToAttach','resourceChanges']}}" 
},{
	 "id": "3", 
	 "label": "{'changeType': 'Add', 'type': 'object', 'className': 'EParameter', 'attributes': {'id': '_ZcJIuN6tEei97MD7GK1RmA', 'name':'originalObject','ordered':'true','unique':'true','lowerBound':'0','upperBound':'1','many':'false','required':'false','eType':'EObject','eGenericType':'org.eclipse.emf.ecore.impl.EGenericTypeImpl@574b936a (expression: EObject)','eOperation':'reverse'}}" 
},{
	 "id": "4", 
	 "label": "{'changeType': 'Add', 'type': 'object', 'className': 'EOperation', 'attributes': {'id': '_ZcJIt96tEei97MD7GK1RmA', 'name':'reverse','ordered':'true','unique':'true','lowerBound':'0','upperBound':'1','many':'false','required':'false','eContainingClass':'FeatureChange','eParameters':['originalObject']}}" 
},{
	 "id": "5", 
	 "label": "{'changeType': 'Preserve', 'type': 'object', 'className': 'EClass', 'attributes': {'id': '_ZQn1L96tEei97MD7GK1RmA', 'name':'FeatureChange','ePackage':'change','abstract':'false','interface':'false','eOperations':['apply','applyAndReverse'],'eStructuralFeatures':['featureName','dataValue','set','value','feature','referenceValue','listChanges']}}" 
},{
	 "id": "6", 
	 "label": "{'changeType': 'Add', 'type': 'object', 'className': 'EGenericType', 'attributes': {'id': '_ZcJI096tEei97MD7GK1RmA', 'eRawType':'EJavaObject','eClassifier':'EJavaObject'}}" 
},{
	 "id": "7", 
	 "label": "{'changeType': 'Add', 'type': 'object', 'className': 'EGenericType', 'attributes': {'id': '//ListChange/reverse/originalList/@eGenericType', 'eTypeArguments':['org.eclipse.emf.ecore.impl.EGenericTypeImpl@1173c6b4 (expression: EJavaObject)'],'eRawType':'EEList','eClassifier':'EEList'}}" 
},{
	 "id": "8", 
	 "label": "{'changeType': 'Add', 'type': 'object', 'className': 'EParameter', 'attributes': {'id': '_ZcJI0d6tEei97MD7GK1RmA', 'name':'originalList','ordered':'true','unique':'true','lowerBound':'0','upperBound':'1','many':'false','required':'false','eType':'EEList','eGenericType':'org.eclipse.emf.ecore.impl.EGenericTypeImpl@6c012189 (expression: EEList<EJavaObject>)','eOperation':'reverse'}}" 
},{
	 "id": "9", 
	 "label": "{'changeType': 'Add', 'type': 'object', 'className': 'EOperation', 'attributes': {'id': '_ZcJI0N6tEei97MD7GK1RmA', 'name':'reverse','ordered':'true','unique':'true','lowerBound':'0','upperBound':'1','many':'false','required':'false','eContainingClass':'ListChange','eParameters':['originalList']}}" 
},{
	 "id": "10", 
	 "label": "{'changeType': 'Preserve', 'type': 'object', 'className': 'EClass', 'attributes': {'id': '_ZQn1Q96tEei97MD7GK1RmA', 'name':'ListChange','ePackage':'change','abstract':'false','interface':'false','eOperations':['apply','applyAndReverse'],'eStructuralFeatures':['kind','dataValues','index','moveToIndex','values','referenceValues','feature','featureMapEntryValues']}}" 
},{
	 "id": "11", 
	 "label": "{'changeType': 'Add', 'type': 'object', 'className': 'EOperation', 'attributes': {'id': '_ZcJI6d6tEei97MD7GK1RmA', 'name':'reverse','ordered':'true','unique':'true','lowerBound':'0','upperBound':'1','many':'false','required':'false','eContainingClass':'ResourceChange'}}" 
},{
	 "id": "12", 
	 "label": "{'changeType': 'Preserve', 'type': 'object', 'className': 'EClass', 'attributes': {'id': '_ZQn1W96tEei97MD7GK1RmA', 'name':'ResourceChange','ePackage':'change','abstract':'false','interface':'false','eOperations':['apply','applyAndReverse'],'eStructuralFeatures':['resourceURI','resource','value','listChanges']}}" 
},{
	 "id": "13", 
	 "label": "{'changeType': 'Add', 'type': 'object', 'className': 'EDataType', 'attributes': {'id': '_ZcJI_d6tEei97MD7GK1RmA', 'name':'EObjectToURIMap','instanceClassName':'java.util.Map','instanceClass':'interface java.util.Map','instanceTypeName':'java.util.Map<org.eclipse.emf.ecore.EObject, org.eclipse.emf.common.util.URI>','ePackage':'change','serializable':'false'}}" 
},{
	 "id": "14", 
	 "label": "{'changeType': 'Preserve', 'type': 'object', 'className': 'EPackage', 'attributes': {'id': '_ZQn1Id6tEei97MD7GK1RmA', 'name':'change','nsURI':'http://www.eclipse.org/emf/2003/Change','nsPrefix':'change','eFactoryInstance':'org.eclipse.emf.ecore.impl.EFactoryImpl@679df7f9','eClassifiers':['ChangeDescription','EObjectToChangesMapEntry','FeatureChange','ListChange','ChangeKind','ResourceChange','FeatureMapEntry']}}" 
},{
	 "id": "15", 
	 "label": "{'changeType': 'Preserve', 'type': 'object', 'className': 'EOperation', 'attributes': {'id': '_ZQn1I96tEei97MD7GK1RmA', 'name':'apply','ordered':'true','unique':'true','lowerBound':'0','upperBound':'1','many':'false','required':'false','eContainingClass':'ChangeDescription'}}" 
},{
	 "id": "16", 
	 "label": "{'changeType': 'Preserve', 'type': 'object', 'className': 'EOperation', 'attributes': {'id': '_ZQn1JN6tEei97MD7GK1RmA', 'name':'applyAndReverse','ordered':'true','unique':'true','lowerBound':'0','upperBound':'1','many':'false','required':'false','eContainingClass':'ChangeDescription'}}" 
},{
	 "id": "17", 
	 "label": "{'changeType': 'Preserve', 'type': 'object', 'className': 'EReference', 'attributes': {'id': '_ZQn1Jd6tEei97MD7GK1RmA', 'name':'objectChanges','ordered':'true','unique':'true','lowerBound':'0','upperBound':'-1','many':'true','required':'false','eType':'EObjectToChangesMapEntry','eGenericType':'org.eclipse.emf.ecore.impl.EGenericTypeImpl@1c149f45 (expression: EObjectToChangesMapEntry)','changeable':'true','volatile':'false','transient':'false','unsettable':'false','derived':'false','eContainingClass':'ChangeDescription','containment':'true','container':'false','resolveProxies':'true','eReferenceType':'EObjectToChangesMapEntry'}}" 
},{
	 "id": "18", 
	 "label": "{'changeType': 'Preserve', 'type': 'object', 'className': 'EReference', 'attributes': {'id': '_ZQn1Jt6tEei97MD7GK1RmA', 'name':'objectsToDetach','ordered':'true','unique':'true','lowerBound':'0','upperBound':'-1','many':'true','required':'false','eType':'EObject','eGenericType':'org.eclipse.emf.ecore.impl.EGenericTypeImpl@69fe5c0a (expression: EObject)','changeable':'true','volatile':'false','transient':'true','unsettable':'false','derived':'true','eContainingClass':'ChangeDescription','containment':'false','container':'false','resolveProxies':'false','eReferenceType':'EObject'}}" 
},{
	 "id": "19", 
	 "label": "{'changeType': 'Preserve', 'type': 'object', 'className': 'EReference', 'attributes': {'id': '_ZQn1KN6tEei97MD7GK1RmA', 'name':'objectsToAttach','ordered':'true','unique':'true','lowerBound':'0','upperBound':'-1','many':'true','required':'false','eType':'EObject','eGenericType':'org.eclipse.emf.ecore.impl.EGenericTypeImpl@8cd1d7a (expression: EObject)','changeable':'true','volatile':'false','transient':'false','unsettable':'false','derived':'false','eContainingClass':'ChangeDescription','containment':'true','container':'false','resolveProxies':'false','eReferenceType':'EObject'}}" 
},{
	 "id": "20", 
	 "label": "{'changeType': 'Preserve', 'type': 'object', 'className': 'EReference', 'attributes': {'id': '_ZQn1Kt6tEei97MD7GK1RmA', 'name':'resourceChanges','ordered':'true','unique':'true','lowerBound':'0','upperBound':'-1','many':'true','required':'false','eType':'ResourceChange','eGenericType':'org.eclipse.emf.ecore.impl.EGenericTypeImpl@5e4575ae (expression: ResourceChange)','changeable':'true','volatile':'false','transient':'false','unsettable':'false','derived':'false','eContainingClass':'ChangeDescription','containment':'true','container':'false','resolveProxies':'true','eReferenceType':'ResourceChange'}}" 
},{
	 "id": "21", 
	 "label": "{'changeType': 'Preserve', 'type': 'object', 'className': 'EClass', 'attributes': {'id': '_ZQn1K96tEei97MD7GK1RmA', 'name':'EObjectToChangesMapEntry','instanceClassName':'java.util.Map$Entry','instanceClass':'interface java.util.Map$Entry','instanceTypeName':'java.util.Map$Entry','ePackage':'change','abstract':'false','interface':'false','eStructuralFeatures':['key','value']}}" 
},{
	 "id": "22", 
	 "label": "{'changeType': 'Preserve', 'type': 'object', 'className': 'EReference', 'attributes': {'id': '_ZQn1LN6tEei97MD7GK1RmA', 'name':'key','ordered':'true','unique':'true','lowerBound':'1','upperBound':'1','many':'false','required':'true','eType':'EObject','eGenericType':'org.eclipse.emf.ecore.impl.EGenericTypeImpl@28fa376c (expression: EObject)','changeable':'true','volatile':'false','transient':'false','unsettable':'false','derived':'false','eContainingClass':'EObjectToChangesMapEntry','containment':'false','container':'false','resolveProxies':'true','eReferenceType':'EObject'}}" 
},{
	 "id": "23", 
	 "label": "{'changeType': 'Preserve', 'type': 'object', 'className': 'EReference', 'attributes': {'id': '_ZQn1Lt6tEei97MD7GK1RmA', 'name':'value','ordered':'true','unique':'true','lowerBound':'0','upperBound':'-1','many':'true','required':'false','eType':'FeatureChange','eGenericType':'org.eclipse.emf.ecore.impl.EGenericTypeImpl@c53f35c (expression: FeatureChange)','changeable':'true','volatile':'false','transient':'false','unsettable':'false','derived':'false','eContainingClass':'EObjectToChangesMapEntry','containment':'true','container':'false','resolveProxies':'true','eReferenceType':'FeatureChange'}}" 
},{
	 "id": "24", 
	 "label": "{'changeType': 'Preserve', 'type': 'object', 'className': 'EOperation', 'attributes': {'id': '_ZQn1MN6tEei97MD7GK1RmA', 'name':'apply','ordered':'true','unique':'true','lowerBound':'0','upperBound':'1','many':'false','required':'false','eContainingClass':'FeatureChange','eParameters':['originalObject']}}" 
},{
	 "id": "25", 
	 "label": "{'changeType': 'Preserve', 'type': 'object', 'className': 'EParameter', 'attributes': {'id': '_ZQn1Md6tEei97MD7GK1RmA', 'name':'originalObject','ordered':'true','unique':'true','lowerBound':'0','upperBound':'1','many':'false','required':'false','eType':'EObject','eGenericType':'org.eclipse.emf.ecore.impl.EGenericTypeImpl@5c74c47 (expression: EObject)','eOperation':'apply'}}" 
},{
	 "id": "26", 
	 "label": "{'changeType': 'Preserve', 'type': 'object', 'className': 'EOperation', 'attributes': {'id': '_ZQn1M96tEei97MD7GK1RmA', 'name':'applyAndReverse','ordered':'true','unique':'true','lowerBound':'0','upperBound':'1','many':'false','required':'false','eContainingClass':'FeatureChange','eParameters':['originalObject']}}" 
},{
	 "id": "27", 
	 "label": "{'changeType': 'Preserve', 'type': 'object', 'className': 'EParameter', 'attributes': {'id': '_ZQn1NN6tEei97MD7GK1RmA', 'name':'originalObject','ordered':'true','unique':'true','lowerBound':'0','upperBound':'1','many':'false','required':'false','eType':'EObject','eGenericType':'org.eclipse.emf.ecore.impl.EGenericTypeImpl@527a6d00 (expression: EObject)','eOperation':'applyAndReverse'}}" 
},{
	 "id": "28", 
	 "label": "{'changeType': 'Preserve', 'type': 'object', 'className': 'EAttribute', 'attributes': {'id': '_ZQn1Nt6tEei97MD7GK1RmA', 'name':'featureName','ordered':'true','unique':'true','lowerBound':'0','upperBound':'1','many':'false','required':'false','eType':'EString','eGenericType':'org.eclipse.emf.ecore.impl.EGenericTypeImpl@78e74419 (expression: EString)','changeable':'true','volatile':'true','transient':'false','unsettable':'true','derived':'false','eContainingClass':'FeatureChange','iD':'false','eAttributeType':'EString'}}" 
},{
	 "id": "29", 
	 "label": "{'changeType': 'Preserve', 'type': 'object', 'className': 'EAttribute', 'attributes': {'id': '_ZQn1ON6tEei97MD7GK1RmA', 'name':'dataValue','ordered':'true','unique':'true','lowerBound':'0','upperBound':'1','many':'false','required':'false','eType':'EString','eGenericType':'org.eclipse.emf.ecore.impl.EGenericTypeImpl@11c437ab (expression: EString)','changeable':'true','volatile':'true','transient':'false','unsettable':'false','derived':'false','eContainingClass':'FeatureChange','iD':'false','eAttributeType':'EString'}}" 
},{
	 "id": "30", 
	 "label": "{'changeType': 'Preserve', 'type': 'object', 'className': 'EAttribute', 'attributes': {'id': '_ZQn1Ot6tEei97MD7GK1RmA', 'name':'set','ordered':'true','unique':'true','lowerBound':'0','upperBound':'1','many':'false','required':'false','eType':'EBoolean','eGenericType':'org.eclipse.emf.ecore.impl.EGenericTypeImpl@3bfae413 (expression: EBoolean)','changeable':'true','volatile':'false','transient':'false','defaultValueLiteral':'true','defaultValue':'true','unsettable':'false','derived':'false','eContainingClass':'FeatureChange','iD':'false','eAttributeType':'EBoolean'}}" 
},{
	 "id": "31", 
	 "label": "{'changeType': 'Preserve', 'type': 'object', 'className': 'EAttribute', 'attributes': {'id': '_ZQn1PN6tEei97MD7GK1RmA', 'name':'value','ordered':'true','unique':'true','lowerBound':'0','upperBound':'1','many':'false','required':'false','eType':'EJavaObject','eGenericType':'org.eclipse.emf.ecore.impl.EGenericTypeImpl@2198cc64 (expression: EJavaObject)','changeable':'false','volatile':'true','transient':'true','unsettable':'false','derived':'true','eContainingClass':'FeatureChange','iD':'false','eAttributeType':'EJavaObject'}}" 
},{
	 "id": "32", 
	 "label": "{'changeType': 'Preserve', 'type': 'object', 'className': 'EReference', 'attributes': {'id': '_ZQn1Pt6tEei97MD7GK1RmA', 'name':'feature','ordered':'true','unique':'true','lowerBound':'1','upperBound':'1','many':'false','required':'true','eType':'EStructuralFeature','eGenericType':'org.eclipse.emf.ecore.impl.EGenericTypeImpl@4950e855 (expression: EStructuralFeature)','changeable':'true','volatile':'true','transient':'false','unsettable':'true','derived':'false','eContainingClass':'FeatureChange','containment':'false','container':'false','resolveProxies':'true','eReferenceType':'EStructuralFeature'}}" 
},{
	 "id": "33", 
	 "label": "{'changeType': 'Preserve', 'type': 'object', 'className': 'EReference', 'attributes': {'id': '_ZQn1QN6tEei97MD7GK1RmA', 'name':'referenceValue','ordered':'true','unique':'true','lowerBound':'0','upperBound':'1','many':'false','required':'false','eType':'EObject','eGenericType':'org.eclipse.emf.ecore.impl.EGenericTypeImpl@31c6f13e (expression: EObject)','changeable':'true','volatile':'true','transient':'false','unsettable':'false','derived':'false','eContainingClass':'FeatureChange','containment':'false','container':'false','resolveProxies':'true','eReferenceType':'EObject'}}" 
},{
	 "id": "34", 
	 "label": "{'changeType': 'Preserve', 'type': 'object', 'className': 'EReference', 'attributes': {'id': '_ZQn1Qt6tEei97MD7GK1RmA', 'name':'listChanges','ordered':'true','unique':'true','lowerBound':'0','upperBound':'-1','many':'true','required':'false','eType':'ListChange','eGenericType':'org.eclipse.emf.ecore.impl.EGenericTypeImpl@494ce122 (expression: ListChange)','changeable':'true','volatile':'false','transient':'false','unsettable':'false','derived':'false','eContainingClass':'FeatureChange','containment':'true','container':'false','resolveProxies':'true','eReferenceType':'ListChange'}}" 
},{
	 "id": "35", 
	 "label": "{'changeType': 'Preserve', 'type': 'object', 'className': 'EOperation', 'attributes': {'id': '_ZQn1RN6tEei97MD7GK1RmA', 'name':'apply','ordered':'true','unique':'true','lowerBound':'0','upperBound':'1','many':'false','required':'false','eContainingClass':'ListChange','eParameters':['originalList']}}" 
},{
	 "id": "36", 
	 "label": "{'changeType': 'Preserve', 'type': 'object', 'className': 'EParameter', 'attributes': {'id': '_ZQn1Rd6tEei97MD7GK1RmA', 'name':'originalList','ordered':'true','unique':'true','lowerBound':'0','upperBound':'1','many':'false','required':'false','eType':'EEList','eGenericType':'org.eclipse.emf.ecore.impl.EGenericTypeImpl@506d74be (expression: EEList<EJavaObject>)','eOperation':'apply'}}" 
},{
	 "id": "37", 
	 "label": "{'changeType': 'Preserve', 'type': 'object', 'className': 'EGenericType', 'attributes': {'id': '//ListChange/apply/originalList/@eGenericType', 'eTypeArguments':['org.eclipse.emf.ecore.impl.EGenericTypeImpl@4308f9e1 (expression: EJavaObject)'],'eRawType':'EEList','eClassifier':'EEList'}}" 
},{
	 "id": "38", 
	 "label": "{'changeType': 'Preserve', 'type': 'object', 'className': 'EGenericType', 'attributes': {'id': '_ZVtwqt6tEei97MD7GK1RmA', 'eRawType':'EJavaObject','eClassifier':'EJavaObject'}}" 
},{
	 "id": "39", 
	 "label": "{'changeType': 'Preserve', 'type': 'object', 'className': 'EOperation', 'attributes': {'id': '_ZQn1R96tEei97MD7GK1RmA', 'name':'applyAndReverse','ordered':'true','unique':'true','lowerBound':'0','upperBound':'1','many':'false','required':'false','eContainingClass':'ListChange','eParameters':['originalList']}}" 
},{
	 "id": "40", 
	 "label": "{'changeType': 'Preserve', 'type': 'object', 'className': 'EParameter', 'attributes': {'id': '_ZQn1SN6tEei97MD7GK1RmA', 'name':'originalList','ordered':'true','unique':'true','lowerBound':'0','upperBound':'1','many':'false','required':'false','eType':'EEList','eGenericType':'org.eclipse.emf.ecore.impl.EGenericTypeImpl@34e6d47e (expression: EEList<EJavaObject>)','eOperation':'applyAndReverse'}}" 
},{
	 "id": "41", 
	 "label": "{'changeType': 'Preserve', 'type': 'object', 'className': 'EGenericType', 'attributes': {'id': '//ListChange/applyAndReverse/originalList/@eGenericType', 'eTypeArguments':['org.eclipse.emf.ecore.impl.EGenericTypeImpl@30a5e4f2 (expression: EJavaObject)'],'eRawType':'EEList','eClassifier':'EEList'}}" 
},{
	 "id": "42", 
	 "label": "{'changeType': 'Preserve', 'type': 'object', 'className': 'EGenericType', 'attributes': {'id': '_ZVtwrt6tEei97MD7GK1RmA', 'eRawType':'EJavaObject','eClassifier':'EJavaObject'}}" 
},{
	 "id": "43", 
	 "label": "{'changeType': 'Preserve', 'type': 'object', 'className': 'EAttribute', 'attributes': {'id': '_ZQn1St6tEei97MD7GK1RmA', 'name':'kind','ordered':'true','unique':'true','lowerBound':'0','upperBound':'1','many':'false','required':'false','eType':'ChangeKind','eGenericType':'org.eclipse.emf.ecore.impl.EGenericTypeImpl@711aa1f9 (expression: ChangeKind)','changeable':'true','volatile':'false','transient':'false','defaultValue':'ADD','unsettable':'false','derived':'false','eContainingClass':'ListChange','iD':'false','eAttributeType':'ChangeKind'}}" 
},{
	 "id": "44", 
	 "label": "{'changeType': 'Preserve', 'type': 'object', 'className': 'EAttribute', 'attributes': {'id': '_ZQn1S96tEei97MD7GK1RmA', 'name':'dataValues','ordered':'true','unique':'false','lowerBound':'0','upperBound':'-1','many':'true','required':'false','eType':'EString','eGenericType':'org.eclipse.emf.ecore.impl.EGenericTypeImpl@11e4e64d (expression: EString)','changeable':'true','volatile':'false','transient':'false','unsettable':'false','derived':'false','eContainingClass':'ListChange','iD':'false','eAttributeType':'EString'}}" 
},{
	 "id": "45", 
	 "label": "{'changeType': 'Preserve', 'type': 'object', 'className': 'EAttribute', 'attributes': {'id': '_ZQn1Td6tEei97MD7GK1RmA', 'name':'index','ordered':'true','unique':'true','lowerBound':'0','upperBound':'1','many':'false','required':'false','eType':'EInt','eGenericType':'org.eclipse.emf.ecore.impl.EGenericTypeImpl@79459205 (expression: EInt)','changeable':'true','volatile':'false','transient':'false','defaultValueLiteral':'-1','defaultValue':'-1','unsettable':'false','derived':'false','eContainingClass':'ListChange','iD':'false','eAttributeType':'EInt'}}" 
},{
	 "id": "46", 
	 "label": "{'changeType': 'Preserve', 'type': 'object', 'className': 'EAttribute', 'attributes': {'id': '_ZQn1T96tEei97MD7GK1RmA', 'name':'moveToIndex','ordered':'true','unique':'true','lowerBound':'0','upperBound':'1','many':'false','required':'false','eType':'EInt','eGenericType':'org.eclipse.emf.ecore.impl.EGenericTypeImpl@4022dec8 (expression: EInt)','changeable':'true','volatile':'false','transient':'false','defaultValue':'0','unsettable':'false','derived':'false','eContainingClass':'ListChange','iD':'false','eAttributeType':'EInt'}}" 
},{
	 "id": "47", 
	 "label": "{'changeType': 'Preserve', 'type': 'object', 'className': 'EAttribute', 'attributes': {'id': '_ZQn1Ud6tEei97MD7GK1RmA', 'name':'values','ordered':'true','unique':'true','lowerBound':'0','upperBound':'-1','many':'true','required':'false','eType':'EJavaObject','eGenericType':'org.eclipse.emf.ecore.impl.EGenericTypeImpl@530a7def (expression: EJavaObject)','changeable':'true','volatile':'true','transient':'true','unsettable':'false','derived':'true','eContainingClass':'ListChange','iD':'false','eAttributeType':'EJavaObject'}}" 
},{
	 "id": "48", 
	 "label": "{'changeType': 'Preserve', 'type': 'object', 'className': 'EReference', 'attributes': {'id': '_ZQn1U96tEei97MD7GK1RmA', 'name':'referenceValues','ordered':'true','unique':'true','lowerBound':'0','upperBound':'-1','many':'true','required':'false','eType':'EObject','eGenericType':'org.eclipse.emf.ecore.impl.EGenericTypeImpl@67ee2f36 (expression: EObject)','changeable':'true','volatile':'false','transient':'false','unsettable':'false','derived':'false','eContainingClass':'ListChange','containment':'false','container':'false','resolveProxies':'true','eReferenceType':'EObject'}}" 
},{
	 "id": "49", 
	 "label": "{'changeType': 'Preserve', 'type': 'object', 'className': 'EReference', 'attributes': {'id': '_ZQn1Vd6tEei97MD7GK1RmA', 'name':'feature','ordered':'true','unique':'true','lowerBound':'0','upperBound':'1','many':'false','required':'false','eType':'EStructuralFeature','eGenericType':'org.eclipse.emf.ecore.impl.EGenericTypeImpl@31c3411e (expression: EStructuralFeature)','changeable':'true','volatile':'false','transient':'false','unsettable':'false','derived':'false','eContainingClass':'ListChange','containment':'false','container':'false','resolveProxies':'true','eReferenceType':'EStructuralFeature'}}" 
},{
	 "id": "50", 
	 "label": "{'changeType': 'Preserve', 'type': 'object', 'className': 'EReference', 'attributes': {'id': '_ZREhRt6tEei97MD7GK1RmA', 'name':'featureMapEntryValues','ordered':'true','unique':'true','lowerBound':'0','upperBound':'-1','many':'true','required':'false','eType':'FeatureMapEntry','eGenericType':'org.eclipse.emf.ecore.impl.EGenericTypeImpl@4074271 (expression: FeatureMapEntry)','changeable':'true','volatile':'false','transient':'false','unsettable':'false','derived':'false','eContainingClass':'ListChange','containment':'true','container':'false','resolveProxies':'true','eReferenceType':'FeatureMapEntry'}}" 
},{
	 "id": "51", 
	 "label": "{'changeType': 'Preserve', 'type': 'object', 'className': 'EEnum', 'attributes': {'id': '_ZQn1V96tEei97MD7GK1RmA', 'name':'ChangeKind','defaultValue':'ADD','ePackage':'change','serializable':'true','eLiterals':['ADD','REMOVE','MOVE']}}" 
},{
	 "id": "52", 
	 "label": "{'changeType': 'Preserve', 'type': 'object', 'className': 'EEnumLiteral', 'attributes': {'id': '_ZQn1WN6tEei97MD7GK1RmA', 'name':'ADD','value':'0','instance':'ADD','literal':'ADD','eEnum':'ChangeKind'}}" 
},{
	 "id": "53", 
	 "label": "{'changeType': 'Preserve', 'type': 'object', 'className': 'EEnumLiteral', 'attributes': {'id': '_ZQn1Wd6tEei97MD7GK1RmA', 'name':'REMOVE','value':'1','instance':'REMOVE','literal':'REMOVE','eEnum':'ChangeKind'}}" 
},{
	 "id": "54", 
	 "label": "{'changeType': 'Preserve', 'type': 'object', 'className': 'EEnumLiteral', 'attributes': {'id': '_ZQn1Wt6tEei97MD7GK1RmA', 'name':'MOVE','value':'2','instance':'MOVE','literal':'MOVE','eEnum':'ChangeKind'}}" 
},{
	 "id": "55", 
	 "label": "{'changeType': 'Preserve', 'type': 'object', 'className': 'EOperation', 'attributes': {'id': '_ZQn1XN6tEei97MD7GK1RmA', 'name':'apply','ordered':'true','unique':'true','lowerBound':'0','upperBound':'1','many':'false','required':'false','eContainingClass':'ResourceChange'}}" 
},{
	 "id": "56", 
	 "label": "{'changeType': 'Preserve', 'type': 'object', 'className': 'EOperation', 'attributes': {'id': '_ZQn1Xd6tEei97MD7GK1RmA', 'name':'applyAndReverse','ordered':'true','unique':'true','lowerBound':'0','upperBound':'1','many':'false','required':'false','eContainingClass':'ResourceChange'}}" 
},{
	 "id": "57", 
	 "label": "{'changeType': 'Preserve', 'type': 'object', 'className': 'EAttribute', 'attributes': {'id': '_ZQn1Xt6tEei97MD7GK1RmA', 'name':'resourceURI','ordered':'true','unique':'true','lowerBound':'0','upperBound':'1','many':'false','required':'false','eType':'EString','eGenericType':'org.eclipse.emf.ecore.impl.EGenericTypeImpl@106d7c3e (expression: EString)','changeable':'true','volatile':'false','transient':'false','unsettable':'false','derived':'false','eContainingClass':'ResourceChange','iD':'false','eAttributeType':'EString'}}" 
},{
	 "id": "58", 
	 "label": "{'changeType': 'Preserve', 'type': 'object', 'className': 'EAttribute', 'attributes': {'id': '_ZQn1YN6tEei97MD7GK1RmA', 'name':'resource','ordered':'true','unique':'true','lowerBound':'0','upperBound':'1','many':'false','required':'false','eType':'EResource','eGenericType':'org.eclipse.emf.ecore.impl.EGenericTypeImpl@7b58c7a3 (expression: EResource)','changeable':'true','volatile':'false','transient':'true','unsettable':'false','derived':'true','eContainingClass':'ResourceChange','iD':'false','eAttributeType':'EResource'}}" 
},{
	 "id": "59", 
	 "label": "{'changeType': 'Preserve', 'type': 'object', 'className': 'EAttribute', 'attributes': {'id': '_ZQn1Yt6tEei97MD7GK1RmA', 'name':'value','ordered':'true','unique':'true','lowerBound':'0','upperBound':'1','many':'false','required':'false','eType':'EEList','eGenericType':'org.eclipse.emf.ecore.impl.EGenericTypeImpl@166f006c (expression: EEList<?>)','changeable':'false','volatile':'true','transient':'true','unsettable':'false','derived':'true','eContainingClass':'ResourceChange','iD':'false','eAttributeType':'EEList'}}" 
},{
	 "id": "60", 
	 "label": "{'changeType': 'Preserve', 'type': 'object', 'className': 'EGenericType', 'attributes': {'id': '//ResourceChange/value/@eGenericType', 'eTypeArguments':['org.eclipse.emf.ecore.impl.EGenericTypeImpl@14a46506 (expression: ?)'],'eRawType':'EEList','eClassifier':'EEList'}}" 
},{
	 "id": "61", 
	 "label": "{'changeType': 'Preserve', 'type': 'object', 'className': 'EGenericType', 'attributes': {'id': '_ZVtwyt6tEei97MD7GK1RmA', 'eRawType':'EJavaObject'}}" 
},{
	 "id": "62", 
	 "label": "{'changeType': 'Preserve', 'type': 'object', 'className': 'EReference', 'attributes': {'id': '_ZQn1ZN6tEei97MD7GK1RmA', 'name':'listChanges','ordered':'true','unique':'true','lowerBound':'0','upperBound':'-1','many':'true','required':'false','eType':'ListChange','eGenericType':'org.eclipse.emf.ecore.impl.EGenericTypeImpl@4a2dec9 (expression: ListChange)','changeable':'true','volatile':'false','transient':'false','unsettable':'false','derived':'false','eContainingClass':'ResourceChange','containment':'true','container':'false','resolveProxies':'true','eReferenceType':'ListChange'}}" 
},{
	 "id": "63", 
	 "label": "{'changeType': 'Preserve', 'type': 'object', 'className': 'EClass', 'attributes': {'id': '_ZREhVd6tEei97MD7GK1RmA', 'name':'FeatureMapEntry','ePackage':'change','abstract':'false','interface':'false','eStructuralFeatures':['featureName','dataValue','value','feature','referenceValue']}}" 
},{
	 "id": "64", 
	 "label": "{'changeType': 'Preserve', 'type': 'object', 'className': 'EAttribute', 'attributes': {'id': '_ZREhVt6tEei97MD7GK1RmA', 'name':'featureName','ordered':'true','unique':'true','lowerBound':'0','upperBound':'1','many':'false','required':'false','eType':'EString','eGenericType':'org.eclipse.emf.ecore.impl.EGenericTypeImpl@1247b3b6 (expression: EString)','changeable':'true','volatile':'true','transient':'false','unsettable':'true','derived':'false','eContainingClass':'FeatureMapEntry','iD':'false','eAttributeType':'EString'}}" 
},{
	 "id": "65", 
	 "label": "{'changeType': 'Preserve', 'type': 'object', 'className': 'EAttribute', 'attributes': {'id': '_ZREhWN6tEei97MD7GK1RmA', 'name':'dataValue','ordered':'true','unique':'true','lowerBound':'0','upperBound':'1','many':'false','required':'false','eType':'EString','eGenericType':'org.eclipse.emf.ecore.impl.EGenericTypeImpl@6c5f9baa (expression: EString)','changeable':'true','volatile':'true','transient':'false','unsettable':'false','derived':'false','eContainingClass':'FeatureMapEntry','iD':'false','eAttributeType':'EString'}}" 
},{
	 "id": "66", 
	 "label": "{'changeType': 'Preserve', 'type': 'object', 'className': 'EAttribute', 'attributes': {'id': '_ZREhWt6tEei97MD7GK1RmA', 'name':'value','ordered':'true','unique':'true','lowerBound':'0','upperBound':'1','many':'false','required':'false','eType':'EJavaObject','eGenericType':'org.eclipse.emf.ecore.impl.EGenericTypeImpl@46864dda (expression: EJavaObject)','changeable':'false','volatile':'true','transient':'true','unsettable':'false','derived':'true','eContainingClass':'FeatureMapEntry','iD':'false','eAttributeType':'EJavaObject'}}" 
},{
	 "id": "67", 
	 "label": "{'changeType': 'Preserve', 'type': 'object', 'className': 'EReference', 'attributes': {'id': '_ZREhXN6tEei97MD7GK1RmA', 'name':'feature','ordered':'true','unique':'true','lowerBound':'1','upperBound':'1','many':'false','required':'true','eType':'EStructuralFeature','eGenericType':'org.eclipse.emf.ecore.impl.EGenericTypeImpl@5d83e213 (expression: EStructuralFeature)','changeable':'true','volatile':'true','transient':'false','unsettable':'true','derived':'false','eContainingClass':'FeatureMapEntry','containment':'false','container':'false','resolveProxies':'true','eReferenceType':'EStructuralFeature'}}" 
},{
	 "id": "68", 
	 "label": "{'changeType': 'Preserve', 'type': 'object', 'className': 'EReference', 'attributes': {'id': '_ZREhXt6tEei97MD7GK1RmA', 'name':'referenceValue','ordered':'true','unique':'true','lowerBound':'0','upperBound':'1','many':'false','required':'false','eType':'EObject','eGenericType':'org.eclipse.emf.ecore.impl.EGenericTypeImpl@5cd3213d (expression: EObject)','changeable':'true','volatile':'true','transient':'false','unsettable':'false','derived':'false','eContainingClass':'FeatureMapEntry','containment':'false','container':'false','resolveProxies':'true','eReferenceType':'EObject'}}" 
}], 
 "links": [{
	 "source": "1", 
	 "target": "0", 
	 "label": "{'changeType': 'ADD', 'type': 'reference', 'referenceTypeName': 'eParameters'}" 
},{
	 "source": "0", 
	 "target": "1", 
	 "label": "{'changeType': 'ADD', 'type': 'reference', 'referenceTypeName': 'eOperation'}" 
},{
	 "source": "2", 
	 "target": "1", 
	 "label": "{'changeType': 'ADD', 'type': 'reference', 'referenceTypeName': 'eOperations'}" 
},{
	 "source": "1", 
	 "target": "2", 
	 "label": "{'changeType': 'ADD', 'type': 'reference', 'referenceTypeName': 'eContainingClass'}" 
},{
	 "source": "4", 
	 "target": "3", 
	 "label": "{'changeType': 'ADD', 'type': 'reference', 'referenceTypeName': 'eParameters'}" 
},{
	 "source": "3", 
	 "target": "4", 
	 "label": "{'changeType': 'ADD', 'type': 'reference', 'referenceTypeName': 'eOperation'}" 
},{
	 "source": "5", 
	 "target": "4", 
	 "label": "{'changeType': 'ADD', 'type': 'reference', 'referenceTypeName': 'eOperations'}" 
},{
	 "source": "4", 
	 "target": "5", 
	 "label": "{'changeType': 'ADD', 'type': 'reference', 'referenceTypeName': 'eContainingClass'}" 
},{
	 "source": "7", 
	 "target": "6", 
	 "label": "{'changeType': 'ADD', 'type': 'reference', 'referenceTypeName': 'eTypeArguments'}" 
},{
	 "source": "8", 
	 "target": "7", 
	 "label": "{'changeType': 'ADD', 'type': 'reference', 'referenceTypeName': 'eGenericType'}" 
},{
	 "source": "9", 
	 "target": "8", 
	 "label": "{'changeType': 'ADD', 'type': 'reference', 'referenceTypeName': 'eParameters'}" 
},{
	 "source": "8", 
	 "target": "9", 
	 "label": "{'changeType': 'ADD', 'type': 'reference', 'referenceTypeName': 'eOperation'}" 
},{
	 "source": "10", 
	 "target": "9", 
	 "label": "{'changeType': 'ADD', 'type': 'reference', 'referenceTypeName': 'eOperations'}" 
},{
	 "source": "9", 
	 "target": "10", 
	 "label": "{'changeType': 'ADD', 'type': 'reference', 'referenceTypeName': 'eContainingClass'}" 
},{
	 "source": "12", 
	 "target": "11", 
	 "label": "{'changeType': 'ADD', 'type': 'reference', 'referenceTypeName': 'eOperations'}" 
},{
	 "source": "11", 
	 "target": "12", 
	 "label": "{'changeType': 'ADD', 'type': 'reference', 'referenceTypeName': 'eContainingClass'}" 
},{
	 "source": "14", 
	 "target": "13", 
	 "label": "{'changeType': 'ADD', 'type': 'reference', 'referenceTypeName': 'eClassifiers'}" 
},{
	 "source": "13", 
	 "target": "14", 
	 "label": "{'changeType': 'ADD', 'type': 'reference', 'referenceTypeName': 'ePackage'}" 
},{
	 "source": "2", 
	 "target": "14", 
	 "label": "{'changeType': 'Preserve', 'type': 'reference', 'referenceTypeName': 'eClassifiers'}" 
},{
	 "source": "14", 
	 "target": "2", 
	 "label": "{'changeType': 'Preserve', 'type': 'reference', 'referenceTypeName': 'ePackage'}" 
},{
	 "source": "15", 
	 "target": "2", 
	 "label": "{'changeType': 'Preserve', 'type': 'reference', 'referenceTypeName': 'eOperations'}" 
},{
	 "source": "2", 
	 "target": "15", 
	 "label": "{'changeType': 'Preserve', 'type': 'reference', 'referenceTypeName': 'eContainingClass'}" 
},{
	 "source": "16", 
	 "target": "2", 
	 "label": "{'changeType': 'Preserve', 'type': 'reference', 'referenceTypeName': 'eOperations'}" 
},{
	 "source": "2", 
	 "target": "16", 
	 "label": "{'changeType': 'Preserve', 'type': 'reference', 'referenceTypeName': 'eContainingClass'}" 
},{
	 "source": "17", 
	 "target": "2", 
	 "label": "{'changeType': 'Preserve', 'type': 'reference', 'referenceTypeName': 'eStructuralFeatures'}" 
},{
	 "source": "2", 
	 "target": "17", 
	 "label": "{'changeType': 'Preserve', 'type': 'reference', 'referenceTypeName': 'eContainingClass'}" 
},{
	 "source": "18", 
	 "target": "2", 
	 "label": "{'changeType': 'Preserve', 'type': 'reference', 'referenceTypeName': 'eStructuralFeatures'}" 
},{
	 "source": "2", 
	 "target": "18", 
	 "label": "{'changeType': 'Preserve', 'type': 'reference', 'referenceTypeName': 'eContainingClass'}" 
},{
	 "source": "19", 
	 "target": "2", 
	 "label": "{'changeType': 'Preserve', 'type': 'reference', 'referenceTypeName': 'eStructuralFeatures'}" 
},{
	 "source": "2", 
	 "target": "19", 
	 "label": "{'changeType': 'Preserve', 'type': 'reference', 'referenceTypeName': 'eContainingClass'}" 
},{
	 "source": "20", 
	 "target": "2", 
	 "label": "{'changeType': 'Preserve', 'type': 'reference', 'referenceTypeName': 'eStructuralFeatures'}" 
},{
	 "source": "2", 
	 "target": "20", 
	 "label": "{'changeType': 'Preserve', 'type': 'reference', 'referenceTypeName': 'eContainingClass'}" 
},{
	 "source": "21", 
	 "target": "14", 
	 "label": "{'changeType': 'Preserve', 'type': 'reference', 'referenceTypeName': 'eClassifiers'}" 
},{
	 "source": "14", 
	 "target": "21", 
	 "label": "{'changeType': 'Preserve', 'type': 'reference', 'referenceTypeName': 'ePackage'}" 
},{
	 "source": "22", 
	 "target": "21", 
	 "label": "{'changeType': 'Preserve', 'type': 'reference', 'referenceTypeName': 'eStructuralFeatures'}" 
},{
	 "source": "21", 
	 "target": "22", 
	 "label": "{'changeType': 'Preserve', 'type': 'reference', 'referenceTypeName': 'eContainingClass'}" 
},{
	 "source": "23", 
	 "target": "21", 
	 "label": "{'changeType': 'Preserve', 'type': 'reference', 'referenceTypeName': 'eStructuralFeatures'}" 
},{
	 "source": "21", 
	 "target": "23", 
	 "label": "{'changeType': 'Preserve', 'type': 'reference', 'referenceTypeName': 'eContainingClass'}" 
},{
	 "source": "5", 
	 "target": "14", 
	 "label": "{'changeType': 'Preserve', 'type': 'reference', 'referenceTypeName': 'eClassifiers'}" 
},{
	 "source": "14", 
	 "target": "5", 
	 "label": "{'changeType': 'Preserve', 'type': 'reference', 'referenceTypeName': 'ePackage'}" 
},{
	 "source": "24", 
	 "target": "5", 
	 "label": "{'changeType': 'Preserve', 'type': 'reference', 'referenceTypeName': 'eOperations'}" 
},{
	 "source": "5", 
	 "target": "24", 
	 "label": "{'changeType': 'Preserve', 'type': 'reference', 'referenceTypeName': 'eContainingClass'}" 
},{
	 "source": "25", 
	 "target": "24", 
	 "label": "{'changeType': 'Preserve', 'type': 'reference', 'referenceTypeName': 'eParameters'}" 
},{
	 "source": "24", 
	 "target": "25", 
	 "label": "{'changeType': 'Preserve', 'type': 'reference', 'referenceTypeName': 'eOperation'}" 
},{
	 "source": "26", 
	 "target": "5", 
	 "label": "{'changeType': 'Preserve', 'type': 'reference', 'referenceTypeName': 'eOperations'}" 
},{
	 "source": "5", 
	 "target": "26", 
	 "label": "{'changeType': 'Preserve', 'type': 'reference', 'referenceTypeName': 'eContainingClass'}" 
},{
	 "source": "27", 
	 "target": "26", 
	 "label": "{'changeType': 'Preserve', 'type': 'reference', 'referenceTypeName': 'eParameters'}" 
},{
	 "source": "26", 
	 "target": "27", 
	 "label": "{'changeType': 'Preserve', 'type': 'reference', 'referenceTypeName': 'eOperation'}" 
},{
	 "source": "28", 
	 "target": "5", 
	 "label": "{'changeType': 'Preserve', 'type': 'reference', 'referenceTypeName': 'eStructuralFeatures'}" 
},{
	 "source": "5", 
	 "target": "28", 
	 "label": "{'changeType': 'Preserve', 'type': 'reference', 'referenceTypeName': 'eContainingClass'}" 
},{
	 "source": "29", 
	 "target": "5", 
	 "label": "{'changeType': 'Preserve', 'type': 'reference', 'referenceTypeName': 'eStructuralFeatures'}" 
},{
	 "source": "5", 
	 "target": "29", 
	 "label": "{'changeType': 'Preserve', 'type': 'reference', 'referenceTypeName': 'eContainingClass'}" 
},{
	 "source": "30", 
	 "target": "5", 
	 "label": "{'changeType': 'Preserve', 'type': 'reference', 'referenceTypeName': 'eStructuralFeatures'}" 
},{
	 "source": "5", 
	 "target": "30", 
	 "label": "{'changeType': 'Preserve', 'type': 'reference', 'referenceTypeName': 'eContainingClass'}" 
},{
	 "source": "31", 
	 "target": "5", 
	 "label": "{'changeType': 'Preserve', 'type': 'reference', 'referenceTypeName': 'eStructuralFeatures'}" 
},{
	 "source": "5", 
	 "target": "31", 
	 "label": "{'changeType': 'Preserve', 'type': 'reference', 'referenceTypeName': 'eContainingClass'}" 
},{
	 "source": "32", 
	 "target": "5", 
	 "label": "{'changeType': 'Preserve', 'type': 'reference', 'referenceTypeName': 'eStructuralFeatures'}" 
},{
	 "source": "5", 
	 "target": "32", 
	 "label": "{'changeType': 'Preserve', 'type': 'reference', 'referenceTypeName': 'eContainingClass'}" 
},{
	 "source": "33", 
	 "target": "5", 
	 "label": "{'changeType': 'Preserve', 'type': 'reference', 'referenceTypeName': 'eStructuralFeatures'}" 
},{
	 "source": "5", 
	 "target": "33", 
	 "label": "{'changeType': 'Preserve', 'type': 'reference', 'referenceTypeName': 'eContainingClass'}" 
},{
	 "source": "34", 
	 "target": "5", 
	 "label": "{'changeType': 'Preserve', 'type': 'reference', 'referenceTypeName': 'eStructuralFeatures'}" 
},{
	 "source": "5", 
	 "target": "34", 
	 "label": "{'changeType': 'Preserve', 'type': 'reference', 'referenceTypeName': 'eContainingClass'}" 
},{
	 "source": "10", 
	 "target": "14", 
	 "label": "{'changeType': 'Preserve', 'type': 'reference', 'referenceTypeName': 'eClassifiers'}" 
},{
	 "source": "14", 
	 "target": "10", 
	 "label": "{'changeType': 'Preserve', 'type': 'reference', 'referenceTypeName': 'ePackage'}" 
},{
	 "source": "35", 
	 "target": "10", 
	 "label": "{'changeType': 'Preserve', 'type': 'reference', 'referenceTypeName': 'eOperations'}" 
},{
	 "source": "10", 
	 "target": "35", 
	 "label": "{'changeType': 'Preserve', 'type': 'reference', 'referenceTypeName': 'eContainingClass'}" 
},{
	 "source": "36", 
	 "target": "35", 
	 "label": "{'changeType': 'Preserve', 'type': 'reference', 'referenceTypeName': 'eParameters'}" 
},{
	 "source": "35", 
	 "target": "36", 
	 "label": "{'changeType': 'Preserve', 'type': 'reference', 'referenceTypeName': 'eOperation'}" 
},{
	 "source": "37", 
	 "target": "36", 
	 "label": "{'changeType': 'Preserve', 'type': 'reference', 'referenceTypeName': 'eGenericType'}" 
},{
	 "source": "38", 
	 "target": "37", 
	 "label": "{'changeType': 'Preserve', 'type': 'reference', 'referenceTypeName': 'eTypeArguments'}" 
},{
	 "source": "39", 
	 "target": "10", 
	 "label": "{'changeType': 'Preserve', 'type': 'reference', 'referenceTypeName': 'eOperations'}" 
},{
	 "source": "10", 
	 "target": "39", 
	 "label": "{'changeType': 'Preserve', 'type': 'reference', 'referenceTypeName': 'eContainingClass'}" 
},{
	 "source": "40", 
	 "target": "39", 
	 "label": "{'changeType': 'Preserve', 'type': 'reference', 'referenceTypeName': 'eParameters'}" 
},{
	 "source": "39", 
	 "target": "40", 
	 "label": "{'changeType': 'Preserve', 'type': 'reference', 'referenceTypeName': 'eOperation'}" 
},{
	 "source": "41", 
	 "target": "40", 
	 "label": "{'changeType': 'Preserve', 'type': 'reference', 'referenceTypeName': 'eGenericType'}" 
},{
	 "source": "42", 
	 "target": "41", 
	 "label": "{'changeType': 'Preserve', 'type': 'reference', 'referenceTypeName': 'eTypeArguments'}" 
},{
	 "source": "43", 
	 "target": "10", 
	 "label": "{'changeType': 'Preserve', 'type': 'reference', 'referenceTypeName': 'eStructuralFeatures'}" 
},{
	 "source": "10", 
	 "target": "43", 
	 "label": "{'changeType': 'Preserve', 'type': 'reference', 'referenceTypeName': 'eContainingClass'}" 
},{
	 "source": "44", 
	 "target": "10", 
	 "label": "{'changeType': 'Preserve', 'type': 'reference', 'referenceTypeName': 'eStructuralFeatures'}" 
},{
	 "source": "10", 
	 "target": "44", 
	 "label": "{'changeType': 'Preserve', 'type': 'reference', 'referenceTypeName': 'eContainingClass'}" 
},{
	 "source": "45", 
	 "target": "10", 
	 "label": "{'changeType': 'Preserve', 'type': 'reference', 'referenceTypeName': 'eStructuralFeatures'}" 
},{
	 "source": "10", 
	 "target": "45", 
	 "label": "{'changeType': 'Preserve', 'type': 'reference', 'referenceTypeName': 'eContainingClass'}" 
},{
	 "source": "46", 
	 "target": "10", 
	 "label": "{'changeType': 'Preserve', 'type': 'reference', 'referenceTypeName': 'eStructuralFeatures'}" 
},{
	 "source": "10", 
	 "target": "46", 
	 "label": "{'changeType': 'Preserve', 'type': 'reference', 'referenceTypeName': 'eContainingClass'}" 
},{
	 "source": "47", 
	 "target": "10", 
	 "label": "{'changeType': 'Preserve', 'type': 'reference', 'referenceTypeName': 'eStructuralFeatures'}" 
},{
	 "source": "10", 
	 "target": "47", 
	 "label": "{'changeType': 'Preserve', 'type': 'reference', 'referenceTypeName': 'eContainingClass'}" 
},{
	 "source": "48", 
	 "target": "10", 
	 "label": "{'changeType': 'Preserve', 'type': 'reference', 'referenceTypeName': 'eStructuralFeatures'}" 
},{
	 "source": "10", 
	 "target": "48", 
	 "label": "{'changeType': 'Preserve', 'type': 'reference', 'referenceTypeName': 'eContainingClass'}" 
},{
	 "source": "49", 
	 "target": "10", 
	 "label": "{'changeType': 'Preserve', 'type': 'reference', 'referenceTypeName': 'eStructuralFeatures'}" 
},{
	 "source": "10", 
	 "target": "49", 
	 "label": "{'changeType': 'Preserve', 'type': 'reference', 'referenceTypeName': 'eContainingClass'}" 
},{
	 "source": "50", 
	 "target": "10", 
	 "label": "{'changeType': 'Preserve', 'type': 'reference', 'referenceTypeName': 'eStructuralFeatures'}" 
},{
	 "source": "10", 
	 "target": "50", 
	 "label": "{'changeType': 'Preserve', 'type': 'reference', 'referenceTypeName': 'eContainingClass'}" 
},{
	 "source": "51", 
	 "target": "14", 
	 "label": "{'changeType': 'Preserve', 'type': 'reference', 'referenceTypeName': 'eClassifiers'}" 
},{
	 "source": "14", 
	 "target": "51", 
	 "label": "{'changeType': 'Preserve', 'type': 'reference', 'referenceTypeName': 'ePackage'}" 
},{
	 "source": "52", 
	 "target": "51", 
	 "label": "{'changeType': 'Preserve', 'type': 'reference', 'referenceTypeName': 'eLiterals'}" 
},{
	 "source": "51", 
	 "target": "52", 
	 "label": "{'changeType': 'Preserve', 'type': 'reference', 'referenceTypeName': 'eEnum'}" 
},{
	 "source": "53", 
	 "target": "51", 
	 "label": "{'changeType': 'Preserve', 'type': 'reference', 'referenceTypeName': 'eLiterals'}" 
},{
	 "source": "51", 
	 "target": "53", 
	 "label": "{'changeType': 'Preserve', 'type': 'reference', 'referenceTypeName': 'eEnum'}" 
},{
	 "source": "54", 
	 "target": "51", 
	 "label": "{'changeType': 'Preserve', 'type': 'reference', 'referenceTypeName': 'eLiterals'}" 
},{
	 "source": "51", 
	 "target": "54", 
	 "label": "{'changeType': 'Preserve', 'type': 'reference', 'referenceTypeName': 'eEnum'}" 
},{
	 "source": "12", 
	 "target": "14", 
	 "label": "{'changeType': 'Preserve', 'type': 'reference', 'referenceTypeName': 'eClassifiers'}" 
},{
	 "source": "14", 
	 "target": "12", 
	 "label": "{'changeType': 'Preserve', 'type': 'reference', 'referenceTypeName': 'ePackage'}" 
},{
	 "source": "55", 
	 "target": "12", 
	 "label": "{'changeType': 'Preserve', 'type': 'reference', 'referenceTypeName': 'eOperations'}" 
},{
	 "source": "12", 
	 "target": "55", 
	 "label": "{'changeType': 'Preserve', 'type': 'reference', 'referenceTypeName': 'eContainingClass'}" 
},{
	 "source": "56", 
	 "target": "12", 
	 "label": "{'changeType': 'Preserve', 'type': 'reference', 'referenceTypeName': 'eOperations'}" 
},{
	 "source": "12", 
	 "target": "56", 
	 "label": "{'changeType': 'Preserve', 'type': 'reference', 'referenceTypeName': 'eContainingClass'}" 
},{
	 "source": "57", 
	 "target": "12", 
	 "label": "{'changeType': 'Preserve', 'type': 'reference', 'referenceTypeName': 'eStructuralFeatures'}" 
},{
	 "source": "12", 
	 "target": "57", 
	 "label": "{'changeType': 'Preserve', 'type': 'reference', 'referenceTypeName': 'eContainingClass'}" 
},{
	 "source": "58", 
	 "target": "12", 
	 "label": "{'changeType': 'Preserve', 'type': 'reference', 'referenceTypeName': 'eStructuralFeatures'}" 
},{
	 "source": "12", 
	 "target": "58", 
	 "label": "{'changeType': 'Preserve', 'type': 'reference', 'referenceTypeName': 'eContainingClass'}" 
},{
	 "source": "59", 
	 "target": "12", 
	 "label": "{'changeType': 'Preserve', 'type': 'reference', 'referenceTypeName': 'eStructuralFeatures'}" 
},{
	 "source": "12", 
	 "target": "59", 
	 "label": "{'changeType': 'Preserve', 'type': 'reference', 'referenceTypeName': 'eContainingClass'}" 
},{
	 "source": "60", 
	 "target": "59", 
	 "label": "{'changeType': 'Preserve', 'type': 'reference', 'referenceTypeName': 'eGenericType'}" 
},{
	 "source": "61", 
	 "target": "60", 
	 "label": "{'changeType': 'Preserve', 'type': 'reference', 'referenceTypeName': 'eTypeArguments'}" 
},{
	 "source": "62", 
	 "target": "12", 
	 "label": "{'changeType': 'Preserve', 'type': 'reference', 'referenceTypeName': 'eStructuralFeatures'}" 
},{
	 "source": "12", 
	 "target": "62", 
	 "label": "{'changeType': 'Preserve', 'type': 'reference', 'referenceTypeName': 'eContainingClass'}" 
},{
	 "source": "63", 
	 "target": "14", 
	 "label": "{'changeType': 'Preserve', 'type': 'reference', 'referenceTypeName': 'eClassifiers'}" 
},{
	 "source": "14", 
	 "target": "63", 
	 "label": "{'changeType': 'Preserve', 'type': 'reference', 'referenceTypeName': 'ePackage'}" 
},{
	 "source": "64", 
	 "target": "63", 
	 "label": "{'changeType': 'Preserve', 'type': 'reference', 'referenceTypeName': 'eStructuralFeatures'}" 
},{
	 "source": "63", 
	 "target": "64", 
	 "label": "{'changeType': 'Preserve', 'type': 'reference', 'referenceTypeName': 'eContainingClass'}" 
},{
	 "source": "65", 
	 "target": "63", 
	 "label": "{'changeType': 'Preserve', 'type': 'reference', 'referenceTypeName': 'eStructuralFeatures'}" 
},{
	 "source": "63", 
	 "target": "65", 
	 "label": "{'changeType': 'Preserve', 'type': 'reference', 'referenceTypeName': 'eContainingClass'}" 
},{
	 "source": "66", 
	 "target": "63", 
	 "label": "{'changeType': 'Preserve', 'type': 'reference', 'referenceTypeName': 'eStructuralFeatures'}" 
},{
	 "source": "63", 
	 "target": "66", 
	 "label": "{'changeType': 'Preserve', 'type': 'reference', 'referenceTypeName': 'eContainingClass'}" 
},{
	 "source": "67", 
	 "target": "63", 
	 "label": "{'changeType': 'Preserve', 'type': 'reference', 'referenceTypeName': 'eStructuralFeatures'}" 
},{
	 "source": "63", 
	 "target": "67", 
	 "label": "{'changeType': 'Preserve', 'type': 'reference', 'referenceTypeName': 'eContainingClass'}" 
},{
	 "source": "68", 
	 "target": "63", 
	 "label": "{'changeType': 'Preserve', 'type': 'reference', 'referenceTypeName': 'eStructuralFeatures'}" 
},{
	 "source": "63", 
	 "target": "68", 
	 "label": "{'changeType': 'Preserve', 'type': 'reference', 'referenceTypeName': 'eContainingClass'}" 
}]}