{"directed": true, "multigraph": false, "graph": {}, 
  "nodes": [{
	 "id": "0", 
	 "label": "{'changeType': 'Add', 'type': 'object', 'className': 'EClass', 'attributes': {'id': '_Z-OiAd6tEei97MD7GK1RmA', 'name':'HardcodedDomainModelReference','ePackage':'model','abstract':'false','interface':'false','eStructuralFeatures':['controlId'],'eGenericSuperTypes':['org.eclipse.emf.ecore.impl.EGenericTypeImpl@34a03bfc (expression: VDomainModelReference)']}}" 
},{
	 "id": "1", 
	 "label": "{'changeType': 'Preserve', 'type': 'object', 'className': 'EPackage', 'attributes': {'id': '_ZzlYQd6tEei97MD7GK1RmA', 'name':'model','nsURI':'http://org/eclipse/emf/ecp/view/custom/model','nsPrefix':'org.eclipse.emf.ecp.view.custom.model','eFactoryInstance':'org.eclipse.emf.ecore.impl.EFactoryImpl@6ed2c0af','eClassifiers':['PredefinedDomainModelReference']}}" 
},{
	 "id": "2", 
	 "label": "{'changeType': 'Delete', 'type': 'object', 'className': 'EClass', 'attributes': {'id': '_Z9x2Et6tEei97MD7GK1RmA', 'name':'PredefinedDomainModelReference','ePackage':'model','abstract':'false','interface':'false','eStructuralFeatures':['controlId'],'eGenericSuperTypes':['org.eclipse.emf.ecore.impl.EGenericTypeImpl@ccae662 (expression: VDomainModelReference)']}}" 
},{
	 "id": "3", 
	 "label": "{'changeType': 'Preserve', 'type': 'object', 'className': 'EAttribute', 'attributes': {'id': '_Z9VxM96tEei97MD7GK1RmA', 'name':'controlId','ordered':'true','unique':'true','lowerBound':'1','upperBound':'1','many':'false','required':'true','eType':'EString','eGenericType':'org.eclipse.emf.ecore.impl.EGenericTypeImpl@61567e37 (expression: EString)','changeable':'true','volatile':'false','transient':'false','unsettable':'false','derived':'false','eContainingClass':'PredefinedDomainModelReference','iD':'false','eAttributeType':'EString'}}" 
}], 
 "links": [{
	 "source": "1", 
	 "target": "0", 
	 "label": "{'changeType': 'ADD', 'type': 'reference', 'referenceTypeName': 'eClassifiers'}" 
},{
	 "source": "0", 
	 "target": "1", 
	 "label": "{'changeType': 'ADD', 'type': 'reference', 'referenceTypeName': 'ePackage'}" 
},{
	 "source": "1", 
	 "target": "2", 
	 "label": "{'changeType': 'DELETE', 'type': 'reference', 'referenceTypeName': 'eClassifiers'}" 
},{
	 "source": "2", 
	 "target": "1", 
	 "label": "{'changeType': 'DELETE', 'type': 'reference', 'referenceTypeName': 'ePackage'}" 
},{
	 "source": "3", 
	 "target": "0", 
	 "label": "{'changeType': 'Preserve', 'type': 'reference', 'referenceTypeName': 'eStructuralFeatures'}" 
},{
	 "source": "0", 
	 "target": "3", 
	 "label": "{'changeType': 'Preserve', 'type': 'reference', 'referenceTypeName': 'eContainingClass'}" 
}]}