{"directed": true, "multigraph": false, "graph": {}, 
  "nodes": [{
	 "id": "0", 
	 "label": "{'changeType': 'Add', 'type': 'object', 'className': 'EReference', 'attributes': {'id': '_aA7Qtd6tEei97MD7GK1RmA', 'name':'domainModelReferences','ordered':'true','unique':'true','lowerBound':'0','upperBound':'-1','many':'true','required':'false','eType':'DomainModelReference','eGenericType':'org.eclipse.emf.ecore.impl.EGenericTypeImpl@facfb50 (expression: DomainModelReference)','changeable':'true','volatile':'false','transient':'false','unsettable':'false','derived':'false','eContainingClass':'HardcodedDomainModelReference','containment':'true','container':'false','resolveProxies':'true','eReferenceType':'DomainModelReference'}}" 
},{
	 "id": "1", 
	 "label": "{'changeType': 'Preserve', 'type': 'object', 'className': 'EClass', 'attributes': {'id': '_Z-OiAd6tEei97MD7GK1RmA', 'name':'HardcodedDomainModelReference','ePackage':'model','abstract':'false','interface':'false','eStructuralFeatures':['controlId'],'eGenericSuperTypes':['org.eclipse.emf.ecore.impl.EGenericTypeImpl@102dd049 (expression: DomainModelReference)']}}" 
},{
	 "id": "2", 
	 "label": "{'changeType': 'Preserve', 'type': 'object', 'className': 'EPackage', 'attributes': {'id': '_ZzlYQd6tEei97MD7GK1RmA', 'name':'model','nsURI':'http://org/eclipse/emf/ecp/view/custom/model','nsPrefix':'org.eclipse.emf.ecp.view.custom.model','eFactoryInstance':'org.eclipse.emf.ecore.impl.EFactoryImpl@346a34ac','eClassifiers':['HardcodedDomainModelReference']}}" 
},{
	 "id": "3", 
	 "label": "{'changeType': 'Preserve', 'type': 'object', 'className': 'EAttribute', 'attributes': {'id': '_Z9VxM96tEei97MD7GK1RmA', 'name':'controlId','ordered':'true','unique':'true','lowerBound':'1','upperBound':'1','many':'false','required':'true','eType':'EString','eGenericType':'org.eclipse.emf.ecore.impl.EGenericTypeImpl@4780ab1a (expression: EString)','changeable':'true','volatile':'false','transient':'false','unsettable':'false','derived':'false','eContainingClass':'HardcodedDomainModelReference','iD':'false','eAttributeType':'EString'}}" 
}], 
 "links": [{
	 "source": "1", 
	 "target": "0", 
	 "label": "{'changeType': 'ADD', 'type': 'reference', 'referenceTypeName': 'eStructuralFeatures'}" 
},{
	 "source": "0", 
	 "target": "1", 
	 "label": "{'changeType': 'ADD', 'type': 'reference', 'referenceTypeName': 'eContainingClass'}" 
},{
	 "source": "1", 
	 "target": "2", 
	 "label": "{'changeType': 'Preserve', 'type': 'reference', 'referenceTypeName': 'eClassifiers'}" 
},{
	 "source": "2", 
	 "target": "1", 
	 "label": "{'changeType': 'Preserve', 'type': 'reference', 'referenceTypeName': 'ePackage'}" 
},{
	 "source": "3", 
	 "target": "1", 
	 "label": "{'changeType': 'Preserve', 'type': 'reference', 'referenceTypeName': 'eStructuralFeatures'}" 
},{
	 "source": "1", 
	 "target": "3", 
	 "label": "{'changeType': 'Preserve', 'type': 'reference', 'referenceTypeName': 'eContainingClass'}" 
}]}