{"directed": true, "multigraph": false, "graph": {}, 
  "nodes": [{
	 "id": "0", 
	 "label": "{'changeType': 'Add', 'type': 'object', 'className': 'EAttribute', 'attributes': {'id': '_aB9yg96tEei97MD7GK1RmA', 'name':'bundleName','ordered':'true','unique':'true','lowerBound':'1','upperBound':'1','many':'false','required':'true','eType':'EString','eGenericType':'org.eclipse.emf.ecore.impl.EGenericTypeImpl@45f8ea72 (expression: EString)','changeable':'true','volatile':'false','transient':'false','unsettable':'false','derived':'false','eContainingClass':'CustomControl','iD':'false','eAttributeType':'EString'}}" 
},{
	 "id": "1", 
	 "label": "{'changeType': 'Add', 'type': 'object', 'className': 'EClass', 'attributes': {'id': '_aB9ygt6tEei97MD7GK1RmA', 'name':'CustomControl','ePackage':'custom','abstract':'false','interface':'false','eStructuralFeatures':['bundleName','className'],'eGenericSuperTypes':['org.eclipse.emf.ecore.impl.EGenericTypeImpl@7c7cdd35 (expression: Control)']}}" 
},{
	 "id": "2", 
	 "label": "{'changeType': 'Add', 'type': 'object', 'className': 'EAttribute', 'attributes': {'id': '_aB9yhd6tEei97MD7GK1RmA', 'name':'className','ordered':'true','unique':'true','lowerBound':'1','upperBound':'1','many':'false','required':'true','eType':'EString','eGenericType':'org.eclipse.emf.ecore.impl.EGenericTypeImpl@21e20f04 (expression: EString)','changeable':'true','volatile':'false','transient':'false','unsettable':'false','derived':'false','eContainingClass':'CustomControl','iD':'false','eAttributeType':'EString'}}" 
},{
	 "id": "3", 
	 "label": "{'changeType': 'Add', 'type': 'object', 'className': 'EAttribute', 'attributes': {'id': '_aB9yi96tEei97MD7GK1RmA', 'name':'bundleName','ordered':'true','unique':'true','lowerBound':'1','upperBound':'1','many':'false','required':'true','eType':'EString','eGenericType':'org.eclipse.emf.ecore.impl.EGenericTypeImpl@34e1be3 (expression: EString)','changeable':'true','volatile':'false','transient':'false','unsettable':'false','derived':'false','eContainingClass':'CustomDomainModelReference','iD':'false','eAttributeType':'EString'}}" 
},{
	 "id": "4", 
	 "label": "{'changeType': 'Add', 'type': 'object', 'className': 'EClass', 'attributes': {'id': '_aB9yiN6tEei97MD7GK1RmA', 'name':'CustomDomainModelReference','ePackage':'custom','abstract':'false','interface':'false','eStructuralFeatures':['domainModelReferences','bundleName','className','controlChecked'],'eGenericSuperTypes':['org.eclipse.emf.ecore.impl.EGenericTypeImpl@2a58d1a3 (expression: DomainModelReference)']}}" 
},{
	 "id": "5", 
	 "label": "{'changeType': 'Add', 'type': 'object', 'className': 'EAttribute', 'attributes': {'id': '_aB9yjd6tEei97MD7GK1RmA', 'name':'className','ordered':'true','unique':'true','lowerBound':'1','upperBound':'1','many':'false','required':'true','eType':'EString','eGenericType':'org.eclipse.emf.ecore.impl.EGenericTypeImpl@6f5e2a5d (expression: EString)','changeable':'true','volatile':'false','transient':'false','unsettable':'false','derived':'false','eContainingClass':'CustomDomainModelReference','iD':'false','eAttributeType':'EString'}}" 
},{
	 "id": "6", 
	 "label": "{'changeType': 'Delete', 'type': 'object', 'className': 'EAttribute', 'attributes': {'id': '_Z9VxM96tEei97MD7GK1RmA', 'name':'controlId','ordered':'true','unique':'true','lowerBound':'1','upperBound':'1','many':'false','required':'true','eType':'EString','eGenericType':'org.eclipse.emf.ecore.impl.EGenericTypeImpl@75dac066 (expression: EString)','changeable':'true','volatile':'false','transient':'false','unsettable':'false','derived':'false','eContainingClass':'HardcodedDomainModelReference','iD':'false','eAttributeType':'EString'}}" 
},{
	 "id": "7", 
	 "label": "{'changeType': 'Delete', 'type': 'object', 'className': 'EClass', 'attributes': {'id': '_Z-OiAd6tEei97MD7GK1RmA', 'name':'HardcodedDomainModelReference','ePackage':'custom','abstract':'false','interface':'false','eStructuralFeatures':['controlId','domainModelReferences','controlChecked'],'eGenericSuperTypes':['org.eclipse.emf.ecore.impl.EGenericTypeImpl@4d67df6a (expression: DomainModelReference)']}}" 
},{
	 "id": "8", 
	 "label": "{'changeType': 'Preserve', 'type': 'object', 'className': 'EPackage', 'attributes': {'id': '_aBq3kd6tEei97MD7GK1RmA', 'name':'custom','nsURI':'http://org/eclipse/emf/ecp/view/custom/model','nsPrefix':'org.eclipse.emf.ecp.view.custom.model','eFactoryInstance':'org.eclipse.emf.ecore.impl.EFactoryImpl@468c3bef','eClassifiers':['HardcodedDomainModelReference']}}" 
},{
	 "id": "9", 
	 "label": "{'changeType': 'Preserve', 'type': 'object', 'className': 'EReference', 'attributes': {'id': '_aA7Qtd6tEei97MD7GK1RmA', 'name':'domainModelReferences','ordered':'true','unique':'true','lowerBound':'0','upperBound':'-1','many':'true','required':'false','eType':'DomainModelReference','eGenericType':'org.eclipse.emf.ecore.impl.EGenericTypeImpl@7ca12023 (expression: DomainModelReference)','changeable':'true','volatile':'false','transient':'false','unsettable':'false','derived':'false','eContainingClass':'HardcodedDomainModelReference','containment':'true','container':'false','resolveProxies':'true','eReferenceType':'DomainModelReference'}}" 
},{
	 "id": "10", 
	 "label": "{'changeType': 'Preserve', 'type': 'object', 'className': 'EAttribute', 'attributes': {'id': '_aBX8pt6tEei97MD7GK1RmA', 'name':'controlChecked','ordered':'true','unique':'true','lowerBound':'1','upperBound':'1','many':'false','required':'true','eType':'EBoolean','eGenericType':'org.eclipse.emf.ecore.impl.EGenericTypeImpl@41af5e42 (expression: EBoolean)','changeable':'true','volatile':'false','transient':'true','defaultValueLiteral':'false','defaultValue':'false','unsettable':'false','derived':'false','eContainingClass':'HardcodedDomainModelReference','iD':'false','eAttributeType':'EBoolean'}}" 
}], 
 "links": [{
	 "source": "1", 
	 "target": "0", 
	 "label": "{'changeType': 'ADD', 'type': 'reference', 'referenceTypeName': 'eStructuralFeatures'}" 
},{
	 "source": "0", 
	 "target": "1", 
	 "label": "{'changeType': 'ADD', 'type': 'reference', 'referenceTypeName': 'eContainingClass'}" 
},{
	 "source": "1", 
	 "target": "2", 
	 "label": "{'changeType': 'ADD', 'type': 'reference', 'referenceTypeName': 'eStructuralFeatures'}" 
},{
	 "source": "2", 
	 "target": "1", 
	 "label": "{'changeType': 'ADD', 'type': 'reference', 'referenceTypeName': 'eContainingClass'}" 
},{
	 "source": "4", 
	 "target": "3", 
	 "label": "{'changeType': 'ADD', 'type': 'reference', 'referenceTypeName': 'eStructuralFeatures'}" 
},{
	 "source": "3", 
	 "target": "4", 
	 "label": "{'changeType': 'ADD', 'type': 'reference', 'referenceTypeName': 'eContainingClass'}" 
},{
	 "source": "4", 
	 "target": "5", 
	 "label": "{'changeType': 'ADD', 'type': 'reference', 'referenceTypeName': 'eStructuralFeatures'}" 
},{
	 "source": "5", 
	 "target": "4", 
	 "label": "{'changeType': 'ADD', 'type': 'reference', 'referenceTypeName': 'eContainingClass'}" 
},{
	 "source": "7", 
	 "target": "6", 
	 "label": "{'changeType': 'DELETE', 'type': 'reference', 'referenceTypeName': 'eStructuralFeatures'}" 
},{
	 "source": "6", 
	 "target": "7", 
	 "label": "{'changeType': 'DELETE', 'type': 'reference', 'referenceTypeName': 'eContainingClass'}" 
},{
	 "source": "8", 
	 "target": "1", 
	 "label": "{'changeType': 'ADD', 'type': 'reference', 'referenceTypeName': 'eClassifiers'}" 
},{
	 "source": "1", 
	 "target": "8", 
	 "label": "{'changeType': 'ADD', 'type': 'reference', 'referenceTypeName': 'ePackage'}" 
},{
	 "source": "8", 
	 "target": "4", 
	 "label": "{'changeType': 'ADD', 'type': 'reference', 'referenceTypeName': 'eClassifiers'}" 
},{
	 "source": "4", 
	 "target": "8", 
	 "label": "{'changeType': 'ADD', 'type': 'reference', 'referenceTypeName': 'ePackage'}" 
},{
	 "source": "8", 
	 "target": "7", 
	 "label": "{'changeType': 'DELETE', 'type': 'reference', 'referenceTypeName': 'eClassifiers'}" 
},{
	 "source": "7", 
	 "target": "8", 
	 "label": "{'changeType': 'DELETE', 'type': 'reference', 'referenceTypeName': 'ePackage'}" 
},{
	 "source": "9", 
	 "target": "4", 
	 "label": "{'changeType': 'Preserve', 'type': 'reference', 'referenceTypeName': 'eStructuralFeatures'}" 
},{
	 "source": "4", 
	 "target": "9", 
	 "label": "{'changeType': 'Preserve', 'type': 'reference', 'referenceTypeName': 'eContainingClass'}" 
},{
	 "source": "10", 
	 "target": "4", 
	 "label": "{'changeType': 'Preserve', 'type': 'reference', 'referenceTypeName': 'eStructuralFeatures'}" 
},{
	 "source": "4", 
	 "target": "10", 
	 "label": "{'changeType': 'Preserve', 'type': 'reference', 'referenceTypeName': 'eContainingClass'}" 
}]}