{"directed": true, "multigraph": false, "graph": {}, 
  "nodes": [{
	 "id": "0", 
	 "label": "{'changeType': 'Add', 'type': 'object', 'className': 'EAttribute', 'attributes': {'id': '_RUlLrt6tEei97MD7GK1RmA', 'name':'style','ordered':'true','unique':'true','lowerBound':'0','upperBound':'1','many':'false','required':'false','eType':'EString','eGenericType':'org.eclipse.emf.ecore.impl.EGenericTypeImpl@542c6165 (expression: EString)','changeable':'true','volatile':'false','transient':'false','unsettable':'false','derived':'false','eContainingClass':'ApplicationElement','iD':'false','eAttributeType':'EString'}}" 
},{
	 "id": "1", 
	 "label": "{'changeType': 'Preserve', 'type': 'object', 'className': 'EClass', 'attributes': {'id': '_LWKsc96tEei97MD7GK1RmA', 'name':'ApplicationElement','ePackage':'application','abstract':'true','interface':'false','eStructuralFeatures':['id']}}" 
},{
	 "id": "2", 
	 "label": "{'changeType': 'Preserve', 'type': 'object', 'className': 'EPackage', 'attributes': {'id': '_LWKscd6tEei97MD7GK1RmA', 'name':'application','nsURI':'http://www.eclipse.org/ui/2008/UIModel','nsPrefix':'application','eFactoryInstance':'org.eclipse.emf.ecore.impl.EFactoryImpl@3c6dc464','eClassifiers':['V____________ConstantsAndTypes_____________V','SideValue','IEclipseContext','ParameterizedCommand','V____________Abstract_____________V','ApplicationElement','Contribution','Dirtyable','Input','UIElement','...']}}" 
},{
	 "id": "3", 
	 "label": "{'changeType': 'Preserve', 'type': 'object', 'className': 'EClass', 'attributes': {'id': '_Pw0S0t6tEei97MD7GK1RmA', 'name':'V____________ConstantsAndTypes_____________V','ePackage':'application','abstract':'true','interface':'true'}}" 
},{
	 "id": "4", 
	 "label": "{'changeType': 'Preserve', 'type': 'object', 'className': 'EEnum', 'attributes': {'id': '_OumA096tEei97MD7GK1RmA', 'name':'SideValue','defaultValue':'Top','ePackage':'application','serializable':'true','eLiterals':['Top','Bottom','Left','Right']}}" 
},{
	 "id": "5", 
	 "label": "{'changeType': 'Preserve', 'type': 'object', 'className': 'EEnumLiteral', 'attributes': {'id': '_OumA1N6tEei97MD7GK1RmA', 'name':'Top','value':'0','instance':'Top','literal':'Top','eEnum':'SideValue'}}" 
},{
	 "id": "6", 
	 "label": "{'changeType': 'Preserve', 'type': 'object', 'className': 'EEnumLiteral', 'attributes': {'id': '_OumA1d6tEei97MD7GK1RmA', 'name':'Bottom','value':'1','instance':'Bottom','literal':'Bottom','eEnum':'SideValue'}}" 
},{
	 "id": "7", 
	 "label": "{'changeType': 'Preserve', 'type': 'object', 'className': 'EEnumLiteral', 'attributes': {'id': '_OumA1t6tEei97MD7GK1RmA', 'name':'Left','value':'2','instance':'Left','literal':'Left','eEnum':'SideValue'}}" 
},{
	 "id": "8", 
	 "label": "{'changeType': 'Preserve', 'type': 'object', 'className': 'EEnumLiteral', 'attributes': {'id': '_OumA196tEei97MD7GK1RmA', 'name':'Right','value':'3','instance':'Right','literal':'Right','eEnum':'SideValue'}}" 
},{
	 "id": "9", 
	 "label": "{'changeType': 'Preserve', 'type': 'object', 'className': 'EDataType', 'attributes': {'id': '_LWKsn96tEei97MD7GK1RmA', 'name':'IEclipseContext','instanceClassName':'org.eclipse.e4.core.services.context.IEclipseContext','instanceTypeName':'org.eclipse.e4.core.services.context.IEclipseContext','ePackage':'application','serializable':'false'}}" 
},{
	 "id": "10", 
	 "label": "{'changeType': 'Preserve', 'type': 'object', 'className': 'EDataType', 'attributes': {'id': '_LWKsoN6tEei97MD7GK1RmA', 'name':'ParameterizedCommand','instanceClassName':'org.eclipse.core.commands.ParameterizedCommand','instanceClass':'class org.eclipse.core.commands.ParameterizedCommand','instanceTypeName':'org.eclipse.core.commands.ParameterizedCommand','ePackage':'application','serializable':'false'}}" 
},{
	 "id": "11", 
	 "label": "{'changeType': 'Preserve', 'type': 'object', 'className': 'EClass', 'attributes': {'id': '_LWKsct6tEei97MD7GK1RmA', 'name':'V____________Abstract_____________V','ePackage':'application','abstract':'true','interface':'true'}}" 
},{
	 "id": "12", 
	 "label": "{'changeType': 'Preserve', 'type': 'object', 'className': 'EAttribute', 'attributes': {'id': '_LWKsdN6tEei97MD7GK1RmA', 'name':'id','ordered':'true','unique':'true','lowerBound':'0','upperBound':'1','many':'false','required':'false','eType':'EString','eGenericType':'org.eclipse.emf.ecore.impl.EGenericTypeImpl@452a32f2 (expression: EString)','changeable':'true','volatile':'false','transient':'false','unsettable':'false','derived':'false','eContainingClass':'ApplicationElement','iD':'false','eAttributeType':'EString'}}" 
},{
	 "id": "13", 
	 "label": "{'changeType': 'Preserve', 'type': 'object', 'className': 'EClass', 'attributes': {'id': '_LWKsdt6tEei97MD7GK1RmA', 'name':'Contribution','ePackage':'application','abstract':'true','interface':'false','eStructuralFeatures':['URI','object','persistedState'],'eGenericSuperTypes':['org.eclipse.emf.ecore.impl.EGenericTypeImpl@1f2d0ca2 (expression: ApplicationElement)']}}" 
},{
	 "id": "14", 
	 "label": "{'changeType': 'Preserve', 'type': 'object', 'className': 'EAttribute', 'attributes': {'id': '_LWKsd96tEei97MD7GK1RmA', 'name':'URI','ordered':'true','unique':'true','lowerBound':'0','upperBound':'1','many':'false','required':'false','eType':'EString','eGenericType':'org.eclipse.emf.ecore.impl.EGenericTypeImpl@1a1c308b (expression: EString)','changeable':'true','volatile':'false','transient':'false','unsettable':'false','derived':'false','eContainingClass':'Contribution','iD':'false','eAttributeType':'EString'}}" 
},{
	 "id": "15", 
	 "label": "{'changeType': 'Preserve', 'type': 'object', 'className': 'EAttribute', 'attributes': {'id': '_LWKsed6tEei97MD7GK1RmA', 'name':'object','ordered':'true','unique':'true','lowerBound':'0','upperBound':'1','many':'false','required':'false','eType':'EJavaObject','eGenericType':'org.eclipse.emf.ecore.impl.EGenericTypeImpl@7af2ee23 (expression: EJavaObject)','changeable':'true','volatile':'false','transient':'true','unsettable':'false','derived':'false','eContainingClass':'Contribution','iD':'false','eAttributeType':'EJavaObject'}}" 
},{
	 "id": "16", 
	 "label": "{'changeType': 'Preserve', 'type': 'object', 'className': 'EAttribute', 'attributes': {'id': '_LWKse96tEei97MD7GK1RmA', 'name':'persistedState','ordered':'true','unique':'true','lowerBound':'0','upperBound':'1','many':'false','required':'false','eType':'EString','eGenericType':'org.eclipse.emf.ecore.impl.EGenericTypeImpl@267309f7 (expression: EString)','changeable':'true','volatile':'false','transient':'false','unsettable':'false','derived':'false','eContainingClass':'Contribution','iD':'false','eAttributeType':'EString'}}" 
},{
	 "id": "17", 
	 "label": "{'changeType': 'Preserve', 'type': 'object', 'className': 'EClass', 'attributes': {'id': '_N8kuEt6tEei97MD7GK1RmA', 'name':'Dirtyable','ePackage':'application','abstract':'true','interface':'false','eStructuralFeatures':['dirty']}}" 
},{
	 "id": "18", 
	 "label": "{'changeType': 'Preserve', 'type': 'object', 'className': 'EAttribute', 'attributes': {'id': '_MWuxqd6tEei97MD7GK1RmA', 'name':'dirty','ordered':'true','unique':'true','lowerBound':'0','upperBound':'1','many':'false','required':'false','eType':'EBoolean','eGenericType':'org.eclipse.emf.ecore.impl.EGenericTypeImpl@7136ad9a (expression: EBoolean)','changeable':'true','volatile':'false','transient':'true','defaultValue':'false','unsettable':'false','derived':'false','eContainingClass':'Dirtyable','iD':'false','eAttributeType':'EBoolean'}}" 
},{
	 "id": "19", 
	 "label": "{'changeType': 'Preserve', 'type': 'object', 'className': 'EClass', 'attributes': {'id': '_LWKsht6tEei97MD7GK1RmA', 'name':'Input','ePackage':'application','abstract':'true','interface':'false','eStructuralFeatures':['inputURI']}}" 
},{
	 "id": "20", 
	 "label": "{'changeType': 'Preserve', 'type': 'object', 'className': 'EAttribute', 'attributes': {'id': '_LWKsh96tEei97MD7GK1RmA', 'name':'inputURI','ordered':'true','unique':'true','lowerBound':'0','upperBound':'1','many':'false','required':'false','eType':'EString','eGenericType':'org.eclipse.emf.ecore.impl.EGenericTypeImpl@51ac72f7 (expression: EString)','changeable':'true','volatile':'false','transient':'false','unsettable':'false','derived':'false','eContainingClass':'Input','iD':'false','eAttributeType':'EString'}}" 
},{
	 "id": "21", 
	 "label": "{'changeType': 'Preserve', 'type': 'object', 'className': 'EClass', 'attributes': {'id': '_LWKsld6tEei97MD7GK1RmA', 'name':'UIElement','ePackage':'application','abstract':'true','interface':'false','eStructuralFeatures':['widget','renderer','toBeRendered','onTop','visible','parent','containerData'],'eGenericSuperTypes':['org.eclipse.emf.ecore.impl.EGenericTypeImpl@7b9f7087 (expression: ApplicationElement)']}}" 
},{
	 "id": "22", 
	 "label": "{'changeType': 'Preserve', 'type': 'object', 'className': 'EAttribute', 'attributes': {'id': '_LWKslt6tEei97MD7GK1RmA', 'name':'widget','ordered':'true','unique':'true','lowerBound':'0','upperBound':'1','many':'false','required':'false','eType':'EJavaObject','eGenericType':'org.eclipse.emf.ecore.impl.EGenericTypeImpl@30a79476 (expression: EJavaObject)','changeable':'true','volatile':'false','transient':'true','unsettable':'false','derived':'false','eContainingClass':'UIElement','iD':'false','eAttributeType':'EJavaObject'}}" 
},{
	 "id": "23", 
	 "label": "{'changeType': 'Preserve', 'type': 'object', 'className': 'EAttribute', 'attributes': {'id': '_PPxbd96tEei97MD7GK1RmA', 'name':'renderer','ordered':'true','unique':'true','lowerBound':'0','upperBound':'1','many':'false','required':'false','eType':'EJavaObject','eGenericType':'org.eclipse.emf.ecore.impl.EGenericTypeImpl@37f0fb02 (expression: EJavaObject)','changeable':'true','volatile':'false','transient':'true','unsettable':'false','derived':'false','eContainingClass':'UIElement','iD':'false','eAttributeType':'EJavaObject'}}" 
},{
	 "id": "24", 
	 "label": "{'changeType': 'Preserve', 'type': 'object', 'className': 'EAttribute', 'attributes': {'id': '_PPxbed6tEei97MD7GK1RmA', 'name':'toBeRendered','ordered':'true','unique':'true','lowerBound':'0','upperBound':'1','many':'false','required':'false','eType':'EBoolean','eGenericType':'org.eclipse.emf.ecore.impl.EGenericTypeImpl@4a0fc665 (expression: EBoolean)','changeable':'true','volatile':'false','transient':'false','defaultValueLiteral':'true','defaultValue':'true','unsettable':'false','derived':'false','eContainingClass':'UIElement','iD':'false','eAttributeType':'EBoolean'}}" 
},{
	 "id": "25", 
	 "label": "{'changeType': 'Preserve', 'type': 'object', 'className': 'EAttribute', 'attributes': {'id': '_QCOMAt6tEei97MD7GK1RmA', 'name':'onTop','ordered':'true','unique':'true','lowerBound':'0','upperBound':'1','many':'false','required':'false','eType':'EBoolean','eGenericType':'org.eclipse.emf.ecore.impl.EGenericTypeImpl@1067bc4c (expression: EBoolean)','changeable':'true','volatile':'false','transient':'false','defaultValue':'false','unsettable':'false','derived':'false','eContainingClass':'UIElement','iD':'false','eAttributeType':'EBoolean'}}" 
},{
	 "id": "26", 
	 "label": "{'changeType': 'Preserve', 'type': 'object', 'className': 'EAttribute', 'attributes': {'id': '_LWKsmt6tEei97MD7GK1RmA', 'name':'visible','ordered':'true','unique':'true','lowerBound':'0','upperBound':'1','many':'false','required':'false','eType':'EBoolean','eGenericType':'org.eclipse.emf.ecore.impl.EGenericTypeImpl@5de6c7d7 (expression: EBoolean)','changeable':'true','volatile':'false','transient':'false','defaultValueLiteral':'true','defaultValue':'true','unsettable':'false','derived':'false','eContainingClass':'UIElement','iD':'false','eAttributeType':'EBoolean'}}" 
},{
	 "id": "27", 
	 "label": "{'changeType': 'Preserve', 'type': 'object', 'className': 'EReference', 'attributes': {'id': '_LWKsnN6tEei97MD7GK1RmA', 'name':'parent','ordered':'true','unique':'true','lowerBound':'0','upperBound':'1','many':'false','required':'false','eType':'ElementContainer','eGenericType':'org.eclipse.emf.ecore.impl.EGenericTypeImpl@2b370ca9 (expression: ElementContainer<UIElement>)','changeable':'true','volatile':'false','transient':'false','unsettable':'false','derived':'false','eContainingClass':'UIElement','containment':'false','container':'true','resolveProxies':'true','eOpposite':'children','eReferenceType':'ElementContainer'}}" 
},{
	 "id": "28", 
	 "label": "{'changeType': 'Preserve', 'type': 'object', 'className': 'EGenericType', 'attributes': {'id': '//UIElement/parent/@eGenericType', 'eTypeArguments':['org.eclipse.emf.ecore.impl.EGenericTypeImpl@3203a4ae (expression: UIElement)'],'eRawType':'ElementContainer','eClassifier':'ElementContainer'}}" 
},{
	 "id": "29", 
	 "label": "{'changeType': 'Preserve', 'type': 'object', 'className': 'EGenericType', 'attributes': {'id': '_LWKsnt6tEei97MD7GK1RmA', 'eRawType':'UIElement','eClassifier':'UIElement'}}" 
},{
	 "id": "30", 
	 "label": "{'changeType': 'Preserve', 'type': 'object', 'className': 'EAttribute', 'attributes': {'id': '_Qzw9ud6tEei97MD7GK1RmA', 'name':'containerData','ordered':'true','unique':'true','lowerBound':'0','upperBound':'1','many':'false','required':'false','eType':'EString','eGenericType':'org.eclipse.emf.ecore.impl.EGenericTypeImpl@25fc2b8f (expression: EString)','changeable':'true','volatile':'false','transient':'false','unsettable':'false','derived':'false','eContainingClass':'UIElement','iD':'false','eAttributeType':'EString'}}" 
},{
	 "id": "31", 
	 "label": "{'changeType': 'Preserve', 'type': 'object', 'className': 'EClass', 'attributes': {'id': '_PgR8nd6tEei97MD7GK1RmA', 'name':'UILabel','ePackage':'application','abstract':'true','interface':'false','eStructuralFeatures':['label','iconURI','tooltip']}}" 
},{
	 "id": "32", 
	 "label": "{'changeType': 'Preserve', 'type': 'object', 'className': 'EAttribute', 'attributes': {'id': '_PgR8nt6tEei97MD7GK1RmA', 'name':'label','ordered':'true','unique':'true','lowerBound':'0','upperBound':'1','many':'false','required':'false','eType':'EString','eGenericType':'org.eclipse.emf.ecore.impl.EGenericTypeImpl@40f77135 (expression: EString)','changeable':'true','volatile':'false','transient':'false','unsettable':'false','derived':'false','eContainingClass':'UILabel','iD':'false','eAttributeType':'EString'}}" 
},{
	 "id": "33", 
	 "label": "{'changeType': 'Preserve', 'type': 'object', 'className': 'EAttribute', 'attributes': {'id': '_LWKskd6tEei97MD7GK1RmA', 'name':'iconURI','ordered':'true','unique':'true','lowerBound':'0','upperBound':'1','many':'false','required':'false','eType':'EString','eGenericType':'org.eclipse.emf.ecore.impl.EGenericTypeImpl@5bbf3869 (expression: EString)','changeable':'true','volatile':'false','transient':'false','unsettable':'false','derived':'false','eContainingClass':'UILabel','iD':'false','eAttributeType':'EString'}}" 
},{
	 "id": "34", 
	 "label": "{'changeType': 'Preserve', 'type': 'object', 'className': 'EAttribute', 'attributes': {'id': '_LWKsk96tEei97MD7GK1RmA', 'name':'tooltip','ordered':'true','unique':'true','lowerBound':'0','upperBound':'1','many':'false','required':'false','eType':'EString','eGenericType':'org.eclipse.emf.ecore.impl.EGenericTypeImpl@1f5a1ad4 (expression: EString)','changeable':'true','volatile':'false','transient':'false','unsettable':'false','derived':'false','eContainingClass':'UILabel','iD':'false','eAttributeType':'EString'}}" 
},{
	 "id": "35", 
	 "label": "{'changeType': 'Preserve', 'type': 'object', 'className': 'EClass', 'attributes': {'id': '_LWKsod6tEei97MD7GK1RmA', 'name':'Context','ePackage':'application','abstract':'true','interface':'false','eStructuralFeatures':['context','variables']}}" 
},{
	 "id": "36", 
	 "label": "{'changeType': 'Preserve', 'type': 'object', 'className': 'EAttribute', 'attributes': {'id': '_LWKsot6tEei97MD7GK1RmA', 'name':'context','ordered':'true','unique':'true','lowerBound':'0','upperBound':'1','many':'false','required':'false','eType':'IEclipseContext','eGenericType':'org.eclipse.emf.ecore.impl.EGenericTypeImpl@3c130cb2 (expression: IEclipseContext)','changeable':'true','volatile':'false','transient':'true','unsettable':'false','derived':'false','eContainingClass':'Context','iD':'false','eAttributeType':'IEclipseContext'}}" 
},{
	 "id": "37", 
	 "label": "{'changeType': 'Preserve', 'type': 'object', 'className': 'EAttribute', 'attributes': {'id': '_LWKso96tEei97MD7GK1RmA', 'name':'variables','ordered':'false','unique':'true','lowerBound':'0','upperBound':'-1','many':'true','required':'false','eType':'EString','eGenericType':'org.eclipse.emf.ecore.impl.EGenericTypeImpl@471d6571 (expression: EString)','changeable':'true','volatile':'false','transient':'false','unsettable':'false','derived':'false','eContainingClass':'Context','iD':'false','eAttributeType':'EString'}}" 
},{
	 "id": "38", 
	 "label": "{'changeType': 'Preserve', 'type': 'object', 'className': 'EClass', 'attributes': {'id': '_LWKspd6tEei97MD7GK1RmA', 'name':'V_________AbstractContainers__________V','ePackage':'application','abstract':'true','interface':'true'}}" 
},{
	 "id": "39", 
	 "label": "{'changeType': 'Preserve', 'type': 'object', 'className': 'EClass', 'attributes': {'id': '_LWKspt6tEei97MD7GK1RmA', 'name':'ElementContainer','ePackage':'application','eTypeParameters':['T'],'abstract':'true','interface':'false','eStructuralFeatures':['children','activeChild'],'eGenericSuperTypes':['org.eclipse.emf.ecore.impl.EGenericTypeImpl@77a1df4d (expression: UIElement)']}}" 
},{
	 "id": "40", 
	 "label": "{'changeType': 'Preserve', 'type': 'object', 'className': 'ETypeParameter', 'attributes': {'id': '_LWKsp96tEei97MD7GK1RmA', 'name':'T','eBounds':['org.eclipse.emf.ecore.impl.EGenericTypeImpl@244c0fbe (expression: UIElement)']}}" 
},{
	 "id": "41", 
	 "label": "{'changeType': 'Preserve', 'type': 'object', 'className': 'EReference', 'attributes': {'id': '_LWKsqd6tEei97MD7GK1RmA', 'name':'children','ordered':'true','unique':'true','lowerBound':'0','upperBound':'-1','many':'true','required':'false','eType':'UIElement','eGenericType':'org.eclipse.emf.ecore.impl.EGenericTypeImpl@1188e08b (expression: T)','changeable':'true','volatile':'false','transient':'false','unsettable':'false','derived':'false','eContainingClass':'ElementContainer','containment':'true','container':'false','resolveProxies':'true','eOpposite':'parent','eReferenceType':'UIElement'}}" 
},{
	 "id": "42", 
	 "label": "{'changeType': 'Preserve', 'type': 'object', 'className': 'EReference', 'attributes': {'id': '_LWKsq96tEei97MD7GK1RmA', 'name':'activeChild','ordered':'true','unique':'true','lowerBound':'0','upperBound':'1','many':'false','required':'false','eType':'UIElement','eGenericType':'org.eclipse.emf.ecore.impl.EGenericTypeImpl@5694f6a0 (expression: T)','changeable':'true','volatile':'false','transient':'false','unsettable':'false','derived':'false','eContainingClass':'ElementContainer','containment':'false','container':'false','resolveProxies':'true','eReferenceType':'UIElement'}}" 
},{
	 "id": "43", 
	 "label": "{'changeType': 'Preserve', 'type': 'object', 'className': 'EClass', 'attributes': {'id': '_Qzw9zt6tEei97MD7GK1RmA', 'name':'GenericStack','ePackage':'application','eTypeParameters':['T'],'abstract':'true','interface':'false','eGenericSuperTypes':['org.eclipse.emf.ecore.impl.EGenericTypeImpl@52a8f789 (expression: ElementContainer<T>)']}}" 
},{
	 "id": "44", 
	 "label": "{'changeType': 'Preserve', 'type': 'object', 'className': 'ETypeParameter', 'attributes': {'id': '_Qzw9z96tEei97MD7GK1RmA', 'name':'T','eBounds':['org.eclipse.emf.ecore.impl.EGenericTypeImpl@237824b0 (expression: UIElement)']}}" 
},{
	 "id": "45", 
	 "label": "{'changeType': 'Preserve', 'type': 'object', 'className': 'EGenericType', 'attributes': {'id': '//GenericStack/@eGenericSuperTypes.0', 'eTypeArguments':['org.eclipse.emf.ecore.impl.EGenericTypeImpl@5345552f (expression: T)'],'eRawType':'ElementContainer','eClassifier':'ElementContainer'}}" 
},{
	 "id": "46", 
	 "label": "{'changeType': 'Preserve', 'type': 'object', 'className': 'EGenericType', 'attributes': {'id': '_Qzw91t6tEei97MD7GK1RmA', 'eRawType':'UIElement','eTypeParameter':'T'}}" 
},{
	 "id": "47", 
	 "label": "{'changeType': 'Preserve', 'type': 'object', 'className': 'EClass', 'attributes': {'id': '_LWKsrd6tEei97MD7GK1RmA', 'name':'GenericTile','ePackage':'application','eTypeParameters':['T'],'abstract':'true','interface':'false','eStructuralFeatures':['horizontal'],'eGenericSuperTypes':['org.eclipse.emf.ecore.impl.EGenericTypeImpl@46ae897c (expression: ElementContainer<T>)']}}" 
},{
	 "id": "48", 
	 "label": "{'changeType': 'Preserve', 'type': 'object', 'className': 'ETypeParameter', 'attributes': {'id': '_LWKsrt6tEei97MD7GK1RmA', 'name':'T','eBounds':['org.eclipse.emf.ecore.impl.EGenericTypeImpl@2284058a (expression: UIElement)']}}" 
},{
	 "id": "49", 
	 "label": "{'changeType': 'Preserve', 'type': 'object', 'className': 'EAttribute', 'attributes': {'id': '_LWKsst6tEei97MD7GK1RmA', 'name':'horizontal','ordered':'true','unique':'true','lowerBound':'0','upperBound':'1','many':'false','required':'false','eType':'EBoolean','eGenericType':'org.eclipse.emf.ecore.impl.EGenericTypeImpl@5cf39df6 (expression: EBoolean)','changeable':'true','volatile':'false','transient':'false','defaultValue':'false','unsettable':'false','derived':'false','eContainingClass':'GenericTile','iD':'false','eAttributeType':'EBoolean'}}" 
},{
	 "id": "50", 
	 "label": "{'changeType': 'Preserve', 'type': 'object', 'className': 'EGenericType', 'attributes': {'id': '//GenericTile/@eGenericSuperTypes.0', 'eTypeArguments':['org.eclipse.emf.ecore.impl.EGenericTypeImpl@44846c76 (expression: T)'],'eRawType':'ElementContainer','eClassifier':'ElementContainer'}}" 
},{
	 "id": "51", 
	 "label": "{'changeType': 'Preserve', 'type': 'object', 'className': 'EGenericType', 'attributes': {'id': '_LWKstd6tEei97MD7GK1RmA', 'eRawType':'UIElement','eTypeParameter':'T'}}" 
},{
	 "id": "52", 
	 "label": "{'changeType': 'Preserve', 'type': 'object', 'className': 'EClass', 'attributes': {'id': '_Pw0TE96tEei97MD7GK1RmA', 'name':'V______________MenusAndTBs_______________V','ePackage':'application','abstract':'true','interface':'true'}}" 
},{
	 "id": "53", 
	 "label": "{'changeType': 'Preserve', 'type': 'object', 'className': 'EClass', 'attributes': {'id': '_LWKsz96tEei97MD7GK1RmA', 'name':'Item','ePackage':'application','abstract':'false','interface':'false','eStructuralFeatures':['enabled','selected','separator'],'eGenericSuperTypes':['org.eclipse.emf.ecore.impl.EGenericTypeImpl@634d56eb (expression: UIElement)','org.eclipse.emf.ecore.impl.EGenericTypeImpl@4cd7128 (expression: UILabel)']}}" 
},{
	 "id": "54", 
	 "label": "{'changeType': 'Preserve', 'type': 'object', 'className': 'EAttribute', 'attributes': {'id': '_LWKs0N6tEei97MD7GK1RmA', 'name':'enabled','ordered':'true','unique':'true','lowerBound':'0','upperBound':'1','many':'false','required':'false','eType':'EBoolean','eGenericType':'org.eclipse.emf.ecore.impl.EGenericTypeImpl@25af1dbf (expression: EBoolean)','changeable':'true','volatile':'false','transient':'false','defaultValueLiteral':'true','defaultValue':'true','unsettable':'false','derived':'false','eContainingClass':'Item','iD':'false','eAttributeType':'EBoolean'}}" 
},{
	 "id": "55", 
	 "label": "{'changeType': 'Preserve', 'type': 'object', 'className': 'EAttribute', 'attributes': {'id': '_LWKs0t6tEei97MD7GK1RmA', 'name':'selected','ordered':'true','unique':'true','lowerBound':'0','upperBound':'1','many':'false','required':'false','eType':'EBoolean','eGenericType':'org.eclipse.emf.ecore.impl.EGenericTypeImpl@43778d6d (expression: EBoolean)','changeable':'true','volatile':'false','transient':'false','defaultValue':'false','unsettable':'false','derived':'false','eContainingClass':'Item','iD':'false','eAttributeType':'EBoolean'}}" 
},{
	 "id": "56", 
	 "label": "{'changeType': 'Preserve', 'type': 'object', 'className': 'EAttribute', 'attributes': {'id': '_LWKs1N6tEei97MD7GK1RmA', 'name':'separator','ordered':'true','unique':'true','lowerBound':'0','upperBound':'1','many':'false','required':'false','eType':'EBoolean','eGenericType':'org.eclipse.emf.ecore.impl.EGenericTypeImpl@19b33b0d (expression: EBoolean)','changeable':'true','volatile':'false','transient':'false','defaultValue':'false','unsettable':'false','derived':'false','eContainingClass':'Item','iD':'false','eAttributeType':'EBoolean'}}" 
},{
	 "id": "57", 
	 "label": "{'changeType': 'Preserve', 'type': 'object', 'className': 'EClass', 'attributes': {'id': '_LWKs296tEei97MD7GK1RmA', 'name':'MenuItem','ePackage':'application','abstract':'false','interface':'false','eGenericSuperTypes':['org.eclipse.emf.ecore.impl.EGenericTypeImpl@38dc1c50 (expression: Menu)','org.eclipse.emf.ecore.impl.EGenericTypeImpl@2da8ed80 (expression: Item)']}}" 
},{
	 "id": "58", 
	 "label": "{'changeType': 'Preserve', 'type': 'object', 'className': 'EClass', 'attributes': {'id': '_NZlWKt6tEei97MD7GK1RmA', 'name':'DirectMenuItem','ePackage':'application','abstract':'false','interface':'false','eGenericSuperTypes':['org.eclipse.emf.ecore.impl.EGenericTypeImpl@d695f9d (expression: Contribution)','org.eclipse.emf.ecore.impl.EGenericTypeImpl@7daf167 (expression: MenuItem)']}}" 
},{
	 "id": "59", 
	 "label": "{'changeType': 'Preserve', 'type': 'object', 'className': 'EClass', 'attributes': {'id': '_LWKs3N6tEei97MD7GK1RmA', 'name':'Menu','ePackage':'application','abstract':'false','interface':'false','eGenericSuperTypes':['org.eclipse.emf.ecore.impl.EGenericTypeImpl@735b1ad2 (expression: UIElement)','org.eclipse.emf.ecore.impl.EGenericTypeImpl@34893693 (expression: ElementContainer<MenuItem>)']}}" 
},{
	 "id": "60", 
	 "label": "{'changeType': 'Preserve', 'type': 'object', 'className': 'EGenericType', 'attributes': {'id': '//Menu/@eGenericSuperTypes.1', 'eTypeArguments':['org.eclipse.emf.ecore.impl.EGenericTypeImpl@6408a8ac (expression: MenuItem)'],'eRawType':'ElementContainer','eClassifier':'ElementContainer'}}" 
},{
	 "id": "61", 
	 "label": "{'changeType': 'Preserve', 'type': 'object', 'className': 'EGenericType', 'attributes': {'id': '_LWKs396tEei97MD7GK1RmA', 'eRawType':'MenuItem','eClassifier':'MenuItem'}}" 
},{
	 "id": "62", 
	 "label": "{'changeType': 'Preserve', 'type': 'object', 'className': 'EClass', 'attributes': {'id': '_LWKs4N6tEei97MD7GK1RmA', 'name':'ToolItem','ePackage':'application','abstract':'false','interface':'false','eGenericSuperTypes':['org.eclipse.emf.ecore.impl.EGenericTypeImpl@456c53a (expression: Item)','org.eclipse.emf.ecore.impl.EGenericTypeImpl@7916568d (expression: ElementContainer<MenuItem>)']}}" 
},{
	 "id": "63", 
	 "label": "{'changeType': 'Preserve', 'type': 'object', 'className': 'EGenericType', 'attributes': {'id': '//ToolItem/@eGenericSuperTypes.1', 'eTypeArguments':['org.eclipse.emf.ecore.impl.EGenericTypeImpl@58fadccb (expression: MenuItem)'],'eRawType':'ElementContainer','eClassifier':'ElementContainer'}}" 
},{
	 "id": "64", 
	 "label": "{'changeType': 'Preserve', 'type': 'object', 'className': 'EGenericType', 'attributes': {'id': '_OumBW96tEei97MD7GK1RmA', 'eRawType':'MenuItem','eClassifier':'MenuItem'}}" 
},{
	 "id": "65", 
	 "label": "{'changeType': 'Preserve', 'type': 'object', 'className': 'EClass', 'attributes': {'id': '_NZlWNd6tEei97MD7GK1RmA', 'name':'DirectToolItem','ePackage':'application','abstract':'false','interface':'false','eGenericSuperTypes':['org.eclipse.emf.ecore.impl.EGenericTypeImpl@43d2c8e3 (expression: Contribution)','org.eclipse.emf.ecore.impl.EGenericTypeImpl@8bb5c2a (expression: ToolItem)']}}" 
},{
	 "id": "66", 
	 "label": "{'changeType': 'Preserve', 'type': 'object', 'className': 'EClass', 'attributes': {'id': '_LWKs5N6tEei97MD7GK1RmA', 'name':'ToolBar','ePackage':'application','abstract':'false','interface':'false','eGenericSuperTypes':['org.eclipse.emf.ecore.impl.EGenericTypeImpl@a5df98c (expression: UIElement)','org.eclipse.emf.ecore.impl.EGenericTypeImpl@5f1dadf4 (expression: ElementContainer<ToolItem>)']}}" 
},{
	 "id": "67", 
	 "label": "{'changeType': 'Preserve', 'type': 'object', 'className': 'EGenericType', 'attributes': {'id': '//ToolBar/@eGenericSuperTypes.1', 'eTypeArguments':['org.eclipse.emf.ecore.impl.EGenericTypeImpl@d15f031 (expression: ToolItem)'],'eRawType':'ElementContainer','eClassifier':'ElementContainer'}}" 
},{
	 "id": "68", 
	 "label": "{'changeType': 'Preserve', 'type': 'object', 'className': 'EGenericType', 'attributes': {'id': '_LWKs596tEei97MD7GK1RmA', 'eRawType':'ToolItem','eClassifier':'ToolItem'}}" 
},{
	 "id": "69", 
	 "label": "{'changeType': 'Preserve', 'type': 'object', 'className': 'EClass', 'attributes': {'id': '_LWKsyN6tEei97MD7GK1RmA', 'name':'V______________RCP_______________V','ePackage':'application','abstract':'true','interface':'true'}}" 
},{
	 "id": "70", 
	 "label": "{'changeType': 'Preserve', 'type': 'object', 'className': 'EClass', 'attributes': {'id': '_LWKsyd6tEei97MD7GK1RmA', 'name':'Application','ePackage':'application','abstract':'false','interface':'false','eStructuralFeatures':['commands'],'eGenericSuperTypes':['org.eclipse.emf.ecore.impl.EGenericTypeImpl@30dd23e2 (expression: Context)','org.eclipse.emf.ecore.impl.EGenericTypeImpl@88fc9cb (expression: ElementContainer<Window>)','org.eclipse.emf.ecore.impl.EGenericTypeImpl@39a1c200 (expression: HandlerContainer)','...']}}" 
},{
	 "id": "71", 
	 "label": "{'changeType': 'Preserve', 'type': 'object', 'className': 'EReference', 'attributes': {'id': '_LWKsyt6tEei97MD7GK1RmA', 'name':'commands','ordered':'true','unique':'true','lowerBound':'0','upperBound':'-1','many':'true','required':'false','eType':'Command','eGenericType':'org.eclipse.emf.ecore.impl.EGenericTypeImpl@ccea4be (expression: Command)','changeable':'true','volatile':'false','transient':'false','unsettable':'false','derived':'false','eContainingClass':'Application','containment':'true','container':'false','resolveProxies':'true','eReferenceType':'Command'}}" 
},{
	 "id": "72", 
	 "label": "{'changeType': 'Preserve', 'type': 'object', 'className': 'EGenericType', 'attributes': {'id': '//Application/@eGenericSuperTypes.1', 'eTypeArguments':['org.eclipse.emf.ecore.impl.EGenericTypeImpl@75693526 (expression: Window)'],'eRawType':'ElementContainer','eClassifier':'ElementContainer'}}" 
},{
	 "id": "73", 
	 "label": "{'changeType': 'Preserve', 'type': 'object', 'className': 'EGenericType', 'attributes': {'id': '_LWKszd6tEei97MD7GK1RmA', 'eRawType':'Window','eClassifier':'Window'}}" 
},{
	 "id": "74", 
	 "label": "{'changeType': 'Preserve', 'type': 'object', 'className': 'EClass', 'attributes': {'id': '_LWKs6N6tEei97MD7GK1RmA', 'name':'PSCElement','ePackage':'application','abstract':'true','interface':'true','eGenericSuperTypes':['org.eclipse.emf.ecore.impl.EGenericTypeImpl@2af1bf5a (expression: UIElement)']}}" 
},{
	 "id": "75", 
	 "label": "{'changeType': 'Preserve', 'type': 'object', 'className': 'EClass', 'attributes': {'id': '_LWKs6d6tEei97MD7GK1RmA', 'name':'Part','ePackage':'application','abstract':'false','interface':'false','eStructuralFeatures':['menus','toolbar'],'eGenericSuperTypes':['org.eclipse.emf.ecore.impl.EGenericTypeImpl@2c5b4b91 (expression: Contribution)','org.eclipse.emf.ecore.impl.EGenericTypeImpl@51eeae0a (expression: Context)','org.eclipse.emf.ecore.impl.EGenericTypeImpl@76c2d002 (expression: PSCElement)','...']}}" 
},{
	 "id": "76", 
	 "label": "{'changeType': 'Preserve', 'type': 'object', 'className': 'EReference', 'attributes': {'id': '_LWKs6t6tEei97MD7GK1RmA', 'name':'menus','ordered':'true','unique':'true','lowerBound':'0','upperBound':'-1','many':'true','required':'false','eType':'Menu','eGenericType':'org.eclipse.emf.ecore.impl.EGenericTypeImpl@793248d (expression: Menu)','changeable':'true','volatile':'false','transient':'false','unsettable':'false','derived':'false','eContainingClass':'Part','containment':'true','container':'false','resolveProxies':'true','eReferenceType':'Menu'}}" 
},{
	 "id": "77", 
	 "label": "{'changeType': 'Preserve', 'type': 'object', 'className': 'EReference', 'attributes': {'id': '_LWKs696tEei97MD7GK1RmA', 'name':'toolbar','ordered':'true','unique':'true','lowerBound':'0','upperBound':'1','many':'false','required':'false','eType':'ToolBar','eGenericType':'org.eclipse.emf.ecore.impl.EGenericTypeImpl@768f2398 (expression: ToolBar)','changeable':'true','volatile':'false','transient':'false','unsettable':'false','derived':'false','eContainingClass':'Part','containment':'true','container':'false','resolveProxies':'true','eReferenceType':'ToolBar'}}" 
},{
	 "id": "78", 
	 "label": "{'changeType': 'Preserve', 'type': 'object', 'className': 'EClass', 'attributes': {'id': '_N8kulN6tEei97MD7GK1RmA', 'name':'SaveablePart','ePackage':'application','abstract':'false','interface':'false','eGenericSuperTypes':['org.eclipse.emf.ecore.impl.EGenericTypeImpl@1e65c4d (expression: Part)','org.eclipse.emf.ecore.impl.EGenericTypeImpl@6b888692 (expression: Dirtyable)']}}" 
},{
	 "id": "79", 
	 "label": "{'changeType': 'Preserve', 'type': 'object', 'className': 'EClass', 'attributes': {'id': '_LWKs7N6tEei97MD7GK1RmA', 'name':'PartStack','ePackage':'application','abstract':'false','interface':'false','eGenericSuperTypes':['org.eclipse.emf.ecore.impl.EGenericTypeImpl@61a17f3 (expression: UIElement)','org.eclipse.emf.ecore.impl.EGenericTypeImpl@352d3749 (expression: PSCElement)','org.eclipse.emf.ecore.impl.EGenericTypeImpl@1a3e8b68 (expression: GenericStack<Part>)']}}" 
},{
	 "id": "80", 
	 "label": "{'changeType': 'Preserve', 'type': 'object', 'className': 'EGenericType', 'attributes': {'id': '//PartStack/@eGenericSuperTypes.2', 'eTypeArguments':['org.eclipse.emf.ecore.impl.EGenericTypeImpl@5935eb9c (expression: Part)'],'eRawType':'GenericStack','eClassifier':'GenericStack'}}" 
},{
	 "id": "81", 
	 "label": "{'changeType': 'Preserve', 'type': 'object', 'className': 'EGenericType', 'attributes': {'id': '_Qzw-Bt6tEei97MD7GK1RmA', 'eRawType':'Part','eClassifier':'Part'}}" 
},{
	 "id": "82", 
	 "label": "{'changeType': 'Preserve', 'type': 'object', 'className': 'EClass', 'attributes': {'id': '_LWKs8d6tEei97MD7GK1RmA', 'name':'PartSashContainer','ePackage':'application','abstract':'false','interface':'false','eGenericSuperTypes':['org.eclipse.emf.ecore.impl.EGenericTypeImpl@538d2308 (expression: GenericTile<PSCElement>)','org.eclipse.emf.ecore.impl.EGenericTypeImpl@4b99f2ed (expression: PSCElement)']}}" 
},{
	 "id": "83", 
	 "label": "{'changeType': 'Preserve', 'type': 'object', 'className': 'EGenericType', 'attributes': {'id': '//PartSashContainer/@eGenericSuperTypes.0', 'eTypeArguments':['org.eclipse.emf.ecore.impl.EGenericTypeImpl@3d0697da (expression: PSCElement)'],'eRawType':'GenericTile','eClassifier':'GenericTile'}}" 
},{
	 "id": "84", 
	 "label": "{'changeType': 'Preserve', 'type': 'object', 'className': 'EGenericType', 'attributes': {'id': '_LWKs896tEei97MD7GK1RmA', 'eRawType':'PSCElement','eClassifier':'PSCElement'}}" 
},{
	 "id": "85", 
	 "label": "{'changeType': 'Preserve', 'type': 'object', 'className': 'EClass', 'attributes': {'id': '_LWKs9d6tEei97MD7GK1RmA', 'name':'Window','ePackage':'application','abstract':'false','interface':'false','eStructuralFeatures':['mainMenu','x','y','width','height'],'eGenericSuperTypes':['org.eclipse.emf.ecore.impl.EGenericTypeImpl@5d3d5242 (expression: UILabel)','org.eclipse.emf.ecore.impl.EGenericTypeImpl@1a5c0b8 (expression: ElementContainer<PSCElement>)','org.eclipse.emf.ecore.impl.EGenericTypeImpl@3f2feab7 (expression: Context)','...']}}" 
},{
	 "id": "86", 
	 "label": "{'changeType': 'Preserve', 'type': 'object', 'className': 'EReference', 'attributes': {'id': '_LWKs9t6tEei97MD7GK1RmA', 'name':'mainMenu','ordered':'true','unique':'true','lowerBound':'0','upperBound':'1','many':'false','required':'false','eType':'Menu','eGenericType':'org.eclipse.emf.ecore.impl.EGenericTypeImpl@41ae9f11 (expression: Menu)','changeable':'true','volatile':'false','transient':'false','unsettable':'false','derived':'false','eContainingClass':'Window','containment':'true','container':'false','resolveProxies':'true','eReferenceType':'Menu'}}" 
},{
	 "id": "87", 
	 "label": "{'changeType': 'Preserve', 'type': 'object', 'className': 'EAttribute', 'attributes': {'id': '_LWKs996tEei97MD7GK1RmA', 'name':'x','ordered':'true','unique':'true','lowerBound':'0','upperBound':'1','many':'false','required':'false','eType':'EInt','eGenericType':'org.eclipse.emf.ecore.impl.EGenericTypeImpl@33efa7d4 (expression: EInt)','changeable':'true','volatile':'false','transient':'false','defaultValue':'0','unsettable':'false','derived':'false','eContainingClass':'Window','iD':'false','eAttributeType':'EInt'}}" 
},{
	 "id": "88", 
	 "label": "{'changeType': 'Preserve', 'type': 'object', 'className': 'EAttribute', 'attributes': {'id': '_LWKs-d6tEei97MD7GK1RmA', 'name':'y','ordered':'true','unique':'true','lowerBound':'0','upperBound':'1','many':'false','required':'false','eType':'EInt','eGenericType':'org.eclipse.emf.ecore.impl.EGenericTypeImpl@356cb230 (expression: EInt)','changeable':'true','volatile':'false','transient':'false','defaultValue':'0','unsettable':'false','derived':'false','eContainingClass':'Window','iD':'false','eAttributeType':'EInt'}}" 
},{
	 "id": "89", 
	 "label": "{'changeType': 'Preserve', 'type': 'object', 'className': 'EAttribute', 'attributes': {'id': '_LWKs-96tEei97MD7GK1RmA', 'name':'width','ordered':'true','unique':'true','lowerBound':'0','upperBound':'1','many':'false','required':'false','eType':'EInt','eGenericType':'org.eclipse.emf.ecore.impl.EGenericTypeImpl@1e284d90 (expression: EInt)','changeable':'true','volatile':'false','transient':'false','defaultValue':'0','unsettable':'false','derived':'false','eContainingClass':'Window','iD':'false','eAttributeType':'EInt'}}" 
},{
	 "id": "90", 
	 "label": "{'changeType': 'Preserve', 'type': 'object', 'className': 'EAttribute', 'attributes': {'id': '_LWKs_d6tEei97MD7GK1RmA', 'name':'height','ordered':'true','unique':'true','lowerBound':'0','upperBound':'1','many':'false','required':'false','eType':'EInt','eGenericType':'org.eclipse.emf.ecore.impl.EGenericTypeImpl@31ecd003 (expression: EInt)','changeable':'true','volatile':'false','transient':'false','defaultValue':'0','unsettable':'false','derived':'false','eContainingClass':'Window','iD':'false','eAttributeType':'EInt'}}" 
},{
	 "id": "91", 
	 "label": "{'changeType': 'Preserve', 'type': 'object', 'className': 'EGenericType', 'attributes': {'id': '//Window/@eGenericSuperTypes.1', 'eTypeArguments':['org.eclipse.emf.ecore.impl.EGenericTypeImpl@6894436e (expression: PSCElement)'],'eRawType':'ElementContainer','eClassifier':'ElementContainer'}}" 
},{
	 "id": "92", 
	 "label": "{'changeType': 'Preserve', 'type': 'object', 'className': 'EGenericType', 'attributes': {'id': '_LWKtAd6tEei97MD7GK1RmA', 'eRawType':'PSCElement','eClassifier':'PSCElement'}}" 
},{
	 "id": "93", 
	 "label": "{'changeType': 'Preserve', 'type': 'object', 'className': 'EClass', 'attributes': {'id': '_Pw0TUt6tEei97MD7GK1RmA', 'name':'V______________Commands_______________V','ePackage':'application','abstract':'true','interface':'true'}}" 
},{
	 "id": "94", 
	 "label": "{'changeType': 'Preserve', 'type': 'object', 'className': 'EClass', 'attributes': {'id': '_NqSEzd6tEei97MD7GK1RmA', 'name':'BindingContainer','ePackage':'application','abstract':'true','interface':'true','eStructuralFeatures':['bindings']}}" 
},{
	 "id": "95", 
	 "label": "{'changeType': 'Preserve', 'type': 'object', 'className': 'EReference', 'attributes': {'id': '_NqSEzt6tEei97MD7GK1RmA', 'name':'bindings','ordered':'true','unique':'true','lowerBound':'0','upperBound':'-1','many':'true','required':'false','eType':'KeyBinding','eGenericType':'org.eclipse.emf.ecore.impl.EGenericTypeImpl@ae85aad (expression: KeyBinding)','changeable':'true','volatile':'false','transient':'false','unsettable':'false','derived':'false','eContainingClass':'BindingContainer','containment':'true','container':'false','resolveProxies':'true','eReferenceType':'KeyBinding'}}" 
},{
	 "id": "96", 
	 "label": "{'changeType': 'Preserve', 'type': 'object', 'className': 'EClass', 'attributes': {'id': '_LWKsfd6tEei97MD7GK1RmA', 'name':'Command','ePackage':'application','abstract':'false','interface':'false','eStructuralFeatures':['commandName','description','parameters'],'eGenericSuperTypes':['org.eclipse.emf.ecore.impl.EGenericTypeImpl@6e161cea (expression: ApplicationElement)']}}" 
},{
	 "id": "97", 
	 "label": "{'changeType': 'Preserve', 'type': 'object', 'className': 'EAttribute', 'attributes': {'id': '_LWKshN6tEei97MD7GK1RmA', 'name':'commandName','ordered':'true','unique':'true','lowerBound':'0','upperBound':'1','many':'false','required':'false','eType':'EString','eGenericType':'org.eclipse.emf.ecore.impl.EGenericTypeImpl@27a23d87 (expression: EString)','changeable':'true','volatile':'false','transient':'false','unsettable':'false','derived':'false','eContainingClass':'Command','iD':'false','eAttributeType':'EString'}}" 
},{
	 "id": "98", 
	 "label": "{'changeType': 'Preserve', 'type': 'object', 'className': 'EAttribute', 'attributes': {'id': '_M4sPL96tEei97MD7GK1RmA', 'name':'description','ordered':'true','unique':'true','lowerBound':'0','upperBound':'1','many':'false','required':'false','eType':'EString','eGenericType':'org.eclipse.emf.ecore.impl.EGenericTypeImpl@2cbae0f1 (expression: EString)','changeable':'true','volatile':'false','transient':'false','unsettable':'false','derived':'false','eContainingClass':'Command','iD':'false','eAttributeType':'EString'}}" 
},{
	 "id": "99", 
	 "label": "{'changeType': 'Preserve', 'type': 'object', 'className': 'EReference', 'attributes': {'id': '_ONNLEt6tEei97MD7GK1RmA', 'name':'parameters','ordered':'true','unique':'true','lowerBound':'0','upperBound':'-1','many':'true','required':'false','eType':'CommandParameter','eGenericType':'org.eclipse.emf.ecore.impl.EGenericTypeImpl@737ae41a (expression: CommandParameter)','changeable':'true','volatile':'false','transient':'false','unsettable':'false','derived':'false','eContainingClass':'Command','containment':'true','container':'false','resolveProxies':'true','eReferenceType':'CommandParameter'}}" 
},{
	 "id": "100", 
	 "label": "{'changeType': 'Preserve', 'type': 'object', 'className': 'EClass', 'attributes': {'id': '_ONNLE96tEei97MD7GK1RmA', 'name':'CommandParameter','ePackage':'application','abstract':'false','interface':'false','eStructuralFeatures':['name','typeId','optional'],'eGenericSuperTypes':['org.eclipse.emf.ecore.impl.EGenericTypeImpl@55d98bbb (expression: ApplicationElement)']}}" 
},{
	 "id": "101", 
	 "label": "{'changeType': 'Preserve', 'type': 'object', 'className': 'EAttribute', 'attributes': {'id': '_ONNLFN6tEei97MD7GK1RmA', 'name':'name','ordered':'true','unique':'true','lowerBound':'1','upperBound':'1','many':'false','required':'true','eType':'EString','eGenericType':'org.eclipse.emf.ecore.impl.EGenericTypeImpl@30f54522 (expression: EString)','changeable':'true','volatile':'false','transient':'false','unsettable':'false','derived':'false','eContainingClass':'CommandParameter','iD':'false','eAttributeType':'EString'}}" 
},{
	 "id": "102", 
	 "label": "{'changeType': 'Preserve', 'type': 'object', 'className': 'EAttribute', 'attributes': {'id': '_ONNLFt6tEei97MD7GK1RmA', 'name':'typeId','ordered':'true','unique':'true','lowerBound':'0','upperBound':'1','many':'false','required':'false','eType':'EString','eGenericType':'org.eclipse.emf.ecore.impl.EGenericTypeImpl@43e9a8a2 (expression: EString)','changeable':'true','volatile':'false','transient':'false','unsettable':'false','derived':'false','eContainingClass':'CommandParameter','iD':'false','eAttributeType':'EString'}}" 
},{
	 "id": "103", 
	 "label": "{'changeType': 'Preserve', 'type': 'object', 'className': 'EAttribute', 'attributes': {'id': '_ONNLGN6tEei97MD7GK1RmA', 'name':'optional','ordered':'true','unique':'true','lowerBound':'0','upperBound':'1','many':'false','required':'false','eType':'EBoolean','eGenericType':'org.eclipse.emf.ecore.impl.EGenericTypeImpl@d408c5d (expression: EBoolean)','changeable':'true','volatile':'false','transient':'false','defaultValueLiteral':'true','defaultValue':'true','unsettable':'false','derived':'false','eContainingClass':'CommandParameter','iD':'false','eAttributeType':'EBoolean'}}" 
},{
	 "id": "104", 
	 "label": "{'changeType': 'Preserve', 'type': 'object', 'className': 'EClass', 'attributes': {'id': '_M4sPMd6tEei97MD7GK1RmA', 'name':'Handler','ePackage':'application','abstract':'false','interface':'false','eStructuralFeatures':['command'],'eGenericSuperTypes':['org.eclipse.emf.ecore.impl.EGenericTypeImpl@7acf07b2 (expression: Contribution)']}}" 
},{
	 "id": "105", 
	 "label": "{'changeType': 'Preserve', 'type': 'object', 'className': 'EReference', 'attributes': {'id': '_M4sPMt6tEei97MD7GK1RmA', 'name':'command','ordered':'true','unique':'true','lowerBound':'1','upperBound':'1','many':'false','required':'true','eType':'Command','eGenericType':'org.eclipse.emf.ecore.impl.EGenericTypeImpl@54fbaa65 (expression: Command)','changeable':'true','volatile':'false','transient':'false','unsettable':'false','derived':'false','eContainingClass':'Handler','containment':'false','container':'false','resolveProxies':'true','eReferenceType':'Command'}}" 
},{
	 "id": "106", 
	 "label": "{'changeType': 'Preserve', 'type': 'object', 'className': 'EClass', 'attributes': {'id': '_M4sPM96tEei97MD7GK1RmA', 'name':'HandlerContainer','ePackage':'application','abstract':'true','interface':'true','eStructuralFeatures':['handlers']}}" 
},{
	 "id": "107", 
	 "label": "{'changeType': 'Preserve', 'type': 'object', 'className': 'EReference', 'attributes': {'id': '_M4sPNN6tEei97MD7GK1RmA', 'name':'handlers','ordered':'true','unique':'true','lowerBound':'0','upperBound':'-1','many':'true','required':'false','eType':'Handler','eGenericType':'org.eclipse.emf.ecore.impl.EGenericTypeImpl@10264cb0 (expression: Handler)','changeable':'true','volatile':'false','transient':'false','unsettable':'false','derived':'false','eContainingClass':'HandlerContainer','containment':'true','container':'false','resolveProxies':'true','eReferenceType':'Handler'}}" 
},{
	 "id": "108", 
	 "label": "{'changeType': 'Preserve', 'type': 'object', 'className': 'EClass', 'attributes': {'id': '_LWKs1t6tEei97MD7GK1RmA', 'name':'HandledItem','ePackage':'application','abstract':'false','interface':'false','eStructuralFeatures':['command','wbCommand','parameters'],'eGenericSuperTypes':['org.eclipse.emf.ecore.impl.EGenericTypeImpl@49bf5ec8 (expression: Item)']}}" 
},{
	 "id": "109", 
	 "label": "{'changeType': 'Preserve', 'type': 'object', 'className': 'EReference', 'attributes': {'id': '_LWKs196tEei97MD7GK1RmA', 'name':'command','ordered':'true','unique':'true','lowerBound':'0','upperBound':'1','many':'false','required':'false','eType':'Command','eGenericType':'org.eclipse.emf.ecore.impl.EGenericTypeImpl@3af6d7a7 (expression: Command)','changeable':'true','volatile':'false','transient':'false','unsettable':'false','derived':'false','eContainingClass':'HandledItem','containment':'false','container':'false','resolveProxies':'true','eReferenceType':'Command'}}" 
},{
	 "id": "110", 
	 "label": "{'changeType': 'Preserve', 'type': 'object', 'className': 'EAttribute', 'attributes': {'id': '_LWKs2d6tEei97MD7GK1RmA', 'name':'wbCommand','ordered':'true','unique':'true','lowerBound':'0','upperBound':'1','many':'false','required':'false','eType':'ParameterizedCommand','eGenericType':'org.eclipse.emf.ecore.impl.EGenericTypeImpl@2b8b5d9e (expression: ParameterizedCommand)','changeable':'true','volatile':'false','transient':'true','unsettable':'false','derived':'false','eContainingClass':'HandledItem','iD':'false','eAttributeType':'ParameterizedCommand'}}" 
},{
	 "id": "111", 
	 "label": "{'changeType': 'Preserve', 'type': 'object', 'className': 'EReference', 'attributes': {'id': '_LWKs2t6tEei97MD7GK1RmA', 'name':'parameters','ordered':'true','unique':'true','lowerBound':'0','upperBound':'-1','many':'true','required':'false','eType':'Parameter','eGenericType':'org.eclipse.emf.ecore.impl.EGenericTypeImpl@7a05cdc8 (expression: Parameter)','changeable':'true','volatile':'false','transient':'false','unsettable':'false','derived':'false','eContainingClass':'HandledItem','containment':'false','container':'false','resolveProxies':'true','eReferenceType':'Parameter'}}" 
},{
	 "id": "112", 
	 "label": "{'changeType': 'Preserve', 'type': 'object', 'className': 'EClass', 'attributes': {'id': '_NZlWKd6tEei97MD7GK1RmA', 'name':'HandledMenuItem','ePackage':'application','abstract':'false','interface':'false','eGenericSuperTypes':['org.eclipse.emf.ecore.impl.EGenericTypeImpl@158cb50a (expression: MenuItem)','org.eclipse.emf.ecore.impl.EGenericTypeImpl@649a6d88 (expression: HandledItem)']}}" 
},{
	 "id": "113", 
	 "label": "{'changeType': 'Preserve', 'type': 'object', 'className': 'EClass', 'attributes': {'id': '_NZlWMN6tEei97MD7GK1RmA', 'name':'HandledToolItem','ePackage':'application','abstract':'false','interface':'false','eGenericSuperTypes':['org.eclipse.emf.ecore.impl.EGenericTypeImpl@55c78556 (expression: ElementContainer<MenuItem>)','org.eclipse.emf.ecore.impl.EGenericTypeImpl@12d28106 (expression: HandledItem)','org.eclipse.emf.ecore.impl.EGenericTypeImpl@6a3c1b56 (expression: ToolItem)']}}" 
},{
	 "id": "114", 
	 "label": "{'changeType': 'Preserve', 'type': 'object', 'className': 'EGenericType', 'attributes': {'id': '//HandledToolItem/@eGenericSuperTypes.0', 'eTypeArguments':['org.eclipse.emf.ecore.impl.EGenericTypeImpl@25134e01 (expression: MenuItem)'],'eRawType':'ElementContainer','eClassifier':'ElementContainer'}}" 
},{
	 "id": "115", 
	 "label": "{'changeType': 'Preserve', 'type': 'object', 'className': 'EGenericType', 'attributes': {'id': '_LWKs496tEei97MD7GK1RmA', 'eRawType':'MenuItem','eClassifier':'MenuItem'}}" 
},{
	 "id": "116", 
	 "label": "{'changeType': 'Preserve', 'type': 'object', 'className': 'EClass', 'attributes': {'id': '_NqSEy96tEei97MD7GK1RmA', 'name':'KeyBinding','ePackage':'application','abstract':'false','interface':'false','eStructuralFeatures':['command','parameters'],'eGenericSuperTypes':['org.eclipse.emf.ecore.impl.EGenericTypeImpl@5f3fafca (expression: KeySequence)','org.eclipse.emf.ecore.impl.EGenericTypeImpl@3ce4eb42 (expression: ApplicationElement)']}}" 
},{
	 "id": "117", 
	 "label": "{'changeType': 'Preserve', 'type': 'object', 'className': 'EReference', 'attributes': {'id': '_NqSEzN6tEei97MD7GK1RmA', 'name':'command','ordered':'true','unique':'true','lowerBound':'1','upperBound':'1','many':'false','required':'true','eType':'Command','eGenericType':'org.eclipse.emf.ecore.impl.EGenericTypeImpl@3054cdd3 (expression: Command)','changeable':'true','volatile':'false','transient':'false','unsettable':'false','derived':'false','eContainingClass':'KeyBinding','containment':'false','container':'false','resolveProxies':'true','eReferenceType':'Command'}}" 
},{
	 "id": "118", 
	 "label": "{'changeType': 'Preserve', 'type': 'object', 'className': 'EReference', 'attributes': {'id': '_ONNLud6tEei97MD7GK1RmA', 'name':'parameters','ordered':'true','unique':'true','lowerBound':'0','upperBound':'-1','many':'true','required':'false','eType':'Parameter','eGenericType':'org.eclipse.emf.ecore.impl.EGenericTypeImpl@174aabb2 (expression: Parameter)','changeable':'true','volatile':'false','transient':'false','unsettable':'false','derived':'false','eContainingClass':'KeyBinding','containment':'false','container':'false','resolveProxies':'true','eReferenceType':'Parameter'}}" 
},{
	 "id": "119", 
	 "label": "{'changeType': 'Preserve', 'type': 'object', 'className': 'EClass', 'attributes': {'id': '_NqSEVt6tEei97MD7GK1RmA', 'name':'KeySequence','ePackage':'application','abstract':'true','interface':'true','eStructuralFeatures':['keySequence']}}" 
},{
	 "id": "120", 
	 "label": "{'changeType': 'Preserve', 'type': 'object', 'className': 'EAttribute', 'attributes': {'id': '_NqSEV96tEei97MD7GK1RmA', 'name':'keySequence','ordered':'true','unique':'true','lowerBound':'1','upperBound':'1','many':'false','required':'true','eType':'EString','eGenericType':'org.eclipse.emf.ecore.impl.EGenericTypeImpl@62eb918 (expression: EString)','changeable':'true','volatile':'false','transient':'false','unsettable':'false','derived':'false','eContainingClass':'KeySequence','iD':'false','eAttributeType':'EString'}}" 
},{
	 "id": "121", 
	 "label": "{'changeType': 'Preserve', 'type': 'object', 'className': 'EClass', 'attributes': {'id': '_LWKsid6tEei97MD7GK1RmA', 'name':'Parameter','ePackage':'application','abstract':'false','interface':'false','eStructuralFeatures':['tag','value'],'eGenericSuperTypes':['org.eclipse.emf.ecore.impl.EGenericTypeImpl@37e28b20 (expression: ApplicationElement)']}}" 
},{
	 "id": "122", 
	 "label": "{'changeType': 'Preserve', 'type': 'object', 'className': 'EAttribute', 'attributes': {'id': '_MWuxrN6tEei97MD7GK1RmA', 'name':'tag','ordered':'true','unique':'true','lowerBound':'0','upperBound':'1','many':'false','required':'false','eType':'EString','eGenericType':'org.eclipse.emf.ecore.impl.EGenericTypeImpl@4257163f (expression: EString)','changeable':'true','volatile':'false','transient':'false','unsettable':'false','derived':'false','eContainingClass':'Parameter','iD':'false','eAttributeType':'EString'}}" 
},{
	 "id": "123", 
	 "label": "{'changeType': 'Preserve', 'type': 'object', 'className': 'EAttribute', 'attributes': {'id': '_LWKsjN6tEei97MD7GK1RmA', 'name':'value','ordered':'true','unique':'true','lowerBound':'0','upperBound':'1','many':'false','required':'false','eType':'EString','eGenericType':'org.eclipse.emf.ecore.impl.EGenericTypeImpl@63ff861e (expression: EString)','changeable':'true','volatile':'false','transient':'false','unsettable':'false','derived':'false','eContainingClass':'Parameter','iD':'false','eAttributeType':'EString'}}" 
},{
	 "id": "124", 
	 "label": "{'changeType': 'Preserve', 'type': 'object', 'className': 'EClass', 'attributes': {'id': '_Pw0Te96tEei97MD7GK1RmA', 'name':'V______________Trim_______________V','ePackage':'application','abstract':'true','interface':'true'}}" 
},{
	 "id": "125", 
	 "label": "{'changeType': 'Preserve', 'type': 'object', 'className': 'EClass', 'attributes': {'id': '_OumBNt6tEei97MD7GK1RmA', 'name':'TrimContainer','ePackage':'application','eTypeParameters':['T'],'abstract':'true','interface':'false','eStructuralFeatures':['side'],'eGenericSuperTypes':['org.eclipse.emf.ecore.impl.EGenericTypeImpl@2ef812b (expression: ElementContainer<T>)']}}" 
},{
	 "id": "126", 
	 "label": "{'changeType': 'Preserve', 'type': 'object', 'className': 'ETypeParameter', 'attributes': {'id': '_LWKst96tEei97MD7GK1RmA', 'name':'T','eBounds':['org.eclipse.emf.ecore.impl.EGenericTypeImpl@5e405eaf (expression: UIElement)']}}" 
},{
	 "id": "127", 
	 "label": "{'changeType': 'Preserve', 'type': 'object', 'className': 'EAttribute', 'attributes': {'id': '_OumBO96tEei97MD7GK1RmA', 'name':'side','ordered':'true','unique':'true','lowerBound':'1','upperBound':'1','many':'false','required':'true','eType':'SideValue','eGenericType':'org.eclipse.emf.ecore.impl.EGenericTypeImpl@4446a191 (expression: SideValue)','changeable':'true','volatile':'false','transient':'false','defaultValue':'Top','unsettable':'false','derived':'false','eContainingClass':'TrimContainer','iD':'false','eAttributeType':'SideValue'}}" 
},{
	 "id": "128", 
	 "label": "{'changeType': 'Preserve', 'type': 'object', 'className': 'EGenericType', 'attributes': {'id': '//TrimContainer/@eGenericSuperTypes.0', 'eTypeArguments':['org.eclipse.emf.ecore.impl.EGenericTypeImpl@5e0602ff (expression: T)'],'eRawType':'ElementContainer','eClassifier':'ElementContainer'}}" 
},{
	 "id": "129", 
	 "label": "{'changeType': 'Preserve', 'type': 'object', 'className': 'EGenericType', 'attributes': {'id': '_LWKsx96tEei97MD7GK1RmA', 'eRawType':'UIElement','eTypeParameter':'T'}}" 
},{
	 "id": "130", 
	 "label": "{'changeType': 'Preserve', 'type': 'object', 'className': 'EClass', 'attributes': {'id': '_OumBhd6tEei97MD7GK1RmA', 'name':'WindowTrim','ePackage':'application','abstract':'false','interface':'false','eGenericSuperTypes':['org.eclipse.emf.ecore.impl.EGenericTypeImpl@6b3d3e57 (expression: TrimContainer<UIElement>)','org.eclipse.emf.ecore.impl.EGenericTypeImpl@7bdaf563 (expression: PSCElement)']}}" 
},{
	 "id": "131", 
	 "label": "{'changeType': 'Preserve', 'type': 'object', 'className': 'EGenericType', 'attributes': {'id': '//WindowTrim/@eGenericSuperTypes.0', 'eTypeArguments':['org.eclipse.emf.ecore.impl.EGenericTypeImpl@15251cc2 (expression: UIElement)'],'eRawType':'TrimContainer','eClassifier':'TrimContainer'}}" 
},{
	 "id": "132", 
	 "label": "{'changeType': 'Preserve', 'type': 'object', 'className': 'EGenericType', 'attributes': {'id': '_OumBh96tEei97MD7GK1RmA', 'eRawType':'UIElement','eClassifier':'UIElement'}}" 
},{
	 "id": "133", 
	 "label": "{'changeType': 'Preserve', 'type': 'object', 'className': 'EClass', 'attributes': {'id': '_QCOMmd6tEei97MD7GK1RmA', 'name':'V______________Editing_______________V','ePackage':'application','abstract':'true','interface':'true'}}" 
},{
	 "id": "134", 
	 "label": "{'changeType': 'Preserve', 'type': 'object', 'className': 'EClass', 'attributes': {'id': '_LWKtEd6tEei97MD7GK1RmA', 'name':'Editor','ePackage':'application','abstract':'false','interface':'false','eGenericSuperTypes':['org.eclipse.emf.ecore.impl.EGenericTypeImpl@6cb2b947 (expression: Input)','org.eclipse.emf.ecore.impl.EGenericTypeImpl@40ef385f (expression: SaveablePart)']}}" 
},{
	 "id": "135", 
	 "label": "{'changeType': 'Preserve', 'type': 'object', 'className': 'EClass', 'attributes': {'id': '_Pw0TiN6tEei97MD7GK1RmA', 'name':'V______________SharedElements_______________V','ePackage':'application','abstract':'true','interface':'true'}}" 
},{
	 "id": "136", 
	 "label": "{'changeType': 'Preserve', 'type': 'object', 'className': 'EClass', 'attributes': {'id': '_LWKtI96tEei97MD7GK1RmA', 'name':'Perspective','ePackage':'application','abstract':'false','interface':'false','eGenericSuperTypes':['org.eclipse.emf.ecore.impl.EGenericTypeImpl@51d6c42d (expression: UILabel)','org.eclipse.emf.ecore.impl.EGenericTypeImpl@68423388 (expression: ElementContainer<PSCElement>)','org.eclipse.emf.ecore.impl.EGenericTypeImpl@85fd4b (expression: Context)','...']}}" 
},{
	 "id": "137", 
	 "label": "{'changeType': 'Preserve', 'type': 'object', 'className': 'EGenericType', 'attributes': {'id': '//Perspective/@eGenericSuperTypes.1', 'eTypeArguments':['org.eclipse.emf.ecore.impl.EGenericTypeImpl@1104cf3a (expression: PSCElement)'],'eRawType':'ElementContainer','eClassifier':'ElementContainer'}}" 
},{
	 "id": "138", 
	 "label": "{'changeType': 'Preserve', 'type': 'object', 'className': 'EGenericType', 'attributes': {'id': '_O_HJ796tEei97MD7GK1RmA', 'eRawType':'PSCElement','eClassifier':'PSCElement'}}" 
},{
	 "id": "139", 
	 "label": "{'changeType': 'Preserve', 'type': 'object', 'className': 'EClass', 'attributes': {'id': '_LWKtKN6tEei97MD7GK1RmA', 'name':'PerspectiveStack','ePackage':'application','abstract':'false','interface':'false','eGenericSuperTypes':['org.eclipse.emf.ecore.impl.EGenericTypeImpl@29f86630 (expression: UIElement)','org.eclipse.emf.ecore.impl.EGenericTypeImpl@6b8a9e1 (expression: ElementContainer<Perspective>)','org.eclipse.emf.ecore.impl.EGenericTypeImpl@425376cc (expression: PSCElement)']}}" 
},{
	 "id": "140", 
	 "label": "{'changeType': 'Preserve', 'type': 'object', 'className': 'EGenericType', 'attributes': {'id': '//PerspectiveStack/@eGenericSuperTypes.1', 'eTypeArguments':['org.eclipse.emf.ecore.impl.EGenericTypeImpl@4c51fc9a (expression: Perspective)'],'eRawType':'ElementContainer','eClassifier':'ElementContainer'}}" 
},{
	 "id": "141", 
	 "label": "{'changeType': 'Preserve', 'type': 'object', 'className': 'EGenericType', 'attributes': {'id': '_LWKtK96tEei97MD7GK1RmA', 'eRawType':'Perspective','eClassifier':'Perspective'}}" 
},{
	 "id": "142", 
	 "label": "{'changeType': 'Preserve', 'type': 'object', 'className': 'EClass', 'attributes': {'id': '_MWuxx96tEei97MD7GK1RmA', 'name':'V_________Testing__________V','ePackage':'application','abstract':'true','interface':'true'}}" 
},{
	 "id": "143", 
	 "label": "{'changeType': 'Preserve', 'type': 'object', 'className': 'EClass', 'attributes': {'id': '_MWuxyN6tEei97MD7GK1RmA', 'name':'TestHarness','ePackage':'application','abstract':'false','interface':'false','eGenericSuperTypes':['org.eclipse.emf.ecore.impl.EGenericTypeImpl@28b286c0 (expression: ApplicationElement)','org.eclipse.emf.ecore.impl.EGenericTypeImpl@718e700c (expression: Command)','org.eclipse.emf.ecore.impl.EGenericTypeImpl@5b5e45bc (expression: Context)','...']}}" 
},{
	 "id": "144", 
	 "label": "{'changeType': 'Preserve', 'type': 'object', 'className': 'EGenericType', 'attributes': {'id': '//TestHarness/@eGenericSuperTypes.4', 'eTypeArguments':['org.eclipse.emf.ecore.impl.EGenericTypeImpl@2e7563f6 (expression: UIElement)'],'eRawType':'ElementContainer','eClassifier':'ElementContainer'}}" 
},{
	 "id": "145", 
	 "label": "{'changeType': 'Preserve', 'type': 'object', 'className': 'EGenericType', 'attributes': {'id': '_MnTkbt6tEei97MD7GK1RmA', 'eRawType':'UIElement','eClassifier':'UIElement'}}" 
}], 
 "links": [{
	 "source": "1", 
	 "target": "0", 
	 "label": "{'changeType': 'ADD', 'type': 'reference', 'referenceTypeName': 'eStructuralFeatures'}" 
},{
	 "source": "0", 
	 "target": "1", 
	 "label": "{'changeType': 'ADD', 'type': 'reference', 'referenceTypeName': 'eContainingClass'}" 
},{
	 "source": "3", 
	 "target": "2", 
	 "label": "{'changeType': 'Preserve', 'type': 'reference', 'referenceTypeName': 'eClassifiers'}" 
},{
	 "source": "2", 
	 "target": "3", 
	 "label": "{'changeType': 'Preserve', 'type': 'reference', 'referenceTypeName': 'ePackage'}" 
},{
	 "source": "4", 
	 "target": "2", 
	 "label": "{'changeType': 'Preserve', 'type': 'reference', 'referenceTypeName': 'eClassifiers'}" 
},{
	 "source": "2", 
	 "target": "4", 
	 "label": "{'changeType': 'Preserve', 'type': 'reference', 'referenceTypeName': 'ePackage'}" 
},{
	 "source": "5", 
	 "target": "4", 
	 "label": "{'changeType': 'Preserve', 'type': 'reference', 'referenceTypeName': 'eLiterals'}" 
},{
	 "source": "4", 
	 "target": "5", 
	 "label": "{'changeType': 'Preserve', 'type': 'reference', 'referenceTypeName': 'eEnum'}" 
},{
	 "source": "6", 
	 "target": "4", 
	 "label": "{'changeType': 'Preserve', 'type': 'reference', 'referenceTypeName': 'eLiterals'}" 
},{
	 "source": "4", 
	 "target": "6", 
	 "label": "{'changeType': 'Preserve', 'type': 'reference', 'referenceTypeName': 'eEnum'}" 
},{
	 "source": "7", 
	 "target": "4", 
	 "label": "{'changeType': 'Preserve', 'type': 'reference', 'referenceTypeName': 'eLiterals'}" 
},{
	 "source": "4", 
	 "target": "7", 
	 "label": "{'changeType': 'Preserve', 'type': 'reference', 'referenceTypeName': 'eEnum'}" 
},{
	 "source": "8", 
	 "target": "4", 
	 "label": "{'changeType': 'Preserve', 'type': 'reference', 'referenceTypeName': 'eLiterals'}" 
},{
	 "source": "4", 
	 "target": "8", 
	 "label": "{'changeType': 'Preserve', 'type': 'reference', 'referenceTypeName': 'eEnum'}" 
},{
	 "source": "9", 
	 "target": "2", 
	 "label": "{'changeType': 'Preserve', 'type': 'reference', 'referenceTypeName': 'eClassifiers'}" 
},{
	 "source": "2", 
	 "target": "9", 
	 "label": "{'changeType': 'Preserve', 'type': 'reference', 'referenceTypeName': 'ePackage'}" 
},{
	 "source": "10", 
	 "target": "2", 
	 "label": "{'changeType': 'Preserve', 'type': 'reference', 'referenceTypeName': 'eClassifiers'}" 
},{
	 "source": "2", 
	 "target": "10", 
	 "label": "{'changeType': 'Preserve', 'type': 'reference', 'referenceTypeName': 'ePackage'}" 
},{
	 "source": "11", 
	 "target": "2", 
	 "label": "{'changeType': 'Preserve', 'type': 'reference', 'referenceTypeName': 'eClassifiers'}" 
},{
	 "source": "2", 
	 "target": "11", 
	 "label": "{'changeType': 'Preserve', 'type': 'reference', 'referenceTypeName': 'ePackage'}" 
},{
	 "source": "1", 
	 "target": "2", 
	 "label": "{'changeType': 'Preserve', 'type': 'reference', 'referenceTypeName': 'eClassifiers'}" 
},{
	 "source": "2", 
	 "target": "1", 
	 "label": "{'changeType': 'Preserve', 'type': 'reference', 'referenceTypeName': 'ePackage'}" 
},{
	 "source": "12", 
	 "target": "1", 
	 "label": "{'changeType': 'Preserve', 'type': 'reference', 'referenceTypeName': 'eStructuralFeatures'}" 
},{
	 "source": "1", 
	 "target": "12", 
	 "label": "{'changeType': 'Preserve', 'type': 'reference', 'referenceTypeName': 'eContainingClass'}" 
},{
	 "source": "13", 
	 "target": "2", 
	 "label": "{'changeType': 'Preserve', 'type': 'reference', 'referenceTypeName': 'eClassifiers'}" 
},{
	 "source": "2", 
	 "target": "13", 
	 "label": "{'changeType': 'Preserve', 'type': 'reference', 'referenceTypeName': 'ePackage'}" 
},{
	 "source": "14", 
	 "target": "13", 
	 "label": "{'changeType': 'Preserve', 'type': 'reference', 'referenceTypeName': 'eStructuralFeatures'}" 
},{
	 "source": "13", 
	 "target": "14", 
	 "label": "{'changeType': 'Preserve', 'type': 'reference', 'referenceTypeName': 'eContainingClass'}" 
},{
	 "source": "15", 
	 "target": "13", 
	 "label": "{'changeType': 'Preserve', 'type': 'reference', 'referenceTypeName': 'eStructuralFeatures'}" 
},{
	 "source": "13", 
	 "target": "15", 
	 "label": "{'changeType': 'Preserve', 'type': 'reference', 'referenceTypeName': 'eContainingClass'}" 
},{
	 "source": "16", 
	 "target": "13", 
	 "label": "{'changeType': 'Preserve', 'type': 'reference', 'referenceTypeName': 'eStructuralFeatures'}" 
},{
	 "source": "13", 
	 "target": "16", 
	 "label": "{'changeType': 'Preserve', 'type': 'reference', 'referenceTypeName': 'eContainingClass'}" 
},{
	 "source": "17", 
	 "target": "2", 
	 "label": "{'changeType': 'Preserve', 'type': 'reference', 'referenceTypeName': 'eClassifiers'}" 
},{
	 "source": "2", 
	 "target": "17", 
	 "label": "{'changeType': 'Preserve', 'type': 'reference', 'referenceTypeName': 'ePackage'}" 
},{
	 "source": "18", 
	 "target": "17", 
	 "label": "{'changeType': 'Preserve', 'type': 'reference', 'referenceTypeName': 'eStructuralFeatures'}" 
},{
	 "source": "17", 
	 "target": "18", 
	 "label": "{'changeType': 'Preserve', 'type': 'reference', 'referenceTypeName': 'eContainingClass'}" 
},{
	 "source": "19", 
	 "target": "2", 
	 "label": "{'changeType': 'Preserve', 'type': 'reference', 'referenceTypeName': 'eClassifiers'}" 
},{
	 "source": "2", 
	 "target": "19", 
	 "label": "{'changeType': 'Preserve', 'type': 'reference', 'referenceTypeName': 'ePackage'}" 
},{
	 "source": "20", 
	 "target": "19", 
	 "label": "{'changeType': 'Preserve', 'type': 'reference', 'referenceTypeName': 'eStructuralFeatures'}" 
},{
	 "source": "19", 
	 "target": "20", 
	 "label": "{'changeType': 'Preserve', 'type': 'reference', 'referenceTypeName': 'eContainingClass'}" 
},{
	 "source": "21", 
	 "target": "2", 
	 "label": "{'changeType': 'Preserve', 'type': 'reference', 'referenceTypeName': 'eClassifiers'}" 
},{
	 "source": "2", 
	 "target": "21", 
	 "label": "{'changeType': 'Preserve', 'type': 'reference', 'referenceTypeName': 'ePackage'}" 
},{
	 "source": "22", 
	 "target": "21", 
	 "label": "{'changeType': 'Preserve', 'type': 'reference', 'referenceTypeName': 'eStructuralFeatures'}" 
},{
	 "source": "21", 
	 "target": "22", 
	 "label": "{'changeType': 'Preserve', 'type': 'reference', 'referenceTypeName': 'eContainingClass'}" 
},{
	 "source": "23", 
	 "target": "21", 
	 "label": "{'changeType': 'Preserve', 'type': 'reference', 'referenceTypeName': 'eStructuralFeatures'}" 
},{
	 "source": "21", 
	 "target": "23", 
	 "label": "{'changeType': 'Preserve', 'type': 'reference', 'referenceTypeName': 'eContainingClass'}" 
},{
	 "source": "24", 
	 "target": "21", 
	 "label": "{'changeType': 'Preserve', 'type': 'reference', 'referenceTypeName': 'eStructuralFeatures'}" 
},{
	 "source": "21", 
	 "target": "24", 
	 "label": "{'changeType': 'Preserve', 'type': 'reference', 'referenceTypeName': 'eContainingClass'}" 
},{
	 "source": "25", 
	 "target": "21", 
	 "label": "{'changeType': 'Preserve', 'type': 'reference', 'referenceTypeName': 'eStructuralFeatures'}" 
},{
	 "source": "21", 
	 "target": "25", 
	 "label": "{'changeType': 'Preserve', 'type': 'reference', 'referenceTypeName': 'eContainingClass'}" 
},{
	 "source": "26", 
	 "target": "21", 
	 "label": "{'changeType': 'Preserve', 'type': 'reference', 'referenceTypeName': 'eStructuralFeatures'}" 
},{
	 "source": "21", 
	 "target": "26", 
	 "label": "{'changeType': 'Preserve', 'type': 'reference', 'referenceTypeName': 'eContainingClass'}" 
},{
	 "source": "27", 
	 "target": "21", 
	 "label": "{'changeType': 'Preserve', 'type': 'reference', 'referenceTypeName': 'eStructuralFeatures'}" 
},{
	 "source": "21", 
	 "target": "27", 
	 "label": "{'changeType': 'Preserve', 'type': 'reference', 'referenceTypeName': 'eContainingClass'}" 
},{
	 "source": "28", 
	 "target": "27", 
	 "label": "{'changeType': 'Preserve', 'type': 'reference', 'referenceTypeName': 'eGenericType'}" 
},{
	 "source": "29", 
	 "target": "28", 
	 "label": "{'changeType': 'Preserve', 'type': 'reference', 'referenceTypeName': 'eTypeArguments'}" 
},{
	 "source": "30", 
	 "target": "21", 
	 "label": "{'changeType': 'Preserve', 'type': 'reference', 'referenceTypeName': 'eStructuralFeatures'}" 
},{
	 "source": "21", 
	 "target": "30", 
	 "label": "{'changeType': 'Preserve', 'type': 'reference', 'referenceTypeName': 'eContainingClass'}" 
},{
	 "source": "31", 
	 "target": "2", 
	 "label": "{'changeType': 'Preserve', 'type': 'reference', 'referenceTypeName': 'eClassifiers'}" 
},{
	 "source": "2", 
	 "target": "31", 
	 "label": "{'changeType': 'Preserve', 'type': 'reference', 'referenceTypeName': 'ePackage'}" 
},{
	 "source": "32", 
	 "target": "31", 
	 "label": "{'changeType': 'Preserve', 'type': 'reference', 'referenceTypeName': 'eStructuralFeatures'}" 
},{
	 "source": "31", 
	 "target": "32", 
	 "label": "{'changeType': 'Preserve', 'type': 'reference', 'referenceTypeName': 'eContainingClass'}" 
},{
	 "source": "33", 
	 "target": "31", 
	 "label": "{'changeType': 'Preserve', 'type': 'reference', 'referenceTypeName': 'eStructuralFeatures'}" 
},{
	 "source": "31", 
	 "target": "33", 
	 "label": "{'changeType': 'Preserve', 'type': 'reference', 'referenceTypeName': 'eContainingClass'}" 
},{
	 "source": "34", 
	 "target": "31", 
	 "label": "{'changeType': 'Preserve', 'type': 'reference', 'referenceTypeName': 'eStructuralFeatures'}" 
},{
	 "source": "31", 
	 "target": "34", 
	 "label": "{'changeType': 'Preserve', 'type': 'reference', 'referenceTypeName': 'eContainingClass'}" 
},{
	 "source": "35", 
	 "target": "2", 
	 "label": "{'changeType': 'Preserve', 'type': 'reference', 'referenceTypeName': 'eClassifiers'}" 
},{
	 "source": "2", 
	 "target": "35", 
	 "label": "{'changeType': 'Preserve', 'type': 'reference', 'referenceTypeName': 'ePackage'}" 
},{
	 "source": "36", 
	 "target": "35", 
	 "label": "{'changeType': 'Preserve', 'type': 'reference', 'referenceTypeName': 'eStructuralFeatures'}" 
},{
	 "source": "35", 
	 "target": "36", 
	 "label": "{'changeType': 'Preserve', 'type': 'reference', 'referenceTypeName': 'eContainingClass'}" 
},{
	 "source": "37", 
	 "target": "35", 
	 "label": "{'changeType': 'Preserve', 'type': 'reference', 'referenceTypeName': 'eStructuralFeatures'}" 
},{
	 "source": "35", 
	 "target": "37", 
	 "label": "{'changeType': 'Preserve', 'type': 'reference', 'referenceTypeName': 'eContainingClass'}" 
},{
	 "source": "38", 
	 "target": "2", 
	 "label": "{'changeType': 'Preserve', 'type': 'reference', 'referenceTypeName': 'eClassifiers'}" 
},{
	 "source": "2", 
	 "target": "38", 
	 "label": "{'changeType': 'Preserve', 'type': 'reference', 'referenceTypeName': 'ePackage'}" 
},{
	 "source": "39", 
	 "target": "2", 
	 "label": "{'changeType': 'Preserve', 'type': 'reference', 'referenceTypeName': 'eClassifiers'}" 
},{
	 "source": "2", 
	 "target": "39", 
	 "label": "{'changeType': 'Preserve', 'type': 'reference', 'referenceTypeName': 'ePackage'}" 
},{
	 "source": "40", 
	 "target": "39", 
	 "label": "{'changeType': 'Preserve', 'type': 'reference', 'referenceTypeName': 'eTypeParameters'}" 
},{
	 "source": "41", 
	 "target": "39", 
	 "label": "{'changeType': 'Preserve', 'type': 'reference', 'referenceTypeName': 'eStructuralFeatures'}" 
},{
	 "source": "39", 
	 "target": "41", 
	 "label": "{'changeType': 'Preserve', 'type': 'reference', 'referenceTypeName': 'eContainingClass'}" 
},{
	 "source": "42", 
	 "target": "39", 
	 "label": "{'changeType': 'Preserve', 'type': 'reference', 'referenceTypeName': 'eStructuralFeatures'}" 
},{
	 "source": "39", 
	 "target": "42", 
	 "label": "{'changeType': 'Preserve', 'type': 'reference', 'referenceTypeName': 'eContainingClass'}" 
},{
	 "source": "43", 
	 "target": "2", 
	 "label": "{'changeType': 'Preserve', 'type': 'reference', 'referenceTypeName': 'eClassifiers'}" 
},{
	 "source": "2", 
	 "target": "43", 
	 "label": "{'changeType': 'Preserve', 'type': 'reference', 'referenceTypeName': 'ePackage'}" 
},{
	 "source": "44", 
	 "target": "43", 
	 "label": "{'changeType': 'Preserve', 'type': 'reference', 'referenceTypeName': 'eTypeParameters'}" 
},{
	 "source": "45", 
	 "target": "43", 
	 "label": "{'changeType': 'Preserve', 'type': 'reference', 'referenceTypeName': 'eGenericSuperTypes'}" 
},{
	 "source": "46", 
	 "target": "45", 
	 "label": "{'changeType': 'Preserve', 'type': 'reference', 'referenceTypeName': 'eTypeArguments'}" 
},{
	 "source": "47", 
	 "target": "2", 
	 "label": "{'changeType': 'Preserve', 'type': 'reference', 'referenceTypeName': 'eClassifiers'}" 
},{
	 "source": "2", 
	 "target": "47", 
	 "label": "{'changeType': 'Preserve', 'type': 'reference', 'referenceTypeName': 'ePackage'}" 
},{
	 "source": "48", 
	 "target": "47", 
	 "label": "{'changeType': 'Preserve', 'type': 'reference', 'referenceTypeName': 'eTypeParameters'}" 
},{
	 "source": "49", 
	 "target": "47", 
	 "label": "{'changeType': 'Preserve', 'type': 'reference', 'referenceTypeName': 'eStructuralFeatures'}" 
},{
	 "source": "47", 
	 "target": "49", 
	 "label": "{'changeType': 'Preserve', 'type': 'reference', 'referenceTypeName': 'eContainingClass'}" 
},{
	 "source": "50", 
	 "target": "47", 
	 "label": "{'changeType': 'Preserve', 'type': 'reference', 'referenceTypeName': 'eGenericSuperTypes'}" 
},{
	 "source": "51", 
	 "target": "50", 
	 "label": "{'changeType': 'Preserve', 'type': 'reference', 'referenceTypeName': 'eTypeArguments'}" 
},{
	 "source": "52", 
	 "target": "2", 
	 "label": "{'changeType': 'Preserve', 'type': 'reference', 'referenceTypeName': 'eClassifiers'}" 
},{
	 "source": "2", 
	 "target": "52", 
	 "label": "{'changeType': 'Preserve', 'type': 'reference', 'referenceTypeName': 'ePackage'}" 
},{
	 "source": "53", 
	 "target": "2", 
	 "label": "{'changeType': 'Preserve', 'type': 'reference', 'referenceTypeName': 'eClassifiers'}" 
},{
	 "source": "2", 
	 "target": "53", 
	 "label": "{'changeType': 'Preserve', 'type': 'reference', 'referenceTypeName': 'ePackage'}" 
},{
	 "source": "54", 
	 "target": "53", 
	 "label": "{'changeType': 'Preserve', 'type': 'reference', 'referenceTypeName': 'eStructuralFeatures'}" 
},{
	 "source": "53", 
	 "target": "54", 
	 "label": "{'changeType': 'Preserve', 'type': 'reference', 'referenceTypeName': 'eContainingClass'}" 
},{
	 "source": "55", 
	 "target": "53", 
	 "label": "{'changeType': 'Preserve', 'type': 'reference', 'referenceTypeName': 'eStructuralFeatures'}" 
},{
	 "source": "53", 
	 "target": "55", 
	 "label": "{'changeType': 'Preserve', 'type': 'reference', 'referenceTypeName': 'eContainingClass'}" 
},{
	 "source": "56", 
	 "target": "53", 
	 "label": "{'changeType': 'Preserve', 'type': 'reference', 'referenceTypeName': 'eStructuralFeatures'}" 
},{
	 "source": "53", 
	 "target": "56", 
	 "label": "{'changeType': 'Preserve', 'type': 'reference', 'referenceTypeName': 'eContainingClass'}" 
},{
	 "source": "57", 
	 "target": "2", 
	 "label": "{'changeType': 'Preserve', 'type': 'reference', 'referenceTypeName': 'eClassifiers'}" 
},{
	 "source": "2", 
	 "target": "57", 
	 "label": "{'changeType': 'Preserve', 'type': 'reference', 'referenceTypeName': 'ePackage'}" 
},{
	 "source": "58", 
	 "target": "2", 
	 "label": "{'changeType': 'Preserve', 'type': 'reference', 'referenceTypeName': 'eClassifiers'}" 
},{
	 "source": "2", 
	 "target": "58", 
	 "label": "{'changeType': 'Preserve', 'type': 'reference', 'referenceTypeName': 'ePackage'}" 
},{
	 "source": "59", 
	 "target": "2", 
	 "label": "{'changeType': 'Preserve', 'type': 'reference', 'referenceTypeName': 'eClassifiers'}" 
},{
	 "source": "2", 
	 "target": "59", 
	 "label": "{'changeType': 'Preserve', 'type': 'reference', 'referenceTypeName': 'ePackage'}" 
},{
	 "source": "60", 
	 "target": "59", 
	 "label": "{'changeType': 'Preserve', 'type': 'reference', 'referenceTypeName': 'eGenericSuperTypes'}" 
},{
	 "source": "61", 
	 "target": "60", 
	 "label": "{'changeType': 'Preserve', 'type': 'reference', 'referenceTypeName': 'eTypeArguments'}" 
},{
	 "source": "62", 
	 "target": "2", 
	 "label": "{'changeType': 'Preserve', 'type': 'reference', 'referenceTypeName': 'eClassifiers'}" 
},{
	 "source": "2", 
	 "target": "62", 
	 "label": "{'changeType': 'Preserve', 'type': 'reference', 'referenceTypeName': 'ePackage'}" 
},{
	 "source": "63", 
	 "target": "62", 
	 "label": "{'changeType': 'Preserve', 'type': 'reference', 'referenceTypeName': 'eGenericSuperTypes'}" 
},{
	 "source": "64", 
	 "target": "63", 
	 "label": "{'changeType': 'Preserve', 'type': 'reference', 'referenceTypeName': 'eTypeArguments'}" 
},{
	 "source": "65", 
	 "target": "2", 
	 "label": "{'changeType': 'Preserve', 'type': 'reference', 'referenceTypeName': 'eClassifiers'}" 
},{
	 "source": "2", 
	 "target": "65", 
	 "label": "{'changeType': 'Preserve', 'type': 'reference', 'referenceTypeName': 'ePackage'}" 
},{
	 "source": "66", 
	 "target": "2", 
	 "label": "{'changeType': 'Preserve', 'type': 'reference', 'referenceTypeName': 'eClassifiers'}" 
},{
	 "source": "2", 
	 "target": "66", 
	 "label": "{'changeType': 'Preserve', 'type': 'reference', 'referenceTypeName': 'ePackage'}" 
},{
	 "source": "67", 
	 "target": "66", 
	 "label": "{'changeType': 'Preserve', 'type': 'reference', 'referenceTypeName': 'eGenericSuperTypes'}" 
},{
	 "source": "68", 
	 "target": "67", 
	 "label": "{'changeType': 'Preserve', 'type': 'reference', 'referenceTypeName': 'eTypeArguments'}" 
},{
	 "source": "69", 
	 "target": "2", 
	 "label": "{'changeType': 'Preserve', 'type': 'reference', 'referenceTypeName': 'eClassifiers'}" 
},{
	 "source": "2", 
	 "target": "69", 
	 "label": "{'changeType': 'Preserve', 'type': 'reference', 'referenceTypeName': 'ePackage'}" 
},{
	 "source": "70", 
	 "target": "2", 
	 "label": "{'changeType': 'Preserve', 'type': 'reference', 'referenceTypeName': 'eClassifiers'}" 
},{
	 "source": "2", 
	 "target": "70", 
	 "label": "{'changeType': 'Preserve', 'type': 'reference', 'referenceTypeName': 'ePackage'}" 
},{
	 "source": "71", 
	 "target": "70", 
	 "label": "{'changeType': 'Preserve', 'type': 'reference', 'referenceTypeName': 'eStructuralFeatures'}" 
},{
	 "source": "70", 
	 "target": "71", 
	 "label": "{'changeType': 'Preserve', 'type': 'reference', 'referenceTypeName': 'eContainingClass'}" 
},{
	 "source": "72", 
	 "target": "70", 
	 "label": "{'changeType': 'Preserve', 'type': 'reference', 'referenceTypeName': 'eGenericSuperTypes'}" 
},{
	 "source": "73", 
	 "target": "72", 
	 "label": "{'changeType': 'Preserve', 'type': 'reference', 'referenceTypeName': 'eTypeArguments'}" 
},{
	 "source": "74", 
	 "target": "2", 
	 "label": "{'changeType': 'Preserve', 'type': 'reference', 'referenceTypeName': 'eClassifiers'}" 
},{
	 "source": "2", 
	 "target": "74", 
	 "label": "{'changeType': 'Preserve', 'type': 'reference', 'referenceTypeName': 'ePackage'}" 
},{
	 "source": "75", 
	 "target": "2", 
	 "label": "{'changeType': 'Preserve', 'type': 'reference', 'referenceTypeName': 'eClassifiers'}" 
},{
	 "source": "2", 
	 "target": "75", 
	 "label": "{'changeType': 'Preserve', 'type': 'reference', 'referenceTypeName': 'ePackage'}" 
},{
	 "source": "76", 
	 "target": "75", 
	 "label": "{'changeType': 'Preserve', 'type': 'reference', 'referenceTypeName': 'eStructuralFeatures'}" 
},{
	 "source": "75", 
	 "target": "76", 
	 "label": "{'changeType': 'Preserve', 'type': 'reference', 'referenceTypeName': 'eContainingClass'}" 
},{
	 "source": "77", 
	 "target": "75", 
	 "label": "{'changeType': 'Preserve', 'type': 'reference', 'referenceTypeName': 'eStructuralFeatures'}" 
},{
	 "source": "75", 
	 "target": "77", 
	 "label": "{'changeType': 'Preserve', 'type': 'reference', 'referenceTypeName': 'eContainingClass'}" 
},{
	 "source": "78", 
	 "target": "2", 
	 "label": "{'changeType': 'Preserve', 'type': 'reference', 'referenceTypeName': 'eClassifiers'}" 
},{
	 "source": "2", 
	 "target": "78", 
	 "label": "{'changeType': 'Preserve', 'type': 'reference', 'referenceTypeName': 'ePackage'}" 
},{
	 "source": "79", 
	 "target": "2", 
	 "label": "{'changeType': 'Preserve', 'type': 'reference', 'referenceTypeName': 'eClassifiers'}" 
},{
	 "source": "2", 
	 "target": "79", 
	 "label": "{'changeType': 'Preserve', 'type': 'reference', 'referenceTypeName': 'ePackage'}" 
},{
	 "source": "80", 
	 "target": "79", 
	 "label": "{'changeType': 'Preserve', 'type': 'reference', 'referenceTypeName': 'eGenericSuperTypes'}" 
},{
	 "source": "81", 
	 "target": "80", 
	 "label": "{'changeType': 'Preserve', 'type': 'reference', 'referenceTypeName': 'eTypeArguments'}" 
},{
	 "source": "82", 
	 "target": "2", 
	 "label": "{'changeType': 'Preserve', 'type': 'reference', 'referenceTypeName': 'eClassifiers'}" 
},{
	 "source": "2", 
	 "target": "82", 
	 "label": "{'changeType': 'Preserve', 'type': 'reference', 'referenceTypeName': 'ePackage'}" 
},{
	 "source": "83", 
	 "target": "82", 
	 "label": "{'changeType': 'Preserve', 'type': 'reference', 'referenceTypeName': 'eGenericSuperTypes'}" 
},{
	 "source": "84", 
	 "target": "83", 
	 "label": "{'changeType': 'Preserve', 'type': 'reference', 'referenceTypeName': 'eTypeArguments'}" 
},{
	 "source": "85", 
	 "target": "2", 
	 "label": "{'changeType': 'Preserve', 'type': 'reference', 'referenceTypeName': 'eClassifiers'}" 
},{
	 "source": "2", 
	 "target": "85", 
	 "label": "{'changeType': 'Preserve', 'type': 'reference', 'referenceTypeName': 'ePackage'}" 
},{
	 "source": "86", 
	 "target": "85", 
	 "label": "{'changeType': 'Preserve', 'type': 'reference', 'referenceTypeName': 'eStructuralFeatures'}" 
},{
	 "source": "85", 
	 "target": "86", 
	 "label": "{'changeType': 'Preserve', 'type': 'reference', 'referenceTypeName': 'eContainingClass'}" 
},{
	 "source": "87", 
	 "target": "85", 
	 "label": "{'changeType': 'Preserve', 'type': 'reference', 'referenceTypeName': 'eStructuralFeatures'}" 
},{
	 "source": "85", 
	 "target": "87", 
	 "label": "{'changeType': 'Preserve', 'type': 'reference', 'referenceTypeName': 'eContainingClass'}" 
},{
	 "source": "88", 
	 "target": "85", 
	 "label": "{'changeType': 'Preserve', 'type': 'reference', 'referenceTypeName': 'eStructuralFeatures'}" 
},{
	 "source": "85", 
	 "target": "88", 
	 "label": "{'changeType': 'Preserve', 'type': 'reference', 'referenceTypeName': 'eContainingClass'}" 
},{
	 "source": "89", 
	 "target": "85", 
	 "label": "{'changeType': 'Preserve', 'type': 'reference', 'referenceTypeName': 'eStructuralFeatures'}" 
},{
	 "source": "85", 
	 "target": "89", 
	 "label": "{'changeType': 'Preserve', 'type': 'reference', 'referenceTypeName': 'eContainingClass'}" 
},{
	 "source": "90", 
	 "target": "85", 
	 "label": "{'changeType': 'Preserve', 'type': 'reference', 'referenceTypeName': 'eStructuralFeatures'}" 
},{
	 "source": "85", 
	 "target": "90", 
	 "label": "{'changeType': 'Preserve', 'type': 'reference', 'referenceTypeName': 'eContainingClass'}" 
},{
	 "source": "91", 
	 "target": "85", 
	 "label": "{'changeType': 'Preserve', 'type': 'reference', 'referenceTypeName': 'eGenericSuperTypes'}" 
},{
	 "source": "92", 
	 "target": "91", 
	 "label": "{'changeType': 'Preserve', 'type': 'reference', 'referenceTypeName': 'eTypeArguments'}" 
},{
	 "source": "93", 
	 "target": "2", 
	 "label": "{'changeType': 'Preserve', 'type': 'reference', 'referenceTypeName': 'eClassifiers'}" 
},{
	 "source": "2", 
	 "target": "93", 
	 "label": "{'changeType': 'Preserve', 'type': 'reference', 'referenceTypeName': 'ePackage'}" 
},{
	 "source": "94", 
	 "target": "2", 
	 "label": "{'changeType': 'Preserve', 'type': 'reference', 'referenceTypeName': 'eClassifiers'}" 
},{
	 "source": "2", 
	 "target": "94", 
	 "label": "{'changeType': 'Preserve', 'type': 'reference', 'referenceTypeName': 'ePackage'}" 
},{
	 "source": "95", 
	 "target": "94", 
	 "label": "{'changeType': 'Preserve', 'type': 'reference', 'referenceTypeName': 'eStructuralFeatures'}" 
},{
	 "source": "94", 
	 "target": "95", 
	 "label": "{'changeType': 'Preserve', 'type': 'reference', 'referenceTypeName': 'eContainingClass'}" 
},{
	 "source": "96", 
	 "target": "2", 
	 "label": "{'changeType': 'Preserve', 'type': 'reference', 'referenceTypeName': 'eClassifiers'}" 
},{
	 "source": "2", 
	 "target": "96", 
	 "label": "{'changeType': 'Preserve', 'type': 'reference', 'referenceTypeName': 'ePackage'}" 
},{
	 "source": "97", 
	 "target": "96", 
	 "label": "{'changeType': 'Preserve', 'type': 'reference', 'referenceTypeName': 'eStructuralFeatures'}" 
},{
	 "source": "96", 
	 "target": "97", 
	 "label": "{'changeType': 'Preserve', 'type': 'reference', 'referenceTypeName': 'eContainingClass'}" 
},{
	 "source": "98", 
	 "target": "96", 
	 "label": "{'changeType': 'Preserve', 'type': 'reference', 'referenceTypeName': 'eStructuralFeatures'}" 
},{
	 "source": "96", 
	 "target": "98", 
	 "label": "{'changeType': 'Preserve', 'type': 'reference', 'referenceTypeName': 'eContainingClass'}" 
},{
	 "source": "99", 
	 "target": "96", 
	 "label": "{'changeType': 'Preserve', 'type': 'reference', 'referenceTypeName': 'eStructuralFeatures'}" 
},{
	 "source": "96", 
	 "target": "99", 
	 "label": "{'changeType': 'Preserve', 'type': 'reference', 'referenceTypeName': 'eContainingClass'}" 
},{
	 "source": "100", 
	 "target": "2", 
	 "label": "{'changeType': 'Preserve', 'type': 'reference', 'referenceTypeName': 'eClassifiers'}" 
},{
	 "source": "2", 
	 "target": "100", 
	 "label": "{'changeType': 'Preserve', 'type': 'reference', 'referenceTypeName': 'ePackage'}" 
},{
	 "source": "101", 
	 "target": "100", 
	 "label": "{'changeType': 'Preserve', 'type': 'reference', 'referenceTypeName': 'eStructuralFeatures'}" 
},{
	 "source": "100", 
	 "target": "101", 
	 "label": "{'changeType': 'Preserve', 'type': 'reference', 'referenceTypeName': 'eContainingClass'}" 
},{
	 "source": "102", 
	 "target": "100", 
	 "label": "{'changeType': 'Preserve', 'type': 'reference', 'referenceTypeName': 'eStructuralFeatures'}" 
},{
	 "source": "100", 
	 "target": "102", 
	 "label": "{'changeType': 'Preserve', 'type': 'reference', 'referenceTypeName': 'eContainingClass'}" 
},{
	 "source": "103", 
	 "target": "100", 
	 "label": "{'changeType': 'Preserve', 'type': 'reference', 'referenceTypeName': 'eStructuralFeatures'}" 
},{
	 "source": "100", 
	 "target": "103", 
	 "label": "{'changeType': 'Preserve', 'type': 'reference', 'referenceTypeName': 'eContainingClass'}" 
},{
	 "source": "104", 
	 "target": "2", 
	 "label": "{'changeType': 'Preserve', 'type': 'reference', 'referenceTypeName': 'eClassifiers'}" 
},{
	 "source": "2", 
	 "target": "104", 
	 "label": "{'changeType': 'Preserve', 'type': 'reference', 'referenceTypeName': 'ePackage'}" 
},{
	 "source": "105", 
	 "target": "104", 
	 "label": "{'changeType': 'Preserve', 'type': 'reference', 'referenceTypeName': 'eStructuralFeatures'}" 
},{
	 "source": "104", 
	 "target": "105", 
	 "label": "{'changeType': 'Preserve', 'type': 'reference', 'referenceTypeName': 'eContainingClass'}" 
},{
	 "source": "106", 
	 "target": "2", 
	 "label": "{'changeType': 'Preserve', 'type': 'reference', 'referenceTypeName': 'eClassifiers'}" 
},{
	 "source": "2", 
	 "target": "106", 
	 "label": "{'changeType': 'Preserve', 'type': 'reference', 'referenceTypeName': 'ePackage'}" 
},{
	 "source": "107", 
	 "target": "106", 
	 "label": "{'changeType': 'Preserve', 'type': 'reference', 'referenceTypeName': 'eStructuralFeatures'}" 
},{
	 "source": "106", 
	 "target": "107", 
	 "label": "{'changeType': 'Preserve', 'type': 'reference', 'referenceTypeName': 'eContainingClass'}" 
},{
	 "source": "108", 
	 "target": "2", 
	 "label": "{'changeType': 'Preserve', 'type': 'reference', 'referenceTypeName': 'eClassifiers'}" 
},{
	 "source": "2", 
	 "target": "108", 
	 "label": "{'changeType': 'Preserve', 'type': 'reference', 'referenceTypeName': 'ePackage'}" 
},{
	 "source": "109", 
	 "target": "108", 
	 "label": "{'changeType': 'Preserve', 'type': 'reference', 'referenceTypeName': 'eStructuralFeatures'}" 
},{
	 "source": "108", 
	 "target": "109", 
	 "label": "{'changeType': 'Preserve', 'type': 'reference', 'referenceTypeName': 'eContainingClass'}" 
},{
	 "source": "110", 
	 "target": "108", 
	 "label": "{'changeType': 'Preserve', 'type': 'reference', 'referenceTypeName': 'eStructuralFeatures'}" 
},{
	 "source": "108", 
	 "target": "110", 
	 "label": "{'changeType': 'Preserve', 'type': 'reference', 'referenceTypeName': 'eContainingClass'}" 
},{
	 "source": "111", 
	 "target": "108", 
	 "label": "{'changeType': 'Preserve', 'type': 'reference', 'referenceTypeName': 'eStructuralFeatures'}" 
},{
	 "source": "108", 
	 "target": "111", 
	 "label": "{'changeType': 'Preserve', 'type': 'reference', 'referenceTypeName': 'eContainingClass'}" 
},{
	 "source": "112", 
	 "target": "2", 
	 "label": "{'changeType': 'Preserve', 'type': 'reference', 'referenceTypeName': 'eClassifiers'}" 
},{
	 "source": "2", 
	 "target": "112", 
	 "label": "{'changeType': 'Preserve', 'type': 'reference', 'referenceTypeName': 'ePackage'}" 
},{
	 "source": "113", 
	 "target": "2", 
	 "label": "{'changeType': 'Preserve', 'type': 'reference', 'referenceTypeName': 'eClassifiers'}" 
},{
	 "source": "2", 
	 "target": "113", 
	 "label": "{'changeType': 'Preserve', 'type': 'reference', 'referenceTypeName': 'ePackage'}" 
},{
	 "source": "114", 
	 "target": "113", 
	 "label": "{'changeType': 'Preserve', 'type': 'reference', 'referenceTypeName': 'eGenericSuperTypes'}" 
},{
	 "source": "115", 
	 "target": "114", 
	 "label": "{'changeType': 'Preserve', 'type': 'reference', 'referenceTypeName': 'eTypeArguments'}" 
},{
	 "source": "116", 
	 "target": "2", 
	 "label": "{'changeType': 'Preserve', 'type': 'reference', 'referenceTypeName': 'eClassifiers'}" 
},{
	 "source": "2", 
	 "target": "116", 
	 "label": "{'changeType': 'Preserve', 'type': 'reference', 'referenceTypeName': 'ePackage'}" 
},{
	 "source": "117", 
	 "target": "116", 
	 "label": "{'changeType': 'Preserve', 'type': 'reference', 'referenceTypeName': 'eStructuralFeatures'}" 
},{
	 "source": "116", 
	 "target": "117", 
	 "label": "{'changeType': 'Preserve', 'type': 'reference', 'referenceTypeName': 'eContainingClass'}" 
},{
	 "source": "118", 
	 "target": "116", 
	 "label": "{'changeType': 'Preserve', 'type': 'reference', 'referenceTypeName': 'eStructuralFeatures'}" 
},{
	 "source": "116", 
	 "target": "118", 
	 "label": "{'changeType': 'Preserve', 'type': 'reference', 'referenceTypeName': 'eContainingClass'}" 
},{
	 "source": "119", 
	 "target": "2", 
	 "label": "{'changeType': 'Preserve', 'type': 'reference', 'referenceTypeName': 'eClassifiers'}" 
},{
	 "source": "2", 
	 "target": "119", 
	 "label": "{'changeType': 'Preserve', 'type': 'reference', 'referenceTypeName': 'ePackage'}" 
},{
	 "source": "120", 
	 "target": "119", 
	 "label": "{'changeType': 'Preserve', 'type': 'reference', 'referenceTypeName': 'eStructuralFeatures'}" 
},{
	 "source": "119", 
	 "target": "120", 
	 "label": "{'changeType': 'Preserve', 'type': 'reference', 'referenceTypeName': 'eContainingClass'}" 
},{
	 "source": "121", 
	 "target": "2", 
	 "label": "{'changeType': 'Preserve', 'type': 'reference', 'referenceTypeName': 'eClassifiers'}" 
},{
	 "source": "2", 
	 "target": "121", 
	 "label": "{'changeType': 'Preserve', 'type': 'reference', 'referenceTypeName': 'ePackage'}" 
},{
	 "source": "122", 
	 "target": "121", 
	 "label": "{'changeType': 'Preserve', 'type': 'reference', 'referenceTypeName': 'eStructuralFeatures'}" 
},{
	 "source": "121", 
	 "target": "122", 
	 "label": "{'changeType': 'Preserve', 'type': 'reference', 'referenceTypeName': 'eContainingClass'}" 
},{
	 "source": "123", 
	 "target": "121", 
	 "label": "{'changeType': 'Preserve', 'type': 'reference', 'referenceTypeName': 'eStructuralFeatures'}" 
},{
	 "source": "121", 
	 "target": "123", 
	 "label": "{'changeType': 'Preserve', 'type': 'reference', 'referenceTypeName': 'eContainingClass'}" 
},{
	 "source": "124", 
	 "target": "2", 
	 "label": "{'changeType': 'Preserve', 'type': 'reference', 'referenceTypeName': 'eClassifiers'}" 
},{
	 "source": "2", 
	 "target": "124", 
	 "label": "{'changeType': 'Preserve', 'type': 'reference', 'referenceTypeName': 'ePackage'}" 
},{
	 "source": "125", 
	 "target": "2", 
	 "label": "{'changeType': 'Preserve', 'type': 'reference', 'referenceTypeName': 'eClassifiers'}" 
},{
	 "source": "2", 
	 "target": "125", 
	 "label": "{'changeType': 'Preserve', 'type': 'reference', 'referenceTypeName': 'ePackage'}" 
},{
	 "source": "126", 
	 "target": "125", 
	 "label": "{'changeType': 'Preserve', 'type': 'reference', 'referenceTypeName': 'eTypeParameters'}" 
},{
	 "source": "127", 
	 "target": "125", 
	 "label": "{'changeType': 'Preserve', 'type': 'reference', 'referenceTypeName': 'eStructuralFeatures'}" 
},{
	 "source": "125", 
	 "target": "127", 
	 "label": "{'changeType': 'Preserve', 'type': 'reference', 'referenceTypeName': 'eContainingClass'}" 
},{
	 "source": "128", 
	 "target": "125", 
	 "label": "{'changeType': 'Preserve', 'type': 'reference', 'referenceTypeName': 'eGenericSuperTypes'}" 
},{
	 "source": "129", 
	 "target": "128", 
	 "label": "{'changeType': 'Preserve', 'type': 'reference', 'referenceTypeName': 'eTypeArguments'}" 
},{
	 "source": "130", 
	 "target": "2", 
	 "label": "{'changeType': 'Preserve', 'type': 'reference', 'referenceTypeName': 'eClassifiers'}" 
},{
	 "source": "2", 
	 "target": "130", 
	 "label": "{'changeType': 'Preserve', 'type': 'reference', 'referenceTypeName': 'ePackage'}" 
},{
	 "source": "131", 
	 "target": "130", 
	 "label": "{'changeType': 'Preserve', 'type': 'reference', 'referenceTypeName': 'eGenericSuperTypes'}" 
},{
	 "source": "132", 
	 "target": "131", 
	 "label": "{'changeType': 'Preserve', 'type': 'reference', 'referenceTypeName': 'eTypeArguments'}" 
},{
	 "source": "133", 
	 "target": "2", 
	 "label": "{'changeType': 'Preserve', 'type': 'reference', 'referenceTypeName': 'eClassifiers'}" 
},{
	 "source": "2", 
	 "target": "133", 
	 "label": "{'changeType': 'Preserve', 'type': 'reference', 'referenceTypeName': 'ePackage'}" 
},{
	 "source": "134", 
	 "target": "2", 
	 "label": "{'changeType': 'Preserve', 'type': 'reference', 'referenceTypeName': 'eClassifiers'}" 
},{
	 "source": "2", 
	 "target": "134", 
	 "label": "{'changeType': 'Preserve', 'type': 'reference', 'referenceTypeName': 'ePackage'}" 
},{
	 "source": "135", 
	 "target": "2", 
	 "label": "{'changeType': 'Preserve', 'type': 'reference', 'referenceTypeName': 'eClassifiers'}" 
},{
	 "source": "2", 
	 "target": "135", 
	 "label": "{'changeType': 'Preserve', 'type': 'reference', 'referenceTypeName': 'ePackage'}" 
},{
	 "source": "136", 
	 "target": "2", 
	 "label": "{'changeType': 'Preserve', 'type': 'reference', 'referenceTypeName': 'eClassifiers'}" 
},{
	 "source": "2", 
	 "target": "136", 
	 "label": "{'changeType': 'Preserve', 'type': 'reference', 'referenceTypeName': 'ePackage'}" 
},{
	 "source": "137", 
	 "target": "136", 
	 "label": "{'changeType': 'Preserve', 'type': 'reference', 'referenceTypeName': 'eGenericSuperTypes'}" 
},{
	 "source": "138", 
	 "target": "137", 
	 "label": "{'changeType': 'Preserve', 'type': 'reference', 'referenceTypeName': 'eTypeArguments'}" 
},{
	 "source": "139", 
	 "target": "2", 
	 "label": "{'changeType': 'Preserve', 'type': 'reference', 'referenceTypeName': 'eClassifiers'}" 
},{
	 "source": "2", 
	 "target": "139", 
	 "label": "{'changeType': 'Preserve', 'type': 'reference', 'referenceTypeName': 'ePackage'}" 
},{
	 "source": "140", 
	 "target": "139", 
	 "label": "{'changeType': 'Preserve', 'type': 'reference', 'referenceTypeName': 'eGenericSuperTypes'}" 
},{
	 "source": "141", 
	 "target": "140", 
	 "label": "{'changeType': 'Preserve', 'type': 'reference', 'referenceTypeName': 'eTypeArguments'}" 
},{
	 "source": "142", 
	 "target": "2", 
	 "label": "{'changeType': 'Preserve', 'type': 'reference', 'referenceTypeName': 'eClassifiers'}" 
},{
	 "source": "2", 
	 "target": "142", 
	 "label": "{'changeType': 'Preserve', 'type': 'reference', 'referenceTypeName': 'ePackage'}" 
},{
	 "source": "143", 
	 "target": "2", 
	 "label": "{'changeType': 'Preserve', 'type': 'reference', 'referenceTypeName': 'eClassifiers'}" 
},{
	 "source": "2", 
	 "target": "143", 
	 "label": "{'changeType': 'Preserve', 'type': 'reference', 'referenceTypeName': 'ePackage'}" 
},{
	 "source": "144", 
	 "target": "143", 
	 "label": "{'changeType': 'Preserve', 'type': 'reference', 'referenceTypeName': 'eGenericSuperTypes'}" 
},{
	 "source": "145", 
	 "target": "144", 
	 "label": "{'changeType': 'Preserve', 'type': 'reference', 'referenceTypeName': 'eTypeArguments'}" 
}]}