{"directed": true, "multigraph": false, "graph": {}, 
  "nodes": [{
	 "id": "0", 
	 "label": "{'changeType': 'Delete', 'type': 'object', 'className': 'EAttribute', 'attributes': {'id': '_OumBOd6tEei97MD7GK1RmA', 'name':'horizontal','ordered':'true','unique':'true','lowerBound':'0','upperBound':'1','many':'false','required':'false','eType':'EBoolean','eGenericType':'org.eclipse.emf.ecore.impl.EGenericTypeImpl@4ddb9a8 (expression: EBoolean)','changeable':'true','volatile':'false','transient':'false','defaultValue':'false','unsettable':'false','derived':'false','eContainingClass':'TrimContainer','iD':'false','eAttributeType':'EBoolean'}}" 
},{
	 "id": "1", 
	 "label": "{'changeType': 'Preserve', 'type': 'object', 'className': 'EClass', 'attributes': {'id': '_OumBNt6tEei97MD7GK1RmA', 'name':'TrimContainer','ePackage':'application','eTypeParameters':['T'],'abstract':'true','interface':'false','eStructuralFeatures':['horizontal','side'],'eGenericSuperTypes':['org.eclipse.emf.ecore.impl.EGenericTypeImpl@5002be8e (expression: ElementContainer<T>)']}}" 
},{
	 "id": "2", 
	 "label": "{'changeType': 'Preserve', 'type': 'object', 'className': 'EPackage', 'attributes': {'id': '_LWKscd6tEei97MD7GK1RmA', 'name':'application','nsURI':'http://www.eclipse.org/ui/2008/UIModel','nsPrefix':'application','eFactoryInstance':'org.eclipse.emf.ecore.impl.EFactoryImpl@559962f4','eClassifiers':['V____________ConstantsAndTypes_____________V','SideValue','IEclipseContext','ParameterizedCommand','V____________Abstract_____________V','ApplicationElement','Contribution','Dirtyable','Input','UIElement','...']}}" 
},{
	 "id": "3", 
	 "label": "{'changeType': 'Preserve', 'type': 'object', 'className': 'EClass', 'attributes': {'id': '_Pw0S0t6tEei97MD7GK1RmA', 'name':'V____________ConstantsAndTypes_____________V','ePackage':'application','abstract':'true','interface':'true'}}" 
},{
	 "id": "4", 
	 "label": "{'changeType': 'Preserve', 'type': 'object', 'className': 'EEnum', 'attributes': {'id': '_OumA096tEei97MD7GK1RmA', 'name':'SideValue','defaultValue':'Top','ePackage':'application','serializable':'true','eLiterals':['Top','Bottom','Left','Right']}}" 
},{
	 "id": "5", 
	 "label": "{'changeType': 'Preserve', 'type': 'object', 'className': 'EEnumLiteral', 'attributes': {'id': '_OumA1N6tEei97MD7GK1RmA', 'name':'Top','value':'0','instance':'Top','literal':'Top','eEnum':'SideValue'}}" 
},{
	 "id": "6", 
	 "label": "{'changeType': 'Preserve', 'type': 'object', 'className': 'EEnumLiteral', 'attributes': {'id': '_OumA1d6tEei97MD7GK1RmA', 'name':'Bottom','value':'1','instance':'Bottom','literal':'Bottom','eEnum':'SideValue'}}" 
},{
	 "id": "7", 
	 "label": "{'changeType': 'Preserve', 'type': 'object', 'className': 'EEnumLiteral', 'attributes': {'id': '_OumA1t6tEei97MD7GK1RmA', 'name':'Left','value':'2','instance':'Left','literal':'Left','eEnum':'SideValue'}}" 
},{
	 "id": "8", 
	 "label": "{'changeType': 'Preserve', 'type': 'object', 'className': 'EEnumLiteral', 'attributes': {'id': '_OumA196tEei97MD7GK1RmA', 'name':'Right','value':'3','instance':'Right','literal':'Right','eEnum':'SideValue'}}" 
},{
	 "id": "9", 
	 "label": "{'changeType': 'Preserve', 'type': 'object', 'className': 'EDataType', 'attributes': {'id': '_LWKsn96tEei97MD7GK1RmA', 'name':'IEclipseContext','instanceClassName':'org.eclipse.e4.core.services.context.IEclipseContext','instanceTypeName':'org.eclipse.e4.core.services.context.IEclipseContext','ePackage':'application','serializable':'false'}}" 
},{
	 "id": "10", 
	 "label": "{'changeType': 'Preserve', 'type': 'object', 'className': 'EDataType', 'attributes': {'id': '_LWKsoN6tEei97MD7GK1RmA', 'name':'ParameterizedCommand','instanceClassName':'org.eclipse.core.commands.ParameterizedCommand','instanceClass':'class org.eclipse.core.commands.ParameterizedCommand','instanceTypeName':'org.eclipse.core.commands.ParameterizedCommand','ePackage':'application','serializable':'false'}}" 
},{
	 "id": "11", 
	 "label": "{'changeType': 'Preserve', 'type': 'object', 'className': 'EClass', 'attributes': {'id': '_LWKsct6tEei97MD7GK1RmA', 'name':'V____________Abstract_____________V','ePackage':'application','abstract':'true','interface':'true'}}" 
},{
	 "id": "12", 
	 "label": "{'changeType': 'Preserve', 'type': 'object', 'className': 'EClass', 'attributes': {'id': '_LWKsc96tEei97MD7GK1RmA', 'name':'ApplicationElement','ePackage':'application','abstract':'true','interface':'false','eStructuralFeatures':['id']}}" 
},{
	 "id": "13", 
	 "label": "{'changeType': 'Preserve', 'type': 'object', 'className': 'EAttribute', 'attributes': {'id': '_LWKsdN6tEei97MD7GK1RmA', 'name':'id','ordered':'true','unique':'true','lowerBound':'0','upperBound':'1','many':'false','required':'false','eType':'EString','eGenericType':'org.eclipse.emf.ecore.impl.EGenericTypeImpl@2987b699 (expression: EString)','changeable':'true','volatile':'false','transient':'false','unsettable':'false','derived':'false','eContainingClass':'ApplicationElement','iD':'false','eAttributeType':'EString'}}" 
},{
	 "id": "14", 
	 "label": "{'changeType': 'Preserve', 'type': 'object', 'className': 'EClass', 'attributes': {'id': '_LWKsdt6tEei97MD7GK1RmA', 'name':'Contribution','ePackage':'application','abstract':'true','interface':'false','eStructuralFeatures':['URI','object','persistedState'],'eGenericSuperTypes':['org.eclipse.emf.ecore.impl.EGenericTypeImpl@75ef1392 (expression: ApplicationElement)']}}" 
},{
	 "id": "15", 
	 "label": "{'changeType': 'Preserve', 'type': 'object', 'className': 'EAttribute', 'attributes': {'id': '_LWKsd96tEei97MD7GK1RmA', 'name':'URI','ordered':'true','unique':'true','lowerBound':'0','upperBound':'1','many':'false','required':'false','eType':'EString','eGenericType':'org.eclipse.emf.ecore.impl.EGenericTypeImpl@56d6e2e1 (expression: EString)','changeable':'true','volatile':'false','transient':'false','unsettable':'false','derived':'false','eContainingClass':'Contribution','iD':'false','eAttributeType':'EString'}}" 
},{
	 "id": "16", 
	 "label": "{'changeType': 'Preserve', 'type': 'object', 'className': 'EAttribute', 'attributes': {'id': '_LWKsed6tEei97MD7GK1RmA', 'name':'object','ordered':'true','unique':'true','lowerBound':'0','upperBound':'1','many':'false','required':'false','eType':'EJavaObject','eGenericType':'org.eclipse.emf.ecore.impl.EGenericTypeImpl@43e86c0c (expression: EJavaObject)','changeable':'true','volatile':'false','transient':'true','unsettable':'false','derived':'false','eContainingClass':'Contribution','iD':'false','eAttributeType':'EJavaObject'}}" 
},{
	 "id": "17", 
	 "label": "{'changeType': 'Preserve', 'type': 'object', 'className': 'EAttribute', 'attributes': {'id': '_LWKse96tEei97MD7GK1RmA', 'name':'persistedState','ordered':'true','unique':'true','lowerBound':'0','upperBound':'1','many':'false','required':'false','eType':'EString','eGenericType':'org.eclipse.emf.ecore.impl.EGenericTypeImpl@6d4c7248 (expression: EString)','changeable':'true','volatile':'false','transient':'false','unsettable':'false','derived':'false','eContainingClass':'Contribution','iD':'false','eAttributeType':'EString'}}" 
},{
	 "id": "18", 
	 "label": "{'changeType': 'Preserve', 'type': 'object', 'className': 'EClass', 'attributes': {'id': '_N8kuEt6tEei97MD7GK1RmA', 'name':'Dirtyable','ePackage':'application','abstract':'true','interface':'false','eStructuralFeatures':['dirty']}}" 
},{
	 "id": "19", 
	 "label": "{'changeType': 'Preserve', 'type': 'object', 'className': 'EAttribute', 'attributes': {'id': '_MWuxqd6tEei97MD7GK1RmA', 'name':'dirty','ordered':'true','unique':'true','lowerBound':'0','upperBound':'1','many':'false','required':'false','eType':'EBoolean','eGenericType':'org.eclipse.emf.ecore.impl.EGenericTypeImpl@79c2bc34 (expression: EBoolean)','changeable':'true','volatile':'false','transient':'true','defaultValue':'false','unsettable':'false','derived':'false','eContainingClass':'Dirtyable','iD':'false','eAttributeType':'EBoolean'}}" 
},{
	 "id": "20", 
	 "label": "{'changeType': 'Preserve', 'type': 'object', 'className': 'EClass', 'attributes': {'id': '_LWKsht6tEei97MD7GK1RmA', 'name':'Input','ePackage':'application','abstract':'true','interface':'false','eStructuralFeatures':['inputURI']}}" 
},{
	 "id": "21", 
	 "label": "{'changeType': 'Preserve', 'type': 'object', 'className': 'EAttribute', 'attributes': {'id': '_LWKsh96tEei97MD7GK1RmA', 'name':'inputURI','ordered':'true','unique':'true','lowerBound':'0','upperBound':'1','many':'false','required':'false','eType':'EString','eGenericType':'org.eclipse.emf.ecore.impl.EGenericTypeImpl@3369e2ce (expression: EString)','changeable':'true','volatile':'false','transient':'false','unsettable':'false','derived':'false','eContainingClass':'Input','iD':'false','eAttributeType':'EString'}}" 
},{
	 "id": "22", 
	 "label": "{'changeType': 'Preserve', 'type': 'object', 'className': 'EClass', 'attributes': {'id': '_LWKsld6tEei97MD7GK1RmA', 'name':'UIElement','ePackage':'application','abstract':'true','interface':'false','eStructuralFeatures':['widget','renderer','toBeRendered','onTop','visible','parent'],'eGenericSuperTypes':['org.eclipse.emf.ecore.impl.EGenericTypeImpl@3a2a56f6 (expression: ApplicationElement)']}}" 
},{
	 "id": "23", 
	 "label": "{'changeType': 'Preserve', 'type': 'object', 'className': 'EAttribute', 'attributes': {'id': '_LWKslt6tEei97MD7GK1RmA', 'name':'widget','ordered':'true','unique':'true','lowerBound':'0','upperBound':'1','many':'false','required':'false','eType':'EJavaObject','eGenericType':'org.eclipse.emf.ecore.impl.EGenericTypeImpl@160e45c8 (expression: EJavaObject)','changeable':'true','volatile':'false','transient':'true','unsettable':'false','derived':'false','eContainingClass':'UIElement','iD':'false','eAttributeType':'EJavaObject'}}" 
},{
	 "id": "24", 
	 "label": "{'changeType': 'Preserve', 'type': 'object', 'className': 'EAttribute', 'attributes': {'id': '_PPxbd96tEei97MD7GK1RmA', 'name':'renderer','ordered':'true','unique':'true','lowerBound':'0','upperBound':'1','many':'false','required':'false','eType':'EJavaObject','eGenericType':'org.eclipse.emf.ecore.impl.EGenericTypeImpl@17e8caf2 (expression: EJavaObject)','changeable':'true','volatile':'false','transient':'true','unsettable':'false','derived':'false','eContainingClass':'UIElement','iD':'false','eAttributeType':'EJavaObject'}}" 
},{
	 "id": "25", 
	 "label": "{'changeType': 'Preserve', 'type': 'object', 'className': 'EAttribute', 'attributes': {'id': '_PPxbed6tEei97MD7GK1RmA', 'name':'toBeRendered','ordered':'true','unique':'true','lowerBound':'0','upperBound':'1','many':'false','required':'false','eType':'EBoolean','eGenericType':'org.eclipse.emf.ecore.impl.EGenericTypeImpl@7488c183 (expression: EBoolean)','changeable':'true','volatile':'false','transient':'false','defaultValueLiteral':'true','defaultValue':'true','unsettable':'false','derived':'false','eContainingClass':'UIElement','iD':'false','eAttributeType':'EBoolean'}}" 
},{
	 "id": "26", 
	 "label": "{'changeType': 'Preserve', 'type': 'object', 'className': 'EAttribute', 'attributes': {'id': '_QCOMAt6tEei97MD7GK1RmA', 'name':'onTop','ordered':'true','unique':'true','lowerBound':'0','upperBound':'1','many':'false','required':'false','eType':'EBoolean','eGenericType':'org.eclipse.emf.ecore.impl.EGenericTypeImpl@37196d53 (expression: EBoolean)','changeable':'true','volatile':'false','transient':'false','defaultValue':'false','unsettable':'false','derived':'false','eContainingClass':'UIElement','iD':'false','eAttributeType':'EBoolean'}}" 
},{
	 "id": "27", 
	 "label": "{'changeType': 'Preserve', 'type': 'object', 'className': 'EAttribute', 'attributes': {'id': '_LWKsmt6tEei97MD7GK1RmA', 'name':'visible','ordered':'true','unique':'true','lowerBound':'0','upperBound':'1','many':'false','required':'false','eType':'EBoolean','eGenericType':'org.eclipse.emf.ecore.impl.EGenericTypeImpl@72a61e61 (expression: EBoolean)','changeable':'true','volatile':'false','transient':'false','defaultValueLiteral':'true','defaultValue':'true','unsettable':'false','derived':'false','eContainingClass':'UIElement','iD':'false','eAttributeType':'EBoolean'}}" 
},{
	 "id": "28", 
	 "label": "{'changeType': 'Preserve', 'type': 'object', 'className': 'EReference', 'attributes': {'id': '_LWKsnN6tEei97MD7GK1RmA', 'name':'parent','ordered':'true','unique':'true','lowerBound':'0','upperBound':'1','many':'false','required':'false','eType':'ElementContainer','eGenericType':'org.eclipse.emf.ecore.impl.EGenericTypeImpl@54a5799f (expression: ElementContainer<UIElement>)','changeable':'true','volatile':'false','transient':'false','unsettable':'false','derived':'false','eContainingClass':'UIElement','containment':'false','container':'true','resolveProxies':'true','eOpposite':'children','eReferenceType':'ElementContainer'}}" 
},{
	 "id": "29", 
	 "label": "{'changeType': 'Preserve', 'type': 'object', 'className': 'EGenericType', 'attributes': {'id': '//UIElement/parent/@eGenericType', 'eTypeArguments':['org.eclipse.emf.ecore.impl.EGenericTypeImpl@162e29a1 (expression: UIElement)'],'eRawType':'ElementContainer','eClassifier':'ElementContainer'}}" 
},{
	 "id": "30", 
	 "label": "{'changeType': 'Preserve', 'type': 'object', 'className': 'EGenericType', 'attributes': {'id': '_LWKsnt6tEei97MD7GK1RmA', 'eRawType':'UIElement','eClassifier':'UIElement'}}" 
},{
	 "id": "31", 
	 "label": "{'changeType': 'Preserve', 'type': 'object', 'className': 'EClass', 'attributes': {'id': '_PgR8nd6tEei97MD7GK1RmA', 'name':'UILabel','ePackage':'application','abstract':'true','interface':'false','eStructuralFeatures':['label','iconURI','tooltip']}}" 
},{
	 "id": "32", 
	 "label": "{'changeType': 'Preserve', 'type': 'object', 'className': 'EAttribute', 'attributes': {'id': '_PgR8nt6tEei97MD7GK1RmA', 'name':'label','ordered':'true','unique':'true','lowerBound':'0','upperBound':'1','many':'false','required':'false','eType':'EString','eGenericType':'org.eclipse.emf.ecore.impl.EGenericTypeImpl@542beecb (expression: EString)','changeable':'true','volatile':'false','transient':'false','unsettable':'false','derived':'false','eContainingClass':'UILabel','iD':'false','eAttributeType':'EString'}}" 
},{
	 "id": "33", 
	 "label": "{'changeType': 'Preserve', 'type': 'object', 'className': 'EAttribute', 'attributes': {'id': '_LWKskd6tEei97MD7GK1RmA', 'name':'iconURI','ordered':'true','unique':'true','lowerBound':'0','upperBound':'1','many':'false','required':'false','eType':'EString','eGenericType':'org.eclipse.emf.ecore.impl.EGenericTypeImpl@2cc9a948 (expression: EString)','changeable':'true','volatile':'false','transient':'false','unsettable':'false','derived':'false','eContainingClass':'UILabel','iD':'false','eAttributeType':'EString'}}" 
},{
	 "id": "34", 
	 "label": "{'changeType': 'Preserve', 'type': 'object', 'className': 'EAttribute', 'attributes': {'id': '_LWKsk96tEei97MD7GK1RmA', 'name':'tooltip','ordered':'true','unique':'true','lowerBound':'0','upperBound':'1','many':'false','required':'false','eType':'EString','eGenericType':'org.eclipse.emf.ecore.impl.EGenericTypeImpl@647ce968 (expression: EString)','changeable':'true','volatile':'false','transient':'false','unsettable':'false','derived':'false','eContainingClass':'UILabel','iD':'false','eAttributeType':'EString'}}" 
},{
	 "id": "35", 
	 "label": "{'changeType': 'Preserve', 'type': 'object', 'className': 'EClass', 'attributes': {'id': '_LWKsod6tEei97MD7GK1RmA', 'name':'Context','ePackage':'application','abstract':'true','interface':'false','eStructuralFeatures':['context','variables']}}" 
},{
	 "id": "36", 
	 "label": "{'changeType': 'Preserve', 'type': 'object', 'className': 'EAttribute', 'attributes': {'id': '_LWKsot6tEei97MD7GK1RmA', 'name':'context','ordered':'true','unique':'true','lowerBound':'0','upperBound':'1','many':'false','required':'false','eType':'IEclipseContext','eGenericType':'org.eclipse.emf.ecore.impl.EGenericTypeImpl@74a3160d (expression: IEclipseContext)','changeable':'true','volatile':'false','transient':'true','unsettable':'false','derived':'false','eContainingClass':'Context','iD':'false','eAttributeType':'IEclipseContext'}}" 
},{
	 "id": "37", 
	 "label": "{'changeType': 'Preserve', 'type': 'object', 'className': 'EAttribute', 'attributes': {'id': '_LWKso96tEei97MD7GK1RmA', 'name':'variables','ordered':'false','unique':'true','lowerBound':'0','upperBound':'-1','many':'true','required':'false','eType':'EString','eGenericType':'org.eclipse.emf.ecore.impl.EGenericTypeImpl@498b697 (expression: EString)','changeable':'true','volatile':'false','transient':'false','unsettable':'false','derived':'false','eContainingClass':'Context','iD':'false','eAttributeType':'EString'}}" 
},{
	 "id": "38", 
	 "label": "{'changeType': 'Preserve', 'type': 'object', 'className': 'EClass', 'attributes': {'id': '_LWKspd6tEei97MD7GK1RmA', 'name':'V_________AbstractContainers__________V','ePackage':'application','abstract':'true','interface':'true'}}" 
},{
	 "id": "39", 
	 "label": "{'changeType': 'Preserve', 'type': 'object', 'className': 'EClass', 'attributes': {'id': '_LWKspt6tEei97MD7GK1RmA', 'name':'ElementContainer','ePackage':'application','eTypeParameters':['T'],'abstract':'true','interface':'false','eStructuralFeatures':['children','activeChild'],'eGenericSuperTypes':['org.eclipse.emf.ecore.impl.EGenericTypeImpl@22e95960 (expression: UIElement)']}}" 
},{
	 "id": "40", 
	 "label": "{'changeType': 'Preserve', 'type': 'object', 'className': 'ETypeParameter', 'attributes': {'id': '_LWKsp96tEei97MD7GK1RmA', 'name':'T','eBounds':['org.eclipse.emf.ecore.impl.EGenericTypeImpl@206b959c (expression: UIElement)']}}" 
},{
	 "id": "41", 
	 "label": "{'changeType': 'Preserve', 'type': 'object', 'className': 'EReference', 'attributes': {'id': '_LWKsqd6tEei97MD7GK1RmA', 'name':'children','ordered':'true','unique':'true','lowerBound':'0','upperBound':'-1','many':'true','required':'false','eType':'UIElement','eGenericType':'org.eclipse.emf.ecore.impl.EGenericTypeImpl@1cc81ea1 (expression: T)','changeable':'true','volatile':'false','transient':'false','unsettable':'false','derived':'false','eContainingClass':'ElementContainer','containment':'true','container':'false','resolveProxies':'true','eOpposite':'parent','eReferenceType':'UIElement'}}" 
},{
	 "id": "42", 
	 "label": "{'changeType': 'Preserve', 'type': 'object', 'className': 'EReference', 'attributes': {'id': '_LWKsq96tEei97MD7GK1RmA', 'name':'activeChild','ordered':'true','unique':'true','lowerBound':'0','upperBound':'1','many':'false','required':'false','eType':'UIElement','eGenericType':'org.eclipse.emf.ecore.impl.EGenericTypeImpl@204a02a4 (expression: T)','changeable':'true','volatile':'false','transient':'false','unsettable':'false','derived':'false','eContainingClass':'ElementContainer','containment':'false','container':'false','resolveProxies':'true','eReferenceType':'UIElement'}}" 
},{
	 "id": "43", 
	 "label": "{'changeType': 'Preserve', 'type': 'object', 'className': 'EClass', 'attributes': {'id': '_LWKsrd6tEei97MD7GK1RmA', 'name':'GenericTile','ePackage':'application','eTypeParameters':['T'],'abstract':'true','interface':'false','eStructuralFeatures':['weights','horizontal'],'eGenericSuperTypes':['org.eclipse.emf.ecore.impl.EGenericTypeImpl@64eb14da (expression: ElementContainer<T>)']}}" 
},{
	 "id": "44", 
	 "label": "{'changeType': 'Preserve', 'type': 'object', 'className': 'ETypeParameter', 'attributes': {'id': '_LWKsrt6tEei97MD7GK1RmA', 'name':'T','eBounds':['org.eclipse.emf.ecore.impl.EGenericTypeImpl@4a68cbc5 (expression: UIElement)']}}" 
},{
	 "id": "45", 
	 "label": "{'changeType': 'Preserve', 'type': 'object', 'className': 'EAttribute', 'attributes': {'id': '_LWKssN6tEei97MD7GK1RmA', 'name':'weights','ordered':'true','unique':'false','lowerBound':'0','upperBound':'-1','many':'true','required':'false','eType':'EInt','eGenericType':'org.eclipse.emf.ecore.impl.EGenericTypeImpl@4270705f (expression: EInt)','changeable':'true','volatile':'false','transient':'false','unsettable':'false','derived':'false','eContainingClass':'GenericTile','iD':'false','eAttributeType':'EInt'}}" 
},{
	 "id": "46", 
	 "label": "{'changeType': 'Preserve', 'type': 'object', 'className': 'EAttribute', 'attributes': {'id': '_LWKsst6tEei97MD7GK1RmA', 'name':'horizontal','ordered':'true','unique':'true','lowerBound':'0','upperBound':'1','many':'false','required':'false','eType':'EBoolean','eGenericType':'org.eclipse.emf.ecore.impl.EGenericTypeImpl@63537871 (expression: EBoolean)','changeable':'true','volatile':'false','transient':'false','defaultValue':'false','unsettable':'false','derived':'false','eContainingClass':'GenericTile','iD':'false','eAttributeType':'EBoolean'}}" 
},{
	 "id": "47", 
	 "label": "{'changeType': 'Preserve', 'type': 'object', 'className': 'EGenericType', 'attributes': {'id': '//GenericTile/@eGenericSuperTypes.0', 'eTypeArguments':['org.eclipse.emf.ecore.impl.EGenericTypeImpl@25587290 (expression: T)'],'eRawType':'ElementContainer','eClassifier':'ElementContainer'}}" 
},{
	 "id": "48", 
	 "label": "{'changeType': 'Preserve', 'type': 'object', 'className': 'EGenericType', 'attributes': {'id': '_LWKstd6tEei97MD7GK1RmA', 'eRawType':'UIElement','eTypeParameter':'T'}}" 
},{
	 "id": "49", 
	 "label": "{'changeType': 'Preserve', 'type': 'object', 'className': 'EClass', 'attributes': {'id': '_Pw0TE96tEei97MD7GK1RmA', 'name':'V______________MenusAndTBs_______________V','ePackage':'application','abstract':'true','interface':'true'}}" 
},{
	 "id": "50", 
	 "label": "{'changeType': 'Preserve', 'type': 'object', 'className': 'EClass', 'attributes': {'id': '_LWKsz96tEei97MD7GK1RmA', 'name':'Item','ePackage':'application','abstract':'false','interface':'false','eStructuralFeatures':['enabled','selected','separator'],'eGenericSuperTypes':['org.eclipse.emf.ecore.impl.EGenericTypeImpl@430f0c63 (expression: UIElement)','org.eclipse.emf.ecore.impl.EGenericTypeImpl@25a52a60 (expression: UILabel)']}}" 
},{
	 "id": "51", 
	 "label": "{'changeType': 'Preserve', 'type': 'object', 'className': 'EAttribute', 'attributes': {'id': '_LWKs0N6tEei97MD7GK1RmA', 'name':'enabled','ordered':'true','unique':'true','lowerBound':'0','upperBound':'1','many':'false','required':'false','eType':'EBoolean','eGenericType':'org.eclipse.emf.ecore.impl.EGenericTypeImpl@1e75af65 (expression: EBoolean)','changeable':'true','volatile':'false','transient':'false','defaultValueLiteral':'true','defaultValue':'true','unsettable':'false','derived':'false','eContainingClass':'Item','iD':'false','eAttributeType':'EBoolean'}}" 
},{
	 "id": "52", 
	 "label": "{'changeType': 'Preserve', 'type': 'object', 'className': 'EAttribute', 'attributes': {'id': '_LWKs0t6tEei97MD7GK1RmA', 'name':'selected','ordered':'true','unique':'true','lowerBound':'0','upperBound':'1','many':'false','required':'false','eType':'EBoolean','eGenericType':'org.eclipse.emf.ecore.impl.EGenericTypeImpl@29d81c22 (expression: EBoolean)','changeable':'true','volatile':'false','transient':'false','defaultValue':'false','unsettable':'false','derived':'false','eContainingClass':'Item','iD':'false','eAttributeType':'EBoolean'}}" 
},{
	 "id": "53", 
	 "label": "{'changeType': 'Preserve', 'type': 'object', 'className': 'EAttribute', 'attributes': {'id': '_LWKs1N6tEei97MD7GK1RmA', 'name':'separator','ordered':'true','unique':'true','lowerBound':'0','upperBound':'1','many':'false','required':'false','eType':'EBoolean','eGenericType':'org.eclipse.emf.ecore.impl.EGenericTypeImpl@2bee1c13 (expression: EBoolean)','changeable':'true','volatile':'false','transient':'false','defaultValue':'false','unsettable':'false','derived':'false','eContainingClass':'Item','iD':'false','eAttributeType':'EBoolean'}}" 
},{
	 "id": "54", 
	 "label": "{'changeType': 'Preserve', 'type': 'object', 'className': 'EClass', 'attributes': {'id': '_LWKs296tEei97MD7GK1RmA', 'name':'MenuItem','ePackage':'application','abstract':'false','interface':'false','eGenericSuperTypes':['org.eclipse.emf.ecore.impl.EGenericTypeImpl@5f8d4b51 (expression: Menu)','org.eclipse.emf.ecore.impl.EGenericTypeImpl@71098fb3 (expression: Item)']}}" 
},{
	 "id": "55", 
	 "label": "{'changeType': 'Preserve', 'type': 'object', 'className': 'EClass', 'attributes': {'id': '_NZlWKt6tEei97MD7GK1RmA', 'name':'DirectMenuItem','ePackage':'application','abstract':'false','interface':'false','eGenericSuperTypes':['org.eclipse.emf.ecore.impl.EGenericTypeImpl@2ebcbf9d (expression: Contribution)','org.eclipse.emf.ecore.impl.EGenericTypeImpl@7bfc36d5 (expression: MenuItem)']}}" 
},{
	 "id": "56", 
	 "label": "{'changeType': 'Preserve', 'type': 'object', 'className': 'EClass', 'attributes': {'id': '_LWKs3N6tEei97MD7GK1RmA', 'name':'Menu','ePackage':'application','abstract':'false','interface':'false','eGenericSuperTypes':['org.eclipse.emf.ecore.impl.EGenericTypeImpl@7abd75fc (expression: UIElement)','org.eclipse.emf.ecore.impl.EGenericTypeImpl@31b67d61 (expression: ElementContainer<MenuItem>)']}}" 
},{
	 "id": "57", 
	 "label": "{'changeType': 'Preserve', 'type': 'object', 'className': 'EGenericType', 'attributes': {'id': '//Menu/@eGenericSuperTypes.1', 'eTypeArguments':['org.eclipse.emf.ecore.impl.EGenericTypeImpl@2b66bf1c (expression: MenuItem)'],'eRawType':'ElementContainer','eClassifier':'ElementContainer'}}" 
},{
	 "id": "58", 
	 "label": "{'changeType': 'Preserve', 'type': 'object', 'className': 'EGenericType', 'attributes': {'id': '_LWKs396tEei97MD7GK1RmA', 'eRawType':'MenuItem','eClassifier':'MenuItem'}}" 
},{
	 "id": "59", 
	 "label": "{'changeType': 'Preserve', 'type': 'object', 'className': 'EClass', 'attributes': {'id': '_LWKs4N6tEei97MD7GK1RmA', 'name':'ToolItem','ePackage':'application','abstract':'false','interface':'false','eGenericSuperTypes':['org.eclipse.emf.ecore.impl.EGenericTypeImpl@56ec6ac0 (expression: Item)','org.eclipse.emf.ecore.impl.EGenericTypeImpl@54b35809 (expression: ElementContainer<MenuItem>)']}}" 
},{
	 "id": "60", 
	 "label": "{'changeType': 'Preserve', 'type': 'object', 'className': 'EGenericType', 'attributes': {'id': '//ToolItem/@eGenericSuperTypes.1', 'eTypeArguments':['org.eclipse.emf.ecore.impl.EGenericTypeImpl@4a3383dc (expression: MenuItem)'],'eRawType':'ElementContainer','eClassifier':'ElementContainer'}}" 
},{
	 "id": "61", 
	 "label": "{'changeType': 'Preserve', 'type': 'object', 'className': 'EGenericType', 'attributes': {'id': '_OumBW96tEei97MD7GK1RmA', 'eRawType':'MenuItem','eClassifier':'MenuItem'}}" 
},{
	 "id": "62", 
	 "label": "{'changeType': 'Preserve', 'type': 'object', 'className': 'EClass', 'attributes': {'id': '_NZlWNd6tEei97MD7GK1RmA', 'name':'DirectToolItem','ePackage':'application','abstract':'false','interface':'false','eGenericSuperTypes':['org.eclipse.emf.ecore.impl.EGenericTypeImpl@47c15468 (expression: Contribution)','org.eclipse.emf.ecore.impl.EGenericTypeImpl@9fc2f89 (expression: ToolItem)']}}" 
},{
	 "id": "63", 
	 "label": "{'changeType': 'Preserve', 'type': 'object', 'className': 'EClass', 'attributes': {'id': '_LWKs5N6tEei97MD7GK1RmA', 'name':'ToolBar','ePackage':'application','abstract':'false','interface':'false','eGenericSuperTypes':['org.eclipse.emf.ecore.impl.EGenericTypeImpl@591ba330 (expression: UIElement)','org.eclipse.emf.ecore.impl.EGenericTypeImpl@14b4ce6f (expression: ElementContainer<ToolItem>)']}}" 
},{
	 "id": "64", 
	 "label": "{'changeType': 'Preserve', 'type': 'object', 'className': 'EGenericType', 'attributes': {'id': '//ToolBar/@eGenericSuperTypes.1', 'eTypeArguments':['org.eclipse.emf.ecore.impl.EGenericTypeImpl@7c5c2b17 (expression: ToolItem)'],'eRawType':'ElementContainer','eClassifier':'ElementContainer'}}" 
},{
	 "id": "65", 
	 "label": "{'changeType': 'Preserve', 'type': 'object', 'className': 'EGenericType', 'attributes': {'id': '_LWKs596tEei97MD7GK1RmA', 'eRawType':'ToolItem','eClassifier':'ToolItem'}}" 
},{
	 "id": "66", 
	 "label": "{'changeType': 'Preserve', 'type': 'object', 'className': 'EClass', 'attributes': {'id': '_LWKsyN6tEei97MD7GK1RmA', 'name':'V______________RCP_______________V','ePackage':'application','abstract':'true','interface':'true'}}" 
},{
	 "id": "67", 
	 "label": "{'changeType': 'Preserve', 'type': 'object', 'className': 'EClass', 'attributes': {'id': '_LWKsyd6tEei97MD7GK1RmA', 'name':'Application','ePackage':'application','abstract':'false','interface':'false','eStructuralFeatures':['commands'],'eGenericSuperTypes':['org.eclipse.emf.ecore.impl.EGenericTypeImpl@3355d9ba (expression: Context)','org.eclipse.emf.ecore.impl.EGenericTypeImpl@5357de0e (expression: ElementContainer<Window>)','org.eclipse.emf.ecore.impl.EGenericTypeImpl@4a29a1e6 (expression: HandlerContainer)','...']}}" 
},{
	 "id": "68", 
	 "label": "{'changeType': 'Preserve', 'type': 'object', 'className': 'EReference', 'attributes': {'id': '_LWKsyt6tEei97MD7GK1RmA', 'name':'commands','ordered':'true','unique':'true','lowerBound':'0','upperBound':'-1','many':'true','required':'false','eType':'Command','eGenericType':'org.eclipse.emf.ecore.impl.EGenericTypeImpl@55821edf (expression: Command)','changeable':'true','volatile':'false','transient':'false','unsettable':'false','derived':'false','eContainingClass':'Application','containment':'true','container':'false','resolveProxies':'true','eReferenceType':'Command'}}" 
},{
	 "id": "69", 
	 "label": "{'changeType': 'Preserve', 'type': 'object', 'className': 'EGenericType', 'attributes': {'id': '//Application/@eGenericSuperTypes.1', 'eTypeArguments':['org.eclipse.emf.ecore.impl.EGenericTypeImpl@6f651ac (expression: Window)'],'eRawType':'ElementContainer','eClassifier':'ElementContainer'}}" 
},{
	 "id": "70", 
	 "label": "{'changeType': 'Preserve', 'type': 'object', 'className': 'EGenericType', 'attributes': {'id': '_LWKszd6tEei97MD7GK1RmA', 'eRawType':'Window','eClassifier':'Window'}}" 
},{
	 "id": "71", 
	 "label": "{'changeType': 'Preserve', 'type': 'object', 'className': 'EClass', 'attributes': {'id': '_LWKs6N6tEei97MD7GK1RmA', 'name':'PSCElement','ePackage':'application','abstract':'true','interface':'true','eGenericSuperTypes':['org.eclipse.emf.ecore.impl.EGenericTypeImpl@e296794 (expression: UIElement)']}}" 
},{
	 "id": "72", 
	 "label": "{'changeType': 'Preserve', 'type': 'object', 'className': 'EClass', 'attributes': {'id': '_LWKs6d6tEei97MD7GK1RmA', 'name':'Part','ePackage':'application','abstract':'false','interface':'false','eStructuralFeatures':['menus','toolbar'],'eGenericSuperTypes':['org.eclipse.emf.ecore.impl.EGenericTypeImpl@3fda8dae (expression: Contribution)','org.eclipse.emf.ecore.impl.EGenericTypeImpl@34e53c02 (expression: Context)','org.eclipse.emf.ecore.impl.EGenericTypeImpl@7135e8cd (expression: PSCElement)','...']}}" 
},{
	 "id": "73", 
	 "label": "{'changeType': 'Preserve', 'type': 'object', 'className': 'EReference', 'attributes': {'id': '_LWKs6t6tEei97MD7GK1RmA', 'name':'menus','ordered':'true','unique':'true','lowerBound':'0','upperBound':'-1','many':'true','required':'false','eType':'Menu','eGenericType':'org.eclipse.emf.ecore.impl.EGenericTypeImpl@483fe83a (expression: Menu)','changeable':'true','volatile':'false','transient':'false','unsettable':'false','derived':'false','eContainingClass':'Part','containment':'true','container':'false','resolveProxies':'true','eReferenceType':'Menu'}}" 
},{
	 "id": "74", 
	 "label": "{'changeType': 'Preserve', 'type': 'object', 'className': 'EReference', 'attributes': {'id': '_LWKs696tEei97MD7GK1RmA', 'name':'toolbar','ordered':'true','unique':'true','lowerBound':'0','upperBound':'1','many':'false','required':'false','eType':'ToolBar','eGenericType':'org.eclipse.emf.ecore.impl.EGenericTypeImpl@74babce8 (expression: ToolBar)','changeable':'true','volatile':'false','transient':'false','unsettable':'false','derived':'false','eContainingClass':'Part','containment':'true','container':'false','resolveProxies':'true','eReferenceType':'ToolBar'}}" 
},{
	 "id": "75", 
	 "label": "{'changeType': 'Preserve', 'type': 'object', 'className': 'EClass', 'attributes': {'id': '_N8kulN6tEei97MD7GK1RmA', 'name':'SaveablePart','ePackage':'application','abstract':'false','interface':'false','eGenericSuperTypes':['org.eclipse.emf.ecore.impl.EGenericTypeImpl@28e24663 (expression: Part)','org.eclipse.emf.ecore.impl.EGenericTypeImpl@2ee5c08d (expression: Dirtyable)']}}" 
},{
	 "id": "76", 
	 "label": "{'changeType': 'Preserve', 'type': 'object', 'className': 'EClass', 'attributes': {'id': '_LWKs7N6tEei97MD7GK1RmA', 'name':'PartStack','ePackage':'application','abstract':'false','interface':'false','eGenericSuperTypes':['org.eclipse.emf.ecore.impl.EGenericTypeImpl@48697181 (expression: ElementContainer<Part>)','org.eclipse.emf.ecore.impl.EGenericTypeImpl@7263b0c4 (expression: UIElement)','org.eclipse.emf.ecore.impl.EGenericTypeImpl@361c4981 (expression: PSCElement)']}}" 
},{
	 "id": "77", 
	 "label": "{'changeType': 'Preserve', 'type': 'object', 'className': 'EGenericType', 'attributes': {'id': '//PartStack/@eGenericSuperTypes.0', 'eTypeArguments':['org.eclipse.emf.ecore.impl.EGenericTypeImpl@7282f7b1 (expression: Part)'],'eRawType':'ElementContainer','eClassifier':'ElementContainer'}}" 
},{
	 "id": "78", 
	 "label": "{'changeType': 'Preserve', 'type': 'object', 'className': 'EGenericType', 'attributes': {'id': '_LWKs7t6tEei97MD7GK1RmA', 'eRawType':'Part','eClassifier':'Part'}}" 
},{
	 "id": "79", 
	 "label": "{'changeType': 'Preserve', 'type': 'object', 'className': 'EClass', 'attributes': {'id': '_LWKs8d6tEei97MD7GK1RmA', 'name':'PartSashContainer','ePackage':'application','abstract':'false','interface':'false','eGenericSuperTypes':['org.eclipse.emf.ecore.impl.EGenericTypeImpl@50a095cb (expression: GenericTile<PSCElement>)','org.eclipse.emf.ecore.impl.EGenericTypeImpl@6b2efcae (expression: PSCElement)']}}" 
},{
	 "id": "80", 
	 "label": "{'changeType': 'Preserve', 'type': 'object', 'className': 'EGenericType', 'attributes': {'id': '//PartSashContainer/@eGenericSuperTypes.0', 'eTypeArguments':['org.eclipse.emf.ecore.impl.EGenericTypeImpl@3f2afa8b (expression: PSCElement)'],'eRawType':'GenericTile','eClassifier':'GenericTile'}}" 
},{
	 "id": "81", 
	 "label": "{'changeType': 'Preserve', 'type': 'object', 'className': 'EGenericType', 'attributes': {'id': '_LWKs896tEei97MD7GK1RmA', 'eRawType':'PSCElement','eClassifier':'PSCElement'}}" 
},{
	 "id": "82", 
	 "label": "{'changeType': 'Preserve', 'type': 'object', 'className': 'EClass', 'attributes': {'id': '_LWKs9d6tEei97MD7GK1RmA', 'name':'Window','ePackage':'application','abstract':'false','interface':'false','eStructuralFeatures':['mainMenu','x','y','width','height'],'eGenericSuperTypes':['org.eclipse.emf.ecore.impl.EGenericTypeImpl@193d7ac7 (expression: UILabel)','org.eclipse.emf.ecore.impl.EGenericTypeImpl@7d0333c8 (expression: ElementContainer<PSCElement>)','org.eclipse.emf.ecore.impl.EGenericTypeImpl@2093bb6c (expression: Context)','...']}}" 
},{
	 "id": "83", 
	 "label": "{'changeType': 'Preserve', 'type': 'object', 'className': 'EReference', 'attributes': {'id': '_LWKs9t6tEei97MD7GK1RmA', 'name':'mainMenu','ordered':'true','unique':'true','lowerBound':'0','upperBound':'1','many':'false','required':'false','eType':'Menu','eGenericType':'org.eclipse.emf.ecore.impl.EGenericTypeImpl@346690d6 (expression: Menu)','changeable':'true','volatile':'false','transient':'false','unsettable':'false','derived':'false','eContainingClass':'Window','containment':'true','container':'false','resolveProxies':'true','eReferenceType':'Menu'}}" 
},{
	 "id": "84", 
	 "label": "{'changeType': 'Preserve', 'type': 'object', 'className': 'EAttribute', 'attributes': {'id': '_LWKs996tEei97MD7GK1RmA', 'name':'x','ordered':'true','unique':'true','lowerBound':'0','upperBound':'1','many':'false','required':'false','eType':'EInt','eGenericType':'org.eclipse.emf.ecore.impl.EGenericTypeImpl@70e8c019 (expression: EInt)','changeable':'true','volatile':'false','transient':'false','defaultValue':'0','unsettable':'false','derived':'false','eContainingClass':'Window','iD':'false','eAttributeType':'EInt'}}" 
},{
	 "id": "85", 
	 "label": "{'changeType': 'Preserve', 'type': 'object', 'className': 'EAttribute', 'attributes': {'id': '_LWKs-d6tEei97MD7GK1RmA', 'name':'y','ordered':'true','unique':'true','lowerBound':'0','upperBound':'1','many':'false','required':'false','eType':'EInt','eGenericType':'org.eclipse.emf.ecore.impl.EGenericTypeImpl@2a191f83 (expression: EInt)','changeable':'true','volatile':'false','transient':'false','defaultValue':'0','unsettable':'false','derived':'false','eContainingClass':'Window','iD':'false','eAttributeType':'EInt'}}" 
},{
	 "id": "86", 
	 "label": "{'changeType': 'Preserve', 'type': 'object', 'className': 'EAttribute', 'attributes': {'id': '_LWKs-96tEei97MD7GK1RmA', 'name':'width','ordered':'true','unique':'true','lowerBound':'0','upperBound':'1','many':'false','required':'false','eType':'EInt','eGenericType':'org.eclipse.emf.ecore.impl.EGenericTypeImpl@3adbd038 (expression: EInt)','changeable':'true','volatile':'false','transient':'false','defaultValue':'0','unsettable':'false','derived':'false','eContainingClass':'Window','iD':'false','eAttributeType':'EInt'}}" 
},{
	 "id": "87", 
	 "label": "{'changeType': 'Preserve', 'type': 'object', 'className': 'EAttribute', 'attributes': {'id': '_LWKs_d6tEei97MD7GK1RmA', 'name':'height','ordered':'true','unique':'true','lowerBound':'0','upperBound':'1','many':'false','required':'false','eType':'EInt','eGenericType':'org.eclipse.emf.ecore.impl.EGenericTypeImpl@3c108c05 (expression: EInt)','changeable':'true','volatile':'false','transient':'false','defaultValue':'0','unsettable':'false','derived':'false','eContainingClass':'Window','iD':'false','eAttributeType':'EInt'}}" 
},{
	 "id": "88", 
	 "label": "{'changeType': 'Preserve', 'type': 'object', 'className': 'EGenericType', 'attributes': {'id': '//Window/@eGenericSuperTypes.1', 'eTypeArguments':['org.eclipse.emf.ecore.impl.EGenericTypeImpl@185b7cc6 (expression: PSCElement)'],'eRawType':'ElementContainer','eClassifier':'ElementContainer'}}" 
},{
	 "id": "89", 
	 "label": "{'changeType': 'Preserve', 'type': 'object', 'className': 'EGenericType', 'attributes': {'id': '_LWKtAd6tEei97MD7GK1RmA', 'eRawType':'PSCElement','eClassifier':'PSCElement'}}" 
},{
	 "id": "90", 
	 "label": "{'changeType': 'Preserve', 'type': 'object', 'className': 'EClass', 'attributes': {'id': '_Pw0TUt6tEei97MD7GK1RmA', 'name':'V______________Commands_______________V','ePackage':'application','abstract':'true','interface':'true'}}" 
},{
	 "id": "91", 
	 "label": "{'changeType': 'Preserve', 'type': 'object', 'className': 'EClass', 'attributes': {'id': '_NqSEzd6tEei97MD7GK1RmA', 'name':'BindingContainer','ePackage':'application','abstract':'true','interface':'true','eStructuralFeatures':['bindings']}}" 
},{
	 "id": "92", 
	 "label": "{'changeType': 'Preserve', 'type': 'object', 'className': 'EReference', 'attributes': {'id': '_NqSEzt6tEei97MD7GK1RmA', 'name':'bindings','ordered':'true','unique':'true','lowerBound':'0','upperBound':'-1','many':'true','required':'false','eType':'KeyBinding','eGenericType':'org.eclipse.emf.ecore.impl.EGenericTypeImpl@50628080 (expression: KeyBinding)','changeable':'true','volatile':'false','transient':'false','unsettable':'false','derived':'false','eContainingClass':'BindingContainer','containment':'true','container':'false','resolveProxies':'true','eReferenceType':'KeyBinding'}}" 
},{
	 "id": "93", 
	 "label": "{'changeType': 'Preserve', 'type': 'object', 'className': 'EClass', 'attributes': {'id': '_LWKsfd6tEei97MD7GK1RmA', 'name':'Command','ePackage':'application','abstract':'false','interface':'false','eStructuralFeatures':['commandName','description','parameters'],'eGenericSuperTypes':['org.eclipse.emf.ecore.impl.EGenericTypeImpl@72015156 (expression: ApplicationElement)']}}" 
},{
	 "id": "94", 
	 "label": "{'changeType': 'Preserve', 'type': 'object', 'className': 'EAttribute', 'attributes': {'id': '_LWKshN6tEei97MD7GK1RmA', 'name':'commandName','ordered':'true','unique':'true','lowerBound':'0','upperBound':'1','many':'false','required':'false','eType':'EString','eGenericType':'org.eclipse.emf.ecore.impl.EGenericTypeImpl@bb38c49 (expression: EString)','changeable':'true','volatile':'false','transient':'false','unsettable':'false','derived':'false','eContainingClass':'Command','iD':'false','eAttributeType':'EString'}}" 
},{
	 "id": "95", 
	 "label": "{'changeType': 'Preserve', 'type': 'object', 'className': 'EAttribute', 'attributes': {'id': '_M4sPL96tEei97MD7GK1RmA', 'name':'description','ordered':'true','unique':'true','lowerBound':'0','upperBound':'1','many':'false','required':'false','eType':'EString','eGenericType':'org.eclipse.emf.ecore.impl.EGenericTypeImpl@361483eb (expression: EString)','changeable':'true','volatile':'false','transient':'false','unsettable':'false','derived':'false','eContainingClass':'Command','iD':'false','eAttributeType':'EString'}}" 
},{
	 "id": "96", 
	 "label": "{'changeType': 'Preserve', 'type': 'object', 'className': 'EReference', 'attributes': {'id': '_ONNLEt6tEei97MD7GK1RmA', 'name':'parameters','ordered':'true','unique':'true','lowerBound':'0','upperBound':'-1','many':'true','required':'false','eType':'CommandParameter','eGenericType':'org.eclipse.emf.ecore.impl.EGenericTypeImpl@155318b5 (expression: CommandParameter)','changeable':'true','volatile':'false','transient':'false','unsettable':'false','derived':'false','eContainingClass':'Command','containment':'true','container':'false','resolveProxies':'true','eReferenceType':'CommandParameter'}}" 
},{
	 "id": "97", 
	 "label": "{'changeType': 'Preserve', 'type': 'object', 'className': 'EClass', 'attributes': {'id': '_ONNLE96tEei97MD7GK1RmA', 'name':'CommandParameter','ePackage':'application','abstract':'false','interface':'false','eStructuralFeatures':['name','typeId','optional'],'eGenericSuperTypes':['org.eclipse.emf.ecore.impl.EGenericTypeImpl@724c26e0 (expression: ApplicationElement)']}}" 
},{
	 "id": "98", 
	 "label": "{'changeType': 'Preserve', 'type': 'object', 'className': 'EAttribute', 'attributes': {'id': '_ONNLFN6tEei97MD7GK1RmA', 'name':'name','ordered':'true','unique':'true','lowerBound':'1','upperBound':'1','many':'false','required':'true','eType':'EString','eGenericType':'org.eclipse.emf.ecore.impl.EGenericTypeImpl@350be5ec (expression: EString)','changeable':'true','volatile':'false','transient':'false','unsettable':'false','derived':'false','eContainingClass':'CommandParameter','iD':'false','eAttributeType':'EString'}}" 
},{
	 "id": "99", 
	 "label": "{'changeType': 'Preserve', 'type': 'object', 'className': 'EAttribute', 'attributes': {'id': '_ONNLFt6tEei97MD7GK1RmA', 'name':'typeId','ordered':'true','unique':'true','lowerBound':'0','upperBound':'1','many':'false','required':'false','eType':'EString','eGenericType':'org.eclipse.emf.ecore.impl.EGenericTypeImpl@5464aeec (expression: EString)','changeable':'true','volatile':'false','transient':'false','unsettable':'false','derived':'false','eContainingClass':'CommandParameter','iD':'false','eAttributeType':'EString'}}" 
},{
	 "id": "100", 
	 "label": "{'changeType': 'Preserve', 'type': 'object', 'className': 'EAttribute', 'attributes': {'id': '_ONNLGN6tEei97MD7GK1RmA', 'name':'optional','ordered':'true','unique':'true','lowerBound':'0','upperBound':'1','many':'false','required':'false','eType':'EBoolean','eGenericType':'org.eclipse.emf.ecore.impl.EGenericTypeImpl@71f437d7 (expression: EBoolean)','changeable':'true','volatile':'false','transient':'false','defaultValueLiteral':'true','defaultValue':'true','unsettable':'false','derived':'false','eContainingClass':'CommandParameter','iD':'false','eAttributeType':'EBoolean'}}" 
},{
	 "id": "101", 
	 "label": "{'changeType': 'Preserve', 'type': 'object', 'className': 'EClass', 'attributes': {'id': '_M4sPMd6tEei97MD7GK1RmA', 'name':'Handler','ePackage':'application','abstract':'false','interface':'false','eStructuralFeatures':['command'],'eGenericSuperTypes':['org.eclipse.emf.ecore.impl.EGenericTypeImpl@20e41f13 (expression: Contribution)']}}" 
},{
	 "id": "102", 
	 "label": "{'changeType': 'Preserve', 'type': 'object', 'className': 'EReference', 'attributes': {'id': '_M4sPMt6tEei97MD7GK1RmA', 'name':'command','ordered':'true','unique':'true','lowerBound':'1','upperBound':'1','many':'false','required':'true','eType':'Command','eGenericType':'org.eclipse.emf.ecore.impl.EGenericTypeImpl@3fa50a24 (expression: Command)','changeable':'true','volatile':'false','transient':'false','unsettable':'false','derived':'false','eContainingClass':'Handler','containment':'false','container':'false','resolveProxies':'true','eReferenceType':'Command'}}" 
},{
	 "id": "103", 
	 "label": "{'changeType': 'Preserve', 'type': 'object', 'className': 'EClass', 'attributes': {'id': '_M4sPM96tEei97MD7GK1RmA', 'name':'HandlerContainer','ePackage':'application','abstract':'true','interface':'true','eStructuralFeatures':['handlers']}}" 
},{
	 "id": "104", 
	 "label": "{'changeType': 'Preserve', 'type': 'object', 'className': 'EReference', 'attributes': {'id': '_M4sPNN6tEei97MD7GK1RmA', 'name':'handlers','ordered':'true','unique':'true','lowerBound':'0','upperBound':'-1','many':'true','required':'false','eType':'Handler','eGenericType':'org.eclipse.emf.ecore.impl.EGenericTypeImpl@49222187 (expression: Handler)','changeable':'true','volatile':'false','transient':'false','unsettable':'false','derived':'false','eContainingClass':'HandlerContainer','containment':'true','container':'false','resolveProxies':'true','eReferenceType':'Handler'}}" 
},{
	 "id": "105", 
	 "label": "{'changeType': 'Preserve', 'type': 'object', 'className': 'EClass', 'attributes': {'id': '_LWKs1t6tEei97MD7GK1RmA', 'name':'HandledItem','ePackage':'application','abstract':'false','interface':'false','eStructuralFeatures':['command','wbCommand','parameters'],'eGenericSuperTypes':['org.eclipse.emf.ecore.impl.EGenericTypeImpl@2665a2e7 (expression: Item)']}}" 
},{
	 "id": "106", 
	 "label": "{'changeType': 'Preserve', 'type': 'object', 'className': 'EReference', 'attributes': {'id': '_LWKs196tEei97MD7GK1RmA', 'name':'command','ordered':'true','unique':'true','lowerBound':'0','upperBound':'1','many':'false','required':'false','eType':'Command','eGenericType':'org.eclipse.emf.ecore.impl.EGenericTypeImpl@624be1d4 (expression: Command)','changeable':'true','volatile':'false','transient':'false','unsettable':'false','derived':'false','eContainingClass':'HandledItem','containment':'false','container':'false','resolveProxies':'true','eReferenceType':'Command'}}" 
},{
	 "id": "107", 
	 "label": "{'changeType': 'Preserve', 'type': 'object', 'className': 'EAttribute', 'attributes': {'id': '_LWKs2d6tEei97MD7GK1RmA', 'name':'wbCommand','ordered':'true','unique':'true','lowerBound':'0','upperBound':'1','many':'false','required':'false','eType':'ParameterizedCommand','eGenericType':'org.eclipse.emf.ecore.impl.EGenericTypeImpl@3897f9ae (expression: ParameterizedCommand)','changeable':'true','volatile':'false','transient':'true','unsettable':'false','derived':'false','eContainingClass':'HandledItem','iD':'false','eAttributeType':'ParameterizedCommand'}}" 
},{
	 "id": "108", 
	 "label": "{'changeType': 'Preserve', 'type': 'object', 'className': 'EReference', 'attributes': {'id': '_LWKs2t6tEei97MD7GK1RmA', 'name':'parameters','ordered':'true','unique':'true','lowerBound':'0','upperBound':'-1','many':'true','required':'false','eType':'Parameter','eGenericType':'org.eclipse.emf.ecore.impl.EGenericTypeImpl@1add90e0 (expression: Parameter)','changeable':'true','volatile':'false','transient':'false','unsettable':'false','derived':'false','eContainingClass':'HandledItem','containment':'false','container':'false','resolveProxies':'true','eReferenceType':'Parameter'}}" 
},{
	 "id": "109", 
	 "label": "{'changeType': 'Preserve', 'type': 'object', 'className': 'EClass', 'attributes': {'id': '_NZlWKd6tEei97MD7GK1RmA', 'name':'HandledMenuItem','ePackage':'application','abstract':'false','interface':'false','eGenericSuperTypes':['org.eclipse.emf.ecore.impl.EGenericTypeImpl@129e45eb (expression: MenuItem)','org.eclipse.emf.ecore.impl.EGenericTypeImpl@15c3849f (expression: HandledItem)']}}" 
},{
	 "id": "110", 
	 "label": "{'changeType': 'Preserve', 'type': 'object', 'className': 'EClass', 'attributes': {'id': '_NZlWMN6tEei97MD7GK1RmA', 'name':'HandledToolItem','ePackage':'application','abstract':'false','interface':'false','eGenericSuperTypes':['org.eclipse.emf.ecore.impl.EGenericTypeImpl@688efeb2 (expression: ElementContainer<MenuItem>)','org.eclipse.emf.ecore.impl.EGenericTypeImpl@131c5bd (expression: HandledItem)','org.eclipse.emf.ecore.impl.EGenericTypeImpl@394331a8 (expression: ToolItem)']}}" 
},{
	 "id": "111", 
	 "label": "{'changeType': 'Preserve', 'type': 'object', 'className': 'EGenericType', 'attributes': {'id': '//HandledToolItem/@eGenericSuperTypes.0', 'eTypeArguments':['org.eclipse.emf.ecore.impl.EGenericTypeImpl@85f5f55 (expression: MenuItem)'],'eRawType':'ElementContainer','eClassifier':'ElementContainer'}}" 
},{
	 "id": "112", 
	 "label": "{'changeType': 'Preserve', 'type': 'object', 'className': 'EGenericType', 'attributes': {'id': '_LWKs496tEei97MD7GK1RmA', 'eRawType':'MenuItem','eClassifier':'MenuItem'}}" 
},{
	 "id": "113", 
	 "label": "{'changeType': 'Preserve', 'type': 'object', 'className': 'EClass', 'attributes': {'id': '_NqSEy96tEei97MD7GK1RmA', 'name':'KeyBinding','ePackage':'application','abstract':'false','interface':'false','eStructuralFeatures':['command','parameters'],'eGenericSuperTypes':['org.eclipse.emf.ecore.impl.EGenericTypeImpl@7bf94e91 (expression: KeySequence)','org.eclipse.emf.ecore.impl.EGenericTypeImpl@5470753a (expression: ApplicationElement)']}}" 
},{
	 "id": "114", 
	 "label": "{'changeType': 'Preserve', 'type': 'object', 'className': 'EReference', 'attributes': {'id': '_NqSEzN6tEei97MD7GK1RmA', 'name':'command','ordered':'true','unique':'true','lowerBound':'1','upperBound':'1','many':'false','required':'true','eType':'Command','eGenericType':'org.eclipse.emf.ecore.impl.EGenericTypeImpl@7b0dfa91 (expression: Command)','changeable':'true','volatile':'false','transient':'false','unsettable':'false','derived':'false','eContainingClass':'KeyBinding','containment':'false','container':'false','resolveProxies':'true','eReferenceType':'Command'}}" 
},{
	 "id": "115", 
	 "label": "{'changeType': 'Preserve', 'type': 'object', 'className': 'EReference', 'attributes': {'id': '_ONNLud6tEei97MD7GK1RmA', 'name':'parameters','ordered':'true','unique':'true','lowerBound':'0','upperBound':'-1','many':'true','required':'false','eType':'Parameter','eGenericType':'org.eclipse.emf.ecore.impl.EGenericTypeImpl@3fdbb7ee (expression: Parameter)','changeable':'true','volatile':'false','transient':'false','unsettable':'false','derived':'false','eContainingClass':'KeyBinding','containment':'false','container':'false','resolveProxies':'true','eReferenceType':'Parameter'}}" 
},{
	 "id": "116", 
	 "label": "{'changeType': 'Preserve', 'type': 'object', 'className': 'EClass', 'attributes': {'id': '_NqSEVt6tEei97MD7GK1RmA', 'name':'KeySequence','ePackage':'application','abstract':'true','interface':'true','eStructuralFeatures':['keySequence']}}" 
},{
	 "id": "117", 
	 "label": "{'changeType': 'Preserve', 'type': 'object', 'className': 'EAttribute', 'attributes': {'id': '_NqSEV96tEei97MD7GK1RmA', 'name':'keySequence','ordered':'true','unique':'true','lowerBound':'1','upperBound':'1','many':'false','required':'true','eType':'EString','eGenericType':'org.eclipse.emf.ecore.impl.EGenericTypeImpl@663f24e6 (expression: EString)','changeable':'true','volatile':'false','transient':'false','unsettable':'false','derived':'false','eContainingClass':'KeySequence','iD':'false','eAttributeType':'EString'}}" 
},{
	 "id": "118", 
	 "label": "{'changeType': 'Preserve', 'type': 'object', 'className': 'EClass', 'attributes': {'id': '_LWKsid6tEei97MD7GK1RmA', 'name':'Parameter','ePackage':'application','abstract':'false','interface':'false','eStructuralFeatures':['tag','value'],'eGenericSuperTypes':['org.eclipse.emf.ecore.impl.EGenericTypeImpl@42150951 (expression: ApplicationElement)']}}" 
},{
	 "id": "119", 
	 "label": "{'changeType': 'Preserve', 'type': 'object', 'className': 'EAttribute', 'attributes': {'id': '_MWuxrN6tEei97MD7GK1RmA', 'name':'tag','ordered':'true','unique':'true','lowerBound':'0','upperBound':'1','many':'false','required':'false','eType':'EString','eGenericType':'org.eclipse.emf.ecore.impl.EGenericTypeImpl@3b0c38f2 (expression: EString)','changeable':'true','volatile':'false','transient':'false','unsettable':'false','derived':'false','eContainingClass':'Parameter','iD':'false','eAttributeType':'EString'}}" 
},{
	 "id": "120", 
	 "label": "{'changeType': 'Preserve', 'type': 'object', 'className': 'EAttribute', 'attributes': {'id': '_LWKsjN6tEei97MD7GK1RmA', 'name':'value','ordered':'true','unique':'true','lowerBound':'0','upperBound':'1','many':'false','required':'false','eType':'EString','eGenericType':'org.eclipse.emf.ecore.impl.EGenericTypeImpl@36f497b1 (expression: EString)','changeable':'true','volatile':'false','transient':'false','unsettable':'false','derived':'false','eContainingClass':'Parameter','iD':'false','eAttributeType':'EString'}}" 
},{
	 "id": "121", 
	 "label": "{'changeType': 'Preserve', 'type': 'object', 'className': 'EClass', 'attributes': {'id': '_Pw0Te96tEei97MD7GK1RmA', 'name':'V______________Trim_______________V','ePackage':'application','abstract':'true','interface':'true'}}" 
},{
	 "id": "122", 
	 "label": "{'changeType': 'Preserve', 'type': 'object', 'className': 'ETypeParameter', 'attributes': {'id': '_LWKst96tEei97MD7GK1RmA', 'name':'T','eBounds':['org.eclipse.emf.ecore.impl.EGenericTypeImpl@55cc4c61 (expression: UIElement)']}}" 
},{
	 "id": "123", 
	 "label": "{'changeType': 'Preserve', 'type': 'object', 'className': 'EAttribute', 'attributes': {'id': '_OumBO96tEei97MD7GK1RmA', 'name':'side','ordered':'true','unique':'true','lowerBound':'1','upperBound':'1','many':'false','required':'true','eType':'SideValue','eGenericType':'org.eclipse.emf.ecore.impl.EGenericTypeImpl@4c3c31a5 (expression: SideValue)','changeable':'true','volatile':'false','transient':'false','defaultValue':'Top','unsettable':'false','derived':'false','eContainingClass':'TrimContainer','iD':'false','eAttributeType':'SideValue'}}" 
},{
	 "id": "124", 
	 "label": "{'changeType': 'Preserve', 'type': 'object', 'className': 'EGenericType', 'attributes': {'id': '//TrimContainer/@eGenericSuperTypes.0', 'eTypeArguments':['org.eclipse.emf.ecore.impl.EGenericTypeImpl@39fb5ddf (expression: T)'],'eRawType':'ElementContainer','eClassifier':'ElementContainer'}}" 
},{
	 "id": "125", 
	 "label": "{'changeType': 'Preserve', 'type': 'object', 'className': 'EGenericType', 'attributes': {'id': '_LWKsx96tEei97MD7GK1RmA', 'eRawType':'UIElement','eTypeParameter':'T'}}" 
},{
	 "id": "126", 
	 "label": "{'changeType': 'Preserve', 'type': 'object', 'className': 'EClass', 'attributes': {'id': '_OumBhd6tEei97MD7GK1RmA', 'name':'WindowTrim','ePackage':'application','abstract':'false','interface':'false','eGenericSuperTypes':['org.eclipse.emf.ecore.impl.EGenericTypeImpl@49b180c8 (expression: TrimContainer<UIElement>)','org.eclipse.emf.ecore.impl.EGenericTypeImpl@6f740044 (expression: PSCElement)']}}" 
},{
	 "id": "127", 
	 "label": "{'changeType': 'Preserve', 'type': 'object', 'className': 'EGenericType', 'attributes': {'id': '//WindowTrim/@eGenericSuperTypes.0', 'eTypeArguments':['org.eclipse.emf.ecore.impl.EGenericTypeImpl@c02a1be (expression: UIElement)'],'eRawType':'TrimContainer','eClassifier':'TrimContainer'}}" 
},{
	 "id": "128", 
	 "label": "{'changeType': 'Preserve', 'type': 'object', 'className': 'EGenericType', 'attributes': {'id': '_OumBh96tEei97MD7GK1RmA', 'eRawType':'UIElement','eClassifier':'UIElement'}}" 
},{
	 "id": "129", 
	 "label": "{'changeType': 'Preserve', 'type': 'object', 'className': 'EClass', 'attributes': {'id': '_QCOMmd6tEei97MD7GK1RmA', 'name':'V______________Editing_______________V','ePackage':'application','abstract':'true','interface':'true'}}" 
},{
	 "id": "130", 
	 "label": "{'changeType': 'Preserve', 'type': 'object', 'className': 'EClass', 'attributes': {'id': '_LWKtEd6tEei97MD7GK1RmA', 'name':'Editor','ePackage':'application','abstract':'false','interface':'false','eGenericSuperTypes':['org.eclipse.emf.ecore.impl.EGenericTypeImpl@3e170abe (expression: Input)','org.eclipse.emf.ecore.impl.EGenericTypeImpl@712e4b18 (expression: SaveablePart)']}}" 
},{
	 "id": "131", 
	 "label": "{'changeType': 'Preserve', 'type': 'object', 'className': 'EClass', 'attributes': {'id': '_Pw0TiN6tEei97MD7GK1RmA', 'name':'V______________SharedElements_______________V','ePackage':'application','abstract':'true','interface':'true'}}" 
},{
	 "id": "132", 
	 "label": "{'changeType': 'Preserve', 'type': 'object', 'className': 'EClass', 'attributes': {'id': '_LWKtI96tEei97MD7GK1RmA', 'name':'Perspective','ePackage':'application','abstract':'false','interface':'false','eGenericSuperTypes':['org.eclipse.emf.ecore.impl.EGenericTypeImpl@21948bd1 (expression: UILabel)','org.eclipse.emf.ecore.impl.EGenericTypeImpl@22617270 (expression: ElementContainer<PSCElement>)','org.eclipse.emf.ecore.impl.EGenericTypeImpl@45c2c396 (expression: Context)','...']}}" 
},{
	 "id": "133", 
	 "label": "{'changeType': 'Preserve', 'type': 'object', 'className': 'EGenericType', 'attributes': {'id': '//Perspective/@eGenericSuperTypes.1', 'eTypeArguments':['org.eclipse.emf.ecore.impl.EGenericTypeImpl@630febd7 (expression: PSCElement)'],'eRawType':'ElementContainer','eClassifier':'ElementContainer'}}" 
},{
	 "id": "134", 
	 "label": "{'changeType': 'Preserve', 'type': 'object', 'className': 'EGenericType', 'attributes': {'id': '_O_HJ796tEei97MD7GK1RmA', 'eRawType':'PSCElement','eClassifier':'PSCElement'}}" 
},{
	 "id": "135", 
	 "label": "{'changeType': 'Preserve', 'type': 'object', 'className': 'EClass', 'attributes': {'id': '_LWKtKN6tEei97MD7GK1RmA', 'name':'PerspectiveStack','ePackage':'application','abstract':'false','interface':'false','eGenericSuperTypes':['org.eclipse.emf.ecore.impl.EGenericTypeImpl@759b05d1 (expression: UIElement)','org.eclipse.emf.ecore.impl.EGenericTypeImpl@2696b687 (expression: ElementContainer<Perspective>)','org.eclipse.emf.ecore.impl.EGenericTypeImpl@57f83c82 (expression: PSCElement)']}}" 
},{
	 "id": "136", 
	 "label": "{'changeType': 'Preserve', 'type': 'object', 'className': 'EGenericType', 'attributes': {'id': '//PerspectiveStack/@eGenericSuperTypes.1', 'eTypeArguments':['org.eclipse.emf.ecore.impl.EGenericTypeImpl@ea45a5b (expression: Perspective)'],'eRawType':'ElementContainer','eClassifier':'ElementContainer'}}" 
},{
	 "id": "137", 
	 "label": "{'changeType': 'Preserve', 'type': 'object', 'className': 'EGenericType', 'attributes': {'id': '_LWKtK96tEei97MD7GK1RmA', 'eRawType':'Perspective','eClassifier':'Perspective'}}" 
},{
	 "id": "138", 
	 "label": "{'changeType': 'Preserve', 'type': 'object', 'className': 'EClass', 'attributes': {'id': '_MWuxx96tEei97MD7GK1RmA', 'name':'V_________Testing__________V','ePackage':'application','abstract':'true','interface':'true'}}" 
},{
	 "id": "139", 
	 "label": "{'changeType': 'Preserve', 'type': 'object', 'className': 'EClass', 'attributes': {'id': '_MWuxyN6tEei97MD7GK1RmA', 'name':'TestHarness','ePackage':'application','abstract':'false','interface':'false','eGenericSuperTypes':['org.eclipse.emf.ecore.impl.EGenericTypeImpl@458b4487 (expression: ApplicationElement)','org.eclipse.emf.ecore.impl.EGenericTypeImpl@53016c98 (expression: Command)','org.eclipse.emf.ecore.impl.EGenericTypeImpl@296a71df (expression: Context)','...']}}" 
},{
	 "id": "140", 
	 "label": "{'changeType': 'Preserve', 'type': 'object', 'className': 'EGenericType', 'attributes': {'id': '//TestHarness/@eGenericSuperTypes.4', 'eTypeArguments':['org.eclipse.emf.ecore.impl.EGenericTypeImpl@ab94a32 (expression: UIElement)'],'eRawType':'ElementContainer','eClassifier':'ElementContainer'}}" 
},{
	 "id": "141", 
	 "label": "{'changeType': 'Preserve', 'type': 'object', 'className': 'EGenericType', 'attributes': {'id': '_MnTkbt6tEei97MD7GK1RmA', 'eRawType':'UIElement','eClassifier':'UIElement'}}" 
}], 
 "links": [{
	 "source": "1", 
	 "target": "0", 
	 "label": "{'changeType': 'DELETE', 'type': 'reference', 'referenceTypeName': 'eStructuralFeatures'}" 
},{
	 "source": "0", 
	 "target": "1", 
	 "label": "{'changeType': 'DELETE', 'type': 'reference', 'referenceTypeName': 'eContainingClass'}" 
},{
	 "source": "3", 
	 "target": "2", 
	 "label": "{'changeType': 'Preserve', 'type': 'reference', 'referenceTypeName': 'eClassifiers'}" 
},{
	 "source": "2", 
	 "target": "3", 
	 "label": "{'changeType': 'Preserve', 'type': 'reference', 'referenceTypeName': 'ePackage'}" 
},{
	 "source": "4", 
	 "target": "2", 
	 "label": "{'changeType': 'Preserve', 'type': 'reference', 'referenceTypeName': 'eClassifiers'}" 
},{
	 "source": "2", 
	 "target": "4", 
	 "label": "{'changeType': 'Preserve', 'type': 'reference', 'referenceTypeName': 'ePackage'}" 
},{
	 "source": "5", 
	 "target": "4", 
	 "label": "{'changeType': 'Preserve', 'type': 'reference', 'referenceTypeName': 'eLiterals'}" 
},{
	 "source": "4", 
	 "target": "5", 
	 "label": "{'changeType': 'Preserve', 'type': 'reference', 'referenceTypeName': 'eEnum'}" 
},{
	 "source": "6", 
	 "target": "4", 
	 "label": "{'changeType': 'Preserve', 'type': 'reference', 'referenceTypeName': 'eLiterals'}" 
},{
	 "source": "4", 
	 "target": "6", 
	 "label": "{'changeType': 'Preserve', 'type': 'reference', 'referenceTypeName': 'eEnum'}" 
},{
	 "source": "7", 
	 "target": "4", 
	 "label": "{'changeType': 'Preserve', 'type': 'reference', 'referenceTypeName': 'eLiterals'}" 
},{
	 "source": "4", 
	 "target": "7", 
	 "label": "{'changeType': 'Preserve', 'type': 'reference', 'referenceTypeName': 'eEnum'}" 
},{
	 "source": "8", 
	 "target": "4", 
	 "label": "{'changeType': 'Preserve', 'type': 'reference', 'referenceTypeName': 'eLiterals'}" 
},{
	 "source": "4", 
	 "target": "8", 
	 "label": "{'changeType': 'Preserve', 'type': 'reference', 'referenceTypeName': 'eEnum'}" 
},{
	 "source": "9", 
	 "target": "2", 
	 "label": "{'changeType': 'Preserve', 'type': 'reference', 'referenceTypeName': 'eClassifiers'}" 
},{
	 "source": "2", 
	 "target": "9", 
	 "label": "{'changeType': 'Preserve', 'type': 'reference', 'referenceTypeName': 'ePackage'}" 
},{
	 "source": "10", 
	 "target": "2", 
	 "label": "{'changeType': 'Preserve', 'type': 'reference', 'referenceTypeName': 'eClassifiers'}" 
},{
	 "source": "2", 
	 "target": "10", 
	 "label": "{'changeType': 'Preserve', 'type': 'reference', 'referenceTypeName': 'ePackage'}" 
},{
	 "source": "11", 
	 "target": "2", 
	 "label": "{'changeType': 'Preserve', 'type': 'reference', 'referenceTypeName': 'eClassifiers'}" 
},{
	 "source": "2", 
	 "target": "11", 
	 "label": "{'changeType': 'Preserve', 'type': 'reference', 'referenceTypeName': 'ePackage'}" 
},{
	 "source": "12", 
	 "target": "2", 
	 "label": "{'changeType': 'Preserve', 'type': 'reference', 'referenceTypeName': 'eClassifiers'}" 
},{
	 "source": "2", 
	 "target": "12", 
	 "label": "{'changeType': 'Preserve', 'type': 'reference', 'referenceTypeName': 'ePackage'}" 
},{
	 "source": "13", 
	 "target": "12", 
	 "label": "{'changeType': 'Preserve', 'type': 'reference', 'referenceTypeName': 'eStructuralFeatures'}" 
},{
	 "source": "12", 
	 "target": "13", 
	 "label": "{'changeType': 'Preserve', 'type': 'reference', 'referenceTypeName': 'eContainingClass'}" 
},{
	 "source": "14", 
	 "target": "2", 
	 "label": "{'changeType': 'Preserve', 'type': 'reference', 'referenceTypeName': 'eClassifiers'}" 
},{
	 "source": "2", 
	 "target": "14", 
	 "label": "{'changeType': 'Preserve', 'type': 'reference', 'referenceTypeName': 'ePackage'}" 
},{
	 "source": "15", 
	 "target": "14", 
	 "label": "{'changeType': 'Preserve', 'type': 'reference', 'referenceTypeName': 'eStructuralFeatures'}" 
},{
	 "source": "14", 
	 "target": "15", 
	 "label": "{'changeType': 'Preserve', 'type': 'reference', 'referenceTypeName': 'eContainingClass'}" 
},{
	 "source": "16", 
	 "target": "14", 
	 "label": "{'changeType': 'Preserve', 'type': 'reference', 'referenceTypeName': 'eStructuralFeatures'}" 
},{
	 "source": "14", 
	 "target": "16", 
	 "label": "{'changeType': 'Preserve', 'type': 'reference', 'referenceTypeName': 'eContainingClass'}" 
},{
	 "source": "17", 
	 "target": "14", 
	 "label": "{'changeType': 'Preserve', 'type': 'reference', 'referenceTypeName': 'eStructuralFeatures'}" 
},{
	 "source": "14", 
	 "target": "17", 
	 "label": "{'changeType': 'Preserve', 'type': 'reference', 'referenceTypeName': 'eContainingClass'}" 
},{
	 "source": "18", 
	 "target": "2", 
	 "label": "{'changeType': 'Preserve', 'type': 'reference', 'referenceTypeName': 'eClassifiers'}" 
},{
	 "source": "2", 
	 "target": "18", 
	 "label": "{'changeType': 'Preserve', 'type': 'reference', 'referenceTypeName': 'ePackage'}" 
},{
	 "source": "19", 
	 "target": "18", 
	 "label": "{'changeType': 'Preserve', 'type': 'reference', 'referenceTypeName': 'eStructuralFeatures'}" 
},{
	 "source": "18", 
	 "target": "19", 
	 "label": "{'changeType': 'Preserve', 'type': 'reference', 'referenceTypeName': 'eContainingClass'}" 
},{
	 "source": "20", 
	 "target": "2", 
	 "label": "{'changeType': 'Preserve', 'type': 'reference', 'referenceTypeName': 'eClassifiers'}" 
},{
	 "source": "2", 
	 "target": "20", 
	 "label": "{'changeType': 'Preserve', 'type': 'reference', 'referenceTypeName': 'ePackage'}" 
},{
	 "source": "21", 
	 "target": "20", 
	 "label": "{'changeType': 'Preserve', 'type': 'reference', 'referenceTypeName': 'eStructuralFeatures'}" 
},{
	 "source": "20", 
	 "target": "21", 
	 "label": "{'changeType': 'Preserve', 'type': 'reference', 'referenceTypeName': 'eContainingClass'}" 
},{
	 "source": "22", 
	 "target": "2", 
	 "label": "{'changeType': 'Preserve', 'type': 'reference', 'referenceTypeName': 'eClassifiers'}" 
},{
	 "source": "2", 
	 "target": "22", 
	 "label": "{'changeType': 'Preserve', 'type': 'reference', 'referenceTypeName': 'ePackage'}" 
},{
	 "source": "23", 
	 "target": "22", 
	 "label": "{'changeType': 'Preserve', 'type': 'reference', 'referenceTypeName': 'eStructuralFeatures'}" 
},{
	 "source": "22", 
	 "target": "23", 
	 "label": "{'changeType': 'Preserve', 'type': 'reference', 'referenceTypeName': 'eContainingClass'}" 
},{
	 "source": "24", 
	 "target": "22", 
	 "label": "{'changeType': 'Preserve', 'type': 'reference', 'referenceTypeName': 'eStructuralFeatures'}" 
},{
	 "source": "22", 
	 "target": "24", 
	 "label": "{'changeType': 'Preserve', 'type': 'reference', 'referenceTypeName': 'eContainingClass'}" 
},{
	 "source": "25", 
	 "target": "22", 
	 "label": "{'changeType': 'Preserve', 'type': 'reference', 'referenceTypeName': 'eStructuralFeatures'}" 
},{
	 "source": "22", 
	 "target": "25", 
	 "label": "{'changeType': 'Preserve', 'type': 'reference', 'referenceTypeName': 'eContainingClass'}" 
},{
	 "source": "26", 
	 "target": "22", 
	 "label": "{'changeType': 'Preserve', 'type': 'reference', 'referenceTypeName': 'eStructuralFeatures'}" 
},{
	 "source": "22", 
	 "target": "26", 
	 "label": "{'changeType': 'Preserve', 'type': 'reference', 'referenceTypeName': 'eContainingClass'}" 
},{
	 "source": "27", 
	 "target": "22", 
	 "label": "{'changeType': 'Preserve', 'type': 'reference', 'referenceTypeName': 'eStructuralFeatures'}" 
},{
	 "source": "22", 
	 "target": "27", 
	 "label": "{'changeType': 'Preserve', 'type': 'reference', 'referenceTypeName': 'eContainingClass'}" 
},{
	 "source": "28", 
	 "target": "22", 
	 "label": "{'changeType': 'Preserve', 'type': 'reference', 'referenceTypeName': 'eStructuralFeatures'}" 
},{
	 "source": "22", 
	 "target": "28", 
	 "label": "{'changeType': 'Preserve', 'type': 'reference', 'referenceTypeName': 'eContainingClass'}" 
},{
	 "source": "29", 
	 "target": "28", 
	 "label": "{'changeType': 'Preserve', 'type': 'reference', 'referenceTypeName': 'eGenericType'}" 
},{
	 "source": "30", 
	 "target": "29", 
	 "label": "{'changeType': 'Preserve', 'type': 'reference', 'referenceTypeName': 'eTypeArguments'}" 
},{
	 "source": "31", 
	 "target": "2", 
	 "label": "{'changeType': 'Preserve', 'type': 'reference', 'referenceTypeName': 'eClassifiers'}" 
},{
	 "source": "2", 
	 "target": "31", 
	 "label": "{'changeType': 'Preserve', 'type': 'reference', 'referenceTypeName': 'ePackage'}" 
},{
	 "source": "32", 
	 "target": "31", 
	 "label": "{'changeType': 'Preserve', 'type': 'reference', 'referenceTypeName': 'eStructuralFeatures'}" 
},{
	 "source": "31", 
	 "target": "32", 
	 "label": "{'changeType': 'Preserve', 'type': 'reference', 'referenceTypeName': 'eContainingClass'}" 
},{
	 "source": "33", 
	 "target": "31", 
	 "label": "{'changeType': 'Preserve', 'type': 'reference', 'referenceTypeName': 'eStructuralFeatures'}" 
},{
	 "source": "31", 
	 "target": "33", 
	 "label": "{'changeType': 'Preserve', 'type': 'reference', 'referenceTypeName': 'eContainingClass'}" 
},{
	 "source": "34", 
	 "target": "31", 
	 "label": "{'changeType': 'Preserve', 'type': 'reference', 'referenceTypeName': 'eStructuralFeatures'}" 
},{
	 "source": "31", 
	 "target": "34", 
	 "label": "{'changeType': 'Preserve', 'type': 'reference', 'referenceTypeName': 'eContainingClass'}" 
},{
	 "source": "35", 
	 "target": "2", 
	 "label": "{'changeType': 'Preserve', 'type': 'reference', 'referenceTypeName': 'eClassifiers'}" 
},{
	 "source": "2", 
	 "target": "35", 
	 "label": "{'changeType': 'Preserve', 'type': 'reference', 'referenceTypeName': 'ePackage'}" 
},{
	 "source": "36", 
	 "target": "35", 
	 "label": "{'changeType': 'Preserve', 'type': 'reference', 'referenceTypeName': 'eStructuralFeatures'}" 
},{
	 "source": "35", 
	 "target": "36", 
	 "label": "{'changeType': 'Preserve', 'type': 'reference', 'referenceTypeName': 'eContainingClass'}" 
},{
	 "source": "37", 
	 "target": "35", 
	 "label": "{'changeType': 'Preserve', 'type': 'reference', 'referenceTypeName': 'eStructuralFeatures'}" 
},{
	 "source": "35", 
	 "target": "37", 
	 "label": "{'changeType': 'Preserve', 'type': 'reference', 'referenceTypeName': 'eContainingClass'}" 
},{
	 "source": "38", 
	 "target": "2", 
	 "label": "{'changeType': 'Preserve', 'type': 'reference', 'referenceTypeName': 'eClassifiers'}" 
},{
	 "source": "2", 
	 "target": "38", 
	 "label": "{'changeType': 'Preserve', 'type': 'reference', 'referenceTypeName': 'ePackage'}" 
},{
	 "source": "39", 
	 "target": "2", 
	 "label": "{'changeType': 'Preserve', 'type': 'reference', 'referenceTypeName': 'eClassifiers'}" 
},{
	 "source": "2", 
	 "target": "39", 
	 "label": "{'changeType': 'Preserve', 'type': 'reference', 'referenceTypeName': 'ePackage'}" 
},{
	 "source": "40", 
	 "target": "39", 
	 "label": "{'changeType': 'Preserve', 'type': 'reference', 'referenceTypeName': 'eTypeParameters'}" 
},{
	 "source": "41", 
	 "target": "39", 
	 "label": "{'changeType': 'Preserve', 'type': 'reference', 'referenceTypeName': 'eStructuralFeatures'}" 
},{
	 "source": "39", 
	 "target": "41", 
	 "label": "{'changeType': 'Preserve', 'type': 'reference', 'referenceTypeName': 'eContainingClass'}" 
},{
	 "source": "42", 
	 "target": "39", 
	 "label": "{'changeType': 'Preserve', 'type': 'reference', 'referenceTypeName': 'eStructuralFeatures'}" 
},{
	 "source": "39", 
	 "target": "42", 
	 "label": "{'changeType': 'Preserve', 'type': 'reference', 'referenceTypeName': 'eContainingClass'}" 
},{
	 "source": "43", 
	 "target": "2", 
	 "label": "{'changeType': 'Preserve', 'type': 'reference', 'referenceTypeName': 'eClassifiers'}" 
},{
	 "source": "2", 
	 "target": "43", 
	 "label": "{'changeType': 'Preserve', 'type': 'reference', 'referenceTypeName': 'ePackage'}" 
},{
	 "source": "44", 
	 "target": "43", 
	 "label": "{'changeType': 'Preserve', 'type': 'reference', 'referenceTypeName': 'eTypeParameters'}" 
},{
	 "source": "45", 
	 "target": "43", 
	 "label": "{'changeType': 'Preserve', 'type': 'reference', 'referenceTypeName': 'eStructuralFeatures'}" 
},{
	 "source": "43", 
	 "target": "45", 
	 "label": "{'changeType': 'Preserve', 'type': 'reference', 'referenceTypeName': 'eContainingClass'}" 
},{
	 "source": "46", 
	 "target": "43", 
	 "label": "{'changeType': 'Preserve', 'type': 'reference', 'referenceTypeName': 'eStructuralFeatures'}" 
},{
	 "source": "43", 
	 "target": "46", 
	 "label": "{'changeType': 'Preserve', 'type': 'reference', 'referenceTypeName': 'eContainingClass'}" 
},{
	 "source": "47", 
	 "target": "43", 
	 "label": "{'changeType': 'Preserve', 'type': 'reference', 'referenceTypeName': 'eGenericSuperTypes'}" 
},{
	 "source": "48", 
	 "target": "47", 
	 "label": "{'changeType': 'Preserve', 'type': 'reference', 'referenceTypeName': 'eTypeArguments'}" 
},{
	 "source": "49", 
	 "target": "2", 
	 "label": "{'changeType': 'Preserve', 'type': 'reference', 'referenceTypeName': 'eClassifiers'}" 
},{
	 "source": "2", 
	 "target": "49", 
	 "label": "{'changeType': 'Preserve', 'type': 'reference', 'referenceTypeName': 'ePackage'}" 
},{
	 "source": "50", 
	 "target": "2", 
	 "label": "{'changeType': 'Preserve', 'type': 'reference', 'referenceTypeName': 'eClassifiers'}" 
},{
	 "source": "2", 
	 "target": "50", 
	 "label": "{'changeType': 'Preserve', 'type': 'reference', 'referenceTypeName': 'ePackage'}" 
},{
	 "source": "51", 
	 "target": "50", 
	 "label": "{'changeType': 'Preserve', 'type': 'reference', 'referenceTypeName': 'eStructuralFeatures'}" 
},{
	 "source": "50", 
	 "target": "51", 
	 "label": "{'changeType': 'Preserve', 'type': 'reference', 'referenceTypeName': 'eContainingClass'}" 
},{
	 "source": "52", 
	 "target": "50", 
	 "label": "{'changeType': 'Preserve', 'type': 'reference', 'referenceTypeName': 'eStructuralFeatures'}" 
},{
	 "source": "50", 
	 "target": "52", 
	 "label": "{'changeType': 'Preserve', 'type': 'reference', 'referenceTypeName': 'eContainingClass'}" 
},{
	 "source": "53", 
	 "target": "50", 
	 "label": "{'changeType': 'Preserve', 'type': 'reference', 'referenceTypeName': 'eStructuralFeatures'}" 
},{
	 "source": "50", 
	 "target": "53", 
	 "label": "{'changeType': 'Preserve', 'type': 'reference', 'referenceTypeName': 'eContainingClass'}" 
},{
	 "source": "54", 
	 "target": "2", 
	 "label": "{'changeType': 'Preserve', 'type': 'reference', 'referenceTypeName': 'eClassifiers'}" 
},{
	 "source": "2", 
	 "target": "54", 
	 "label": "{'changeType': 'Preserve', 'type': 'reference', 'referenceTypeName': 'ePackage'}" 
},{
	 "source": "55", 
	 "target": "2", 
	 "label": "{'changeType': 'Preserve', 'type': 'reference', 'referenceTypeName': 'eClassifiers'}" 
},{
	 "source": "2", 
	 "target": "55", 
	 "label": "{'changeType': 'Preserve', 'type': 'reference', 'referenceTypeName': 'ePackage'}" 
},{
	 "source": "56", 
	 "target": "2", 
	 "label": "{'changeType': 'Preserve', 'type': 'reference', 'referenceTypeName': 'eClassifiers'}" 
},{
	 "source": "2", 
	 "target": "56", 
	 "label": "{'changeType': 'Preserve', 'type': 'reference', 'referenceTypeName': 'ePackage'}" 
},{
	 "source": "57", 
	 "target": "56", 
	 "label": "{'changeType': 'Preserve', 'type': 'reference', 'referenceTypeName': 'eGenericSuperTypes'}" 
},{
	 "source": "58", 
	 "target": "57", 
	 "label": "{'changeType': 'Preserve', 'type': 'reference', 'referenceTypeName': 'eTypeArguments'}" 
},{
	 "source": "59", 
	 "target": "2", 
	 "label": "{'changeType': 'Preserve', 'type': 'reference', 'referenceTypeName': 'eClassifiers'}" 
},{
	 "source": "2", 
	 "target": "59", 
	 "label": "{'changeType': 'Preserve', 'type': 'reference', 'referenceTypeName': 'ePackage'}" 
},{
	 "source": "60", 
	 "target": "59", 
	 "label": "{'changeType': 'Preserve', 'type': 'reference', 'referenceTypeName': 'eGenericSuperTypes'}" 
},{
	 "source": "61", 
	 "target": "60", 
	 "label": "{'changeType': 'Preserve', 'type': 'reference', 'referenceTypeName': 'eTypeArguments'}" 
},{
	 "source": "62", 
	 "target": "2", 
	 "label": "{'changeType': 'Preserve', 'type': 'reference', 'referenceTypeName': 'eClassifiers'}" 
},{
	 "source": "2", 
	 "target": "62", 
	 "label": "{'changeType': 'Preserve', 'type': 'reference', 'referenceTypeName': 'ePackage'}" 
},{
	 "source": "63", 
	 "target": "2", 
	 "label": "{'changeType': 'Preserve', 'type': 'reference', 'referenceTypeName': 'eClassifiers'}" 
},{
	 "source": "2", 
	 "target": "63", 
	 "label": "{'changeType': 'Preserve', 'type': 'reference', 'referenceTypeName': 'ePackage'}" 
},{
	 "source": "64", 
	 "target": "63", 
	 "label": "{'changeType': 'Preserve', 'type': 'reference', 'referenceTypeName': 'eGenericSuperTypes'}" 
},{
	 "source": "65", 
	 "target": "64", 
	 "label": "{'changeType': 'Preserve', 'type': 'reference', 'referenceTypeName': 'eTypeArguments'}" 
},{
	 "source": "66", 
	 "target": "2", 
	 "label": "{'changeType': 'Preserve', 'type': 'reference', 'referenceTypeName': 'eClassifiers'}" 
},{
	 "source": "2", 
	 "target": "66", 
	 "label": "{'changeType': 'Preserve', 'type': 'reference', 'referenceTypeName': 'ePackage'}" 
},{
	 "source": "67", 
	 "target": "2", 
	 "label": "{'changeType': 'Preserve', 'type': 'reference', 'referenceTypeName': 'eClassifiers'}" 
},{
	 "source": "2", 
	 "target": "67", 
	 "label": "{'changeType': 'Preserve', 'type': 'reference', 'referenceTypeName': 'ePackage'}" 
},{
	 "source": "68", 
	 "target": "67", 
	 "label": "{'changeType': 'Preserve', 'type': 'reference', 'referenceTypeName': 'eStructuralFeatures'}" 
},{
	 "source": "67", 
	 "target": "68", 
	 "label": "{'changeType': 'Preserve', 'type': 'reference', 'referenceTypeName': 'eContainingClass'}" 
},{
	 "source": "69", 
	 "target": "67", 
	 "label": "{'changeType': 'Preserve', 'type': 'reference', 'referenceTypeName': 'eGenericSuperTypes'}" 
},{
	 "source": "70", 
	 "target": "69", 
	 "label": "{'changeType': 'Preserve', 'type': 'reference', 'referenceTypeName': 'eTypeArguments'}" 
},{
	 "source": "71", 
	 "target": "2", 
	 "label": "{'changeType': 'Preserve', 'type': 'reference', 'referenceTypeName': 'eClassifiers'}" 
},{
	 "source": "2", 
	 "target": "71", 
	 "label": "{'changeType': 'Preserve', 'type': 'reference', 'referenceTypeName': 'ePackage'}" 
},{
	 "source": "72", 
	 "target": "2", 
	 "label": "{'changeType': 'Preserve', 'type': 'reference', 'referenceTypeName': 'eClassifiers'}" 
},{
	 "source": "2", 
	 "target": "72", 
	 "label": "{'changeType': 'Preserve', 'type': 'reference', 'referenceTypeName': 'ePackage'}" 
},{
	 "source": "73", 
	 "target": "72", 
	 "label": "{'changeType': 'Preserve', 'type': 'reference', 'referenceTypeName': 'eStructuralFeatures'}" 
},{
	 "source": "72", 
	 "target": "73", 
	 "label": "{'changeType': 'Preserve', 'type': 'reference', 'referenceTypeName': 'eContainingClass'}" 
},{
	 "source": "74", 
	 "target": "72", 
	 "label": "{'changeType': 'Preserve', 'type': 'reference', 'referenceTypeName': 'eStructuralFeatures'}" 
},{
	 "source": "72", 
	 "target": "74", 
	 "label": "{'changeType': 'Preserve', 'type': 'reference', 'referenceTypeName': 'eContainingClass'}" 
},{
	 "source": "75", 
	 "target": "2", 
	 "label": "{'changeType': 'Preserve', 'type': 'reference', 'referenceTypeName': 'eClassifiers'}" 
},{
	 "source": "2", 
	 "target": "75", 
	 "label": "{'changeType': 'Preserve', 'type': 'reference', 'referenceTypeName': 'ePackage'}" 
},{
	 "source": "76", 
	 "target": "2", 
	 "label": "{'changeType': 'Preserve', 'type': 'reference', 'referenceTypeName': 'eClassifiers'}" 
},{
	 "source": "2", 
	 "target": "76", 
	 "label": "{'changeType': 'Preserve', 'type': 'reference', 'referenceTypeName': 'ePackage'}" 
},{
	 "source": "77", 
	 "target": "76", 
	 "label": "{'changeType': 'Preserve', 'type': 'reference', 'referenceTypeName': 'eGenericSuperTypes'}" 
},{
	 "source": "78", 
	 "target": "77", 
	 "label": "{'changeType': 'Preserve', 'type': 'reference', 'referenceTypeName': 'eTypeArguments'}" 
},{
	 "source": "79", 
	 "target": "2", 
	 "label": "{'changeType': 'Preserve', 'type': 'reference', 'referenceTypeName': 'eClassifiers'}" 
},{
	 "source": "2", 
	 "target": "79", 
	 "label": "{'changeType': 'Preserve', 'type': 'reference', 'referenceTypeName': 'ePackage'}" 
},{
	 "source": "80", 
	 "target": "79", 
	 "label": "{'changeType': 'Preserve', 'type': 'reference', 'referenceTypeName': 'eGenericSuperTypes'}" 
},{
	 "source": "81", 
	 "target": "80", 
	 "label": "{'changeType': 'Preserve', 'type': 'reference', 'referenceTypeName': 'eTypeArguments'}" 
},{
	 "source": "82", 
	 "target": "2", 
	 "label": "{'changeType': 'Preserve', 'type': 'reference', 'referenceTypeName': 'eClassifiers'}" 
},{
	 "source": "2", 
	 "target": "82", 
	 "label": "{'changeType': 'Preserve', 'type': 'reference', 'referenceTypeName': 'ePackage'}" 
},{
	 "source": "83", 
	 "target": "82", 
	 "label": "{'changeType': 'Preserve', 'type': 'reference', 'referenceTypeName': 'eStructuralFeatures'}" 
},{
	 "source": "82", 
	 "target": "83", 
	 "label": "{'changeType': 'Preserve', 'type': 'reference', 'referenceTypeName': 'eContainingClass'}" 
},{
	 "source": "84", 
	 "target": "82", 
	 "label": "{'changeType': 'Preserve', 'type': 'reference', 'referenceTypeName': 'eStructuralFeatures'}" 
},{
	 "source": "82", 
	 "target": "84", 
	 "label": "{'changeType': 'Preserve', 'type': 'reference', 'referenceTypeName': 'eContainingClass'}" 
},{
	 "source": "85", 
	 "target": "82", 
	 "label": "{'changeType': 'Preserve', 'type': 'reference', 'referenceTypeName': 'eStructuralFeatures'}" 
},{
	 "source": "82", 
	 "target": "85", 
	 "label": "{'changeType': 'Preserve', 'type': 'reference', 'referenceTypeName': 'eContainingClass'}" 
},{
	 "source": "86", 
	 "target": "82", 
	 "label": "{'changeType': 'Preserve', 'type': 'reference', 'referenceTypeName': 'eStructuralFeatures'}" 
},{
	 "source": "82", 
	 "target": "86", 
	 "label": "{'changeType': 'Preserve', 'type': 'reference', 'referenceTypeName': 'eContainingClass'}" 
},{
	 "source": "87", 
	 "target": "82", 
	 "label": "{'changeType': 'Preserve', 'type': 'reference', 'referenceTypeName': 'eStructuralFeatures'}" 
},{
	 "source": "82", 
	 "target": "87", 
	 "label": "{'changeType': 'Preserve', 'type': 'reference', 'referenceTypeName': 'eContainingClass'}" 
},{
	 "source": "88", 
	 "target": "82", 
	 "label": "{'changeType': 'Preserve', 'type': 'reference', 'referenceTypeName': 'eGenericSuperTypes'}" 
},{
	 "source": "89", 
	 "target": "88", 
	 "label": "{'changeType': 'Preserve', 'type': 'reference', 'referenceTypeName': 'eTypeArguments'}" 
},{
	 "source": "90", 
	 "target": "2", 
	 "label": "{'changeType': 'Preserve', 'type': 'reference', 'referenceTypeName': 'eClassifiers'}" 
},{
	 "source": "2", 
	 "target": "90", 
	 "label": "{'changeType': 'Preserve', 'type': 'reference', 'referenceTypeName': 'ePackage'}" 
},{
	 "source": "91", 
	 "target": "2", 
	 "label": "{'changeType': 'Preserve', 'type': 'reference', 'referenceTypeName': 'eClassifiers'}" 
},{
	 "source": "2", 
	 "target": "91", 
	 "label": "{'changeType': 'Preserve', 'type': 'reference', 'referenceTypeName': 'ePackage'}" 
},{
	 "source": "92", 
	 "target": "91", 
	 "label": "{'changeType': 'Preserve', 'type': 'reference', 'referenceTypeName': 'eStructuralFeatures'}" 
},{
	 "source": "91", 
	 "target": "92", 
	 "label": "{'changeType': 'Preserve', 'type': 'reference', 'referenceTypeName': 'eContainingClass'}" 
},{
	 "source": "93", 
	 "target": "2", 
	 "label": "{'changeType': 'Preserve', 'type': 'reference', 'referenceTypeName': 'eClassifiers'}" 
},{
	 "source": "2", 
	 "target": "93", 
	 "label": "{'changeType': 'Preserve', 'type': 'reference', 'referenceTypeName': 'ePackage'}" 
},{
	 "source": "94", 
	 "target": "93", 
	 "label": "{'changeType': 'Preserve', 'type': 'reference', 'referenceTypeName': 'eStructuralFeatures'}" 
},{
	 "source": "93", 
	 "target": "94", 
	 "label": "{'changeType': 'Preserve', 'type': 'reference', 'referenceTypeName': 'eContainingClass'}" 
},{
	 "source": "95", 
	 "target": "93", 
	 "label": "{'changeType': 'Preserve', 'type': 'reference', 'referenceTypeName': 'eStructuralFeatures'}" 
},{
	 "source": "93", 
	 "target": "95", 
	 "label": "{'changeType': 'Preserve', 'type': 'reference', 'referenceTypeName': 'eContainingClass'}" 
},{
	 "source": "96", 
	 "target": "93", 
	 "label": "{'changeType': 'Preserve', 'type': 'reference', 'referenceTypeName': 'eStructuralFeatures'}" 
},{
	 "source": "93", 
	 "target": "96", 
	 "label": "{'changeType': 'Preserve', 'type': 'reference', 'referenceTypeName': 'eContainingClass'}" 
},{
	 "source": "97", 
	 "target": "2", 
	 "label": "{'changeType': 'Preserve', 'type': 'reference', 'referenceTypeName': 'eClassifiers'}" 
},{
	 "source": "2", 
	 "target": "97", 
	 "label": "{'changeType': 'Preserve', 'type': 'reference', 'referenceTypeName': 'ePackage'}" 
},{
	 "source": "98", 
	 "target": "97", 
	 "label": "{'changeType': 'Preserve', 'type': 'reference', 'referenceTypeName': 'eStructuralFeatures'}" 
},{
	 "source": "97", 
	 "target": "98", 
	 "label": "{'changeType': 'Preserve', 'type': 'reference', 'referenceTypeName': 'eContainingClass'}" 
},{
	 "source": "99", 
	 "target": "97", 
	 "label": "{'changeType': 'Preserve', 'type': 'reference', 'referenceTypeName': 'eStructuralFeatures'}" 
},{
	 "source": "97", 
	 "target": "99", 
	 "label": "{'changeType': 'Preserve', 'type': 'reference', 'referenceTypeName': 'eContainingClass'}" 
},{
	 "source": "100", 
	 "target": "97", 
	 "label": "{'changeType': 'Preserve', 'type': 'reference', 'referenceTypeName': 'eStructuralFeatures'}" 
},{
	 "source": "97", 
	 "target": "100", 
	 "label": "{'changeType': 'Preserve', 'type': 'reference', 'referenceTypeName': 'eContainingClass'}" 
},{
	 "source": "101", 
	 "target": "2", 
	 "label": "{'changeType': 'Preserve', 'type': 'reference', 'referenceTypeName': 'eClassifiers'}" 
},{
	 "source": "2", 
	 "target": "101", 
	 "label": "{'changeType': 'Preserve', 'type': 'reference', 'referenceTypeName': 'ePackage'}" 
},{
	 "source": "102", 
	 "target": "101", 
	 "label": "{'changeType': 'Preserve', 'type': 'reference', 'referenceTypeName': 'eStructuralFeatures'}" 
},{
	 "source": "101", 
	 "target": "102", 
	 "label": "{'changeType': 'Preserve', 'type': 'reference', 'referenceTypeName': 'eContainingClass'}" 
},{
	 "source": "103", 
	 "target": "2", 
	 "label": "{'changeType': 'Preserve', 'type': 'reference', 'referenceTypeName': 'eClassifiers'}" 
},{
	 "source": "2", 
	 "target": "103", 
	 "label": "{'changeType': 'Preserve', 'type': 'reference', 'referenceTypeName': 'ePackage'}" 
},{
	 "source": "104", 
	 "target": "103", 
	 "label": "{'changeType': 'Preserve', 'type': 'reference', 'referenceTypeName': 'eStructuralFeatures'}" 
},{
	 "source": "103", 
	 "target": "104", 
	 "label": "{'changeType': 'Preserve', 'type': 'reference', 'referenceTypeName': 'eContainingClass'}" 
},{
	 "source": "105", 
	 "target": "2", 
	 "label": "{'changeType': 'Preserve', 'type': 'reference', 'referenceTypeName': 'eClassifiers'}" 
},{
	 "source": "2", 
	 "target": "105", 
	 "label": "{'changeType': 'Preserve', 'type': 'reference', 'referenceTypeName': 'ePackage'}" 
},{
	 "source": "106", 
	 "target": "105", 
	 "label": "{'changeType': 'Preserve', 'type': 'reference', 'referenceTypeName': 'eStructuralFeatures'}" 
},{
	 "source": "105", 
	 "target": "106", 
	 "label": "{'changeType': 'Preserve', 'type': 'reference', 'referenceTypeName': 'eContainingClass'}" 
},{
	 "source": "107", 
	 "target": "105", 
	 "label": "{'changeType': 'Preserve', 'type': 'reference', 'referenceTypeName': 'eStructuralFeatures'}" 
},{
	 "source": "105", 
	 "target": "107", 
	 "label": "{'changeType': 'Preserve', 'type': 'reference', 'referenceTypeName': 'eContainingClass'}" 
},{
	 "source": "108", 
	 "target": "105", 
	 "label": "{'changeType': 'Preserve', 'type': 'reference', 'referenceTypeName': 'eStructuralFeatures'}" 
},{
	 "source": "105", 
	 "target": "108", 
	 "label": "{'changeType': 'Preserve', 'type': 'reference', 'referenceTypeName': 'eContainingClass'}" 
},{
	 "source": "109", 
	 "target": "2", 
	 "label": "{'changeType': 'Preserve', 'type': 'reference', 'referenceTypeName': 'eClassifiers'}" 
},{
	 "source": "2", 
	 "target": "109", 
	 "label": "{'changeType': 'Preserve', 'type': 'reference', 'referenceTypeName': 'ePackage'}" 
},{
	 "source": "110", 
	 "target": "2", 
	 "label": "{'changeType': 'Preserve', 'type': 'reference', 'referenceTypeName': 'eClassifiers'}" 
},{
	 "source": "2", 
	 "target": "110", 
	 "label": "{'changeType': 'Preserve', 'type': 'reference', 'referenceTypeName': 'ePackage'}" 
},{
	 "source": "111", 
	 "target": "110", 
	 "label": "{'changeType': 'Preserve', 'type': 'reference', 'referenceTypeName': 'eGenericSuperTypes'}" 
},{
	 "source": "112", 
	 "target": "111", 
	 "label": "{'changeType': 'Preserve', 'type': 'reference', 'referenceTypeName': 'eTypeArguments'}" 
},{
	 "source": "113", 
	 "target": "2", 
	 "label": "{'changeType': 'Preserve', 'type': 'reference', 'referenceTypeName': 'eClassifiers'}" 
},{
	 "source": "2", 
	 "target": "113", 
	 "label": "{'changeType': 'Preserve', 'type': 'reference', 'referenceTypeName': 'ePackage'}" 
},{
	 "source": "114", 
	 "target": "113", 
	 "label": "{'changeType': 'Preserve', 'type': 'reference', 'referenceTypeName': 'eStructuralFeatures'}" 
},{
	 "source": "113", 
	 "target": "114", 
	 "label": "{'changeType': 'Preserve', 'type': 'reference', 'referenceTypeName': 'eContainingClass'}" 
},{
	 "source": "115", 
	 "target": "113", 
	 "label": "{'changeType': 'Preserve', 'type': 'reference', 'referenceTypeName': 'eStructuralFeatures'}" 
},{
	 "source": "113", 
	 "target": "115", 
	 "label": "{'changeType': 'Preserve', 'type': 'reference', 'referenceTypeName': 'eContainingClass'}" 
},{
	 "source": "116", 
	 "target": "2", 
	 "label": "{'changeType': 'Preserve', 'type': 'reference', 'referenceTypeName': 'eClassifiers'}" 
},{
	 "source": "2", 
	 "target": "116", 
	 "label": "{'changeType': 'Preserve', 'type': 'reference', 'referenceTypeName': 'ePackage'}" 
},{
	 "source": "117", 
	 "target": "116", 
	 "label": "{'changeType': 'Preserve', 'type': 'reference', 'referenceTypeName': 'eStructuralFeatures'}" 
},{
	 "source": "116", 
	 "target": "117", 
	 "label": "{'changeType': 'Preserve', 'type': 'reference', 'referenceTypeName': 'eContainingClass'}" 
},{
	 "source": "118", 
	 "target": "2", 
	 "label": "{'changeType': 'Preserve', 'type': 'reference', 'referenceTypeName': 'eClassifiers'}" 
},{
	 "source": "2", 
	 "target": "118", 
	 "label": "{'changeType': 'Preserve', 'type': 'reference', 'referenceTypeName': 'ePackage'}" 
},{
	 "source": "119", 
	 "target": "118", 
	 "label": "{'changeType': 'Preserve', 'type': 'reference', 'referenceTypeName': 'eStructuralFeatures'}" 
},{
	 "source": "118", 
	 "target": "119", 
	 "label": "{'changeType': 'Preserve', 'type': 'reference', 'referenceTypeName': 'eContainingClass'}" 
},{
	 "source": "120", 
	 "target": "118", 
	 "label": "{'changeType': 'Preserve', 'type': 'reference', 'referenceTypeName': 'eStructuralFeatures'}" 
},{
	 "source": "118", 
	 "target": "120", 
	 "label": "{'changeType': 'Preserve', 'type': 'reference', 'referenceTypeName': 'eContainingClass'}" 
},{
	 "source": "121", 
	 "target": "2", 
	 "label": "{'changeType': 'Preserve', 'type': 'reference', 'referenceTypeName': 'eClassifiers'}" 
},{
	 "source": "2", 
	 "target": "121", 
	 "label": "{'changeType': 'Preserve', 'type': 'reference', 'referenceTypeName': 'ePackage'}" 
},{
	 "source": "1", 
	 "target": "2", 
	 "label": "{'changeType': 'Preserve', 'type': 'reference', 'referenceTypeName': 'eClassifiers'}" 
},{
	 "source": "2", 
	 "target": "1", 
	 "label": "{'changeType': 'Preserve', 'type': 'reference', 'referenceTypeName': 'ePackage'}" 
},{
	 "source": "122", 
	 "target": "1", 
	 "label": "{'changeType': 'Preserve', 'type': 'reference', 'referenceTypeName': 'eTypeParameters'}" 
},{
	 "source": "123", 
	 "target": "1", 
	 "label": "{'changeType': 'Preserve', 'type': 'reference', 'referenceTypeName': 'eStructuralFeatures'}" 
},{
	 "source": "1", 
	 "target": "123", 
	 "label": "{'changeType': 'Preserve', 'type': 'reference', 'referenceTypeName': 'eContainingClass'}" 
},{
	 "source": "124", 
	 "target": "1", 
	 "label": "{'changeType': 'Preserve', 'type': 'reference', 'referenceTypeName': 'eGenericSuperTypes'}" 
},{
	 "source": "125", 
	 "target": "124", 
	 "label": "{'changeType': 'Preserve', 'type': 'reference', 'referenceTypeName': 'eTypeArguments'}" 
},{
	 "source": "126", 
	 "target": "2", 
	 "label": "{'changeType': 'Preserve', 'type': 'reference', 'referenceTypeName': 'eClassifiers'}" 
},{
	 "source": "2", 
	 "target": "126", 
	 "label": "{'changeType': 'Preserve', 'type': 'reference', 'referenceTypeName': 'ePackage'}" 
},{
	 "source": "127", 
	 "target": "126", 
	 "label": "{'changeType': 'Preserve', 'type': 'reference', 'referenceTypeName': 'eGenericSuperTypes'}" 
},{
	 "source": "128", 
	 "target": "127", 
	 "label": "{'changeType': 'Preserve', 'type': 'reference', 'referenceTypeName': 'eTypeArguments'}" 
},{
	 "source": "129", 
	 "target": "2", 
	 "label": "{'changeType': 'Preserve', 'type': 'reference', 'referenceTypeName': 'eClassifiers'}" 
},{
	 "source": "2", 
	 "target": "129", 
	 "label": "{'changeType': 'Preserve', 'type': 'reference', 'referenceTypeName': 'ePackage'}" 
},{
	 "source": "130", 
	 "target": "2", 
	 "label": "{'changeType': 'Preserve', 'type': 'reference', 'referenceTypeName': 'eClassifiers'}" 
},{
	 "source": "2", 
	 "target": "130", 
	 "label": "{'changeType': 'Preserve', 'type': 'reference', 'referenceTypeName': 'ePackage'}" 
},{
	 "source": "131", 
	 "target": "2", 
	 "label": "{'changeType': 'Preserve', 'type': 'reference', 'referenceTypeName': 'eClassifiers'}" 
},{
	 "source": "2", 
	 "target": "131", 
	 "label": "{'changeType': 'Preserve', 'type': 'reference', 'referenceTypeName': 'ePackage'}" 
},{
	 "source": "132", 
	 "target": "2", 
	 "label": "{'changeType': 'Preserve', 'type': 'reference', 'referenceTypeName': 'eClassifiers'}" 
},{
	 "source": "2", 
	 "target": "132", 
	 "label": "{'changeType': 'Preserve', 'type': 'reference', 'referenceTypeName': 'ePackage'}" 
},{
	 "source": "133", 
	 "target": "132", 
	 "label": "{'changeType': 'Preserve', 'type': 'reference', 'referenceTypeName': 'eGenericSuperTypes'}" 
},{
	 "source": "134", 
	 "target": "133", 
	 "label": "{'changeType': 'Preserve', 'type': 'reference', 'referenceTypeName': 'eTypeArguments'}" 
},{
	 "source": "135", 
	 "target": "2", 
	 "label": "{'changeType': 'Preserve', 'type': 'reference', 'referenceTypeName': 'eClassifiers'}" 
},{
	 "source": "2", 
	 "target": "135", 
	 "label": "{'changeType': 'Preserve', 'type': 'reference', 'referenceTypeName': 'ePackage'}" 
},{
	 "source": "136", 
	 "target": "135", 
	 "label": "{'changeType': 'Preserve', 'type': 'reference', 'referenceTypeName': 'eGenericSuperTypes'}" 
},{
	 "source": "137", 
	 "target": "136", 
	 "label": "{'changeType': 'Preserve', 'type': 'reference', 'referenceTypeName': 'eTypeArguments'}" 
},{
	 "source": "138", 
	 "target": "2", 
	 "label": "{'changeType': 'Preserve', 'type': 'reference', 'referenceTypeName': 'eClassifiers'}" 
},{
	 "source": "2", 
	 "target": "138", 
	 "label": "{'changeType': 'Preserve', 'type': 'reference', 'referenceTypeName': 'ePackage'}" 
},{
	 "source": "139", 
	 "target": "2", 
	 "label": "{'changeType': 'Preserve', 'type': 'reference', 'referenceTypeName': 'eClassifiers'}" 
},{
	 "source": "2", 
	 "target": "139", 
	 "label": "{'changeType': 'Preserve', 'type': 'reference', 'referenceTypeName': 'ePackage'}" 
},{
	 "source": "140", 
	 "target": "139", 
	 "label": "{'changeType': 'Preserve', 'type': 'reference', 'referenceTypeName': 'eGenericSuperTypes'}" 
},{
	 "source": "141", 
	 "target": "140", 
	 "label": "{'changeType': 'Preserve', 'type': 'reference', 'referenceTypeName': 'eTypeArguments'}" 
}]}