{"directed": true, "multigraph": false, "graph": {}, 
  "nodes": [{
	 "id": "0", 
	 "label": "{'changeType': 'Delete', 'type': 'object', 'className': 'EGenericType', 'attributes': {'id': '//ToolItem/@eGenericSuperTypes.0', 'eTypeArguments':['org.eclipse.emf.ecore.impl.EGenericTypeImpl@5b498842 (expression: MenuItem)'],'eRawType':'ElementContainer','eClassifier':'ElementContainer'}}" 
},{
	 "id": "1", 
	 "label": "{'changeType': 'Preserve', 'type': 'object', 'className': 'EClass', 'attributes': {'id': '_LWKs4N6tEei97MD7GK1RmA', 'name':'ToolItem','ePackage':'application','abstract':'false','interface':'false','eGenericSuperTypes':['org.eclipse.emf.ecore.impl.EGenericTypeImpl@1fcf9739 (expression: ElementContainer<MenuItem>)','org.eclipse.emf.ecore.impl.EGenericTypeImpl@1cb37ee4 (expression: HandledItem)','org.eclipse.emf.ecore.impl.EGenericTypeImpl@5bcb04cb (expression: Contribution)']}}" 
},{
	 "id": "2", 
	 "label": "{'changeType': 'Add', 'type': 'object', 'className': 'EGenericType', 'attributes': {'id': '//HandledToolItem/@eGenericSuperTypes.0', 'eTypeArguments':['org.eclipse.emf.ecore.impl.EGenericTypeImpl@149c3204 (expression: MenuItem)'],'eRawType':'ElementContainer','eClassifier':'ElementContainer'}}" 
},{
	 "id": "3", 
	 "label": "{'changeType': 'Add', 'type': 'object', 'className': 'EClass', 'attributes': {'id': '_NZlWMN6tEei97MD7GK1RmA', 'name':'HandledToolItem','ePackage':'application','abstract':'false','interface':'false','eGenericSuperTypes':['org.eclipse.emf.ecore.impl.EGenericTypeImpl@4e17913b (expression: ElementContainer<MenuItem>)','org.eclipse.emf.ecore.impl.EGenericTypeImpl@64f16277 (expression: HandledItem)','org.eclipse.emf.ecore.impl.EGenericTypeImpl@497aec8c (expression: ToolItem)']}}" 
},{
	 "id": "4", 
	 "label": "{'changeType': 'Add', 'type': 'object', 'className': 'EClass', 'attributes': {'id': '_NZlWKd6tEei97MD7GK1RmA', 'name':'HandledMenuItem','ePackage':'application','abstract':'false','interface':'false','eGenericSuperTypes':['org.eclipse.emf.ecore.impl.EGenericTypeImpl@1d0a61c8 (expression: MenuItem)','org.eclipse.emf.ecore.impl.EGenericTypeImpl@46731692 (expression: HandledItem)']}}" 
},{
	 "id": "5", 
	 "label": "{'changeType': 'Preserve', 'type': 'object', 'className': 'EPackage', 'attributes': {'id': '_LWKscd6tEei97MD7GK1RmA', 'name':'application','nsURI':'http://www.eclipse.org/ui/2008/UIModel','nsPrefix':'application','eFactoryInstance':'org.eclipse.emf.ecore.impl.EFactoryImpl@31571410','eClassifiers':['V____________Abstract_____________V','ApplicationElement','Contribution','Command','Handler','HandlerContainer','Input','Parameter','UIItem','UIElement','IEclipseContext','ParameterizedCommand','Context','...']}}" 
},{
	 "id": "6", 
	 "label": "{'changeType': 'Add', 'type': 'object', 'className': 'EClass', 'attributes': {'id': '_NZlWKt6tEei97MD7GK1RmA', 'name':'DirectMenuItem','ePackage':'application','abstract':'false','interface':'false','eGenericSuperTypes':['org.eclipse.emf.ecore.impl.EGenericTypeImpl@3db663d0 (expression: Contribution)','org.eclipse.emf.ecore.impl.EGenericTypeImpl@73fc518f (expression: MenuItem)']}}" 
},{
	 "id": "7", 
	 "label": "{'changeType': 'Add', 'type': 'object', 'className': 'EClass', 'attributes': {'id': '_NZlWNd6tEei97MD7GK1RmA', 'name':'DirectToolItem','ePackage':'application','abstract':'false','interface':'false','eGenericSuperTypes':['org.eclipse.emf.ecore.impl.EGenericTypeImpl@4e6f2bb5 (expression: Contribution)','org.eclipse.emf.ecore.impl.EGenericTypeImpl@21e20ad5 (expression: ToolItem)']}}" 
},{
	 "id": "8", 
	 "label": "{'changeType': 'Preserve', 'type': 'object', 'className': 'EClass', 'attributes': {'id': '_LWKsct6tEei97MD7GK1RmA', 'name':'V____________Abstract_____________V','ePackage':'application','abstract':'true','interface':'true'}}" 
},{
	 "id": "9", 
	 "label": "{'changeType': 'Preserve', 'type': 'object', 'className': 'EClass', 'attributes': {'id': '_LWKsc96tEei97MD7GK1RmA', 'name':'ApplicationElement','ePackage':'application','abstract':'false','interface':'false','eStructuralFeatures':['id']}}" 
},{
	 "id": "10", 
	 "label": "{'changeType': 'Preserve', 'type': 'object', 'className': 'EAttribute', 'attributes': {'id': '_LWKsdN6tEei97MD7GK1RmA', 'name':'id','ordered':'true','unique':'true','lowerBound':'0','upperBound':'1','many':'false','required':'false','eType':'EString','eGenericType':'org.eclipse.emf.ecore.impl.EGenericTypeImpl@48284d0e (expression: EString)','changeable':'true','volatile':'false','transient':'false','unsettable':'false','derived':'false','eContainingClass':'ApplicationElement','iD':'false','eAttributeType':'EString'}}" 
},{
	 "id": "11", 
	 "label": "{'changeType': 'Preserve', 'type': 'object', 'className': 'EClass', 'attributes': {'id': '_LWKsdt6tEei97MD7GK1RmA', 'name':'Contribution','ePackage':'application','abstract':'true','interface':'false','eStructuralFeatures':['URI','object','persistedState'],'eGenericSuperTypes':['org.eclipse.emf.ecore.impl.EGenericTypeImpl@b10a26d (expression: ApplicationElement)']}}" 
},{
	 "id": "12", 
	 "label": "{'changeType': 'Preserve', 'type': 'object', 'className': 'EAttribute', 'attributes': {'id': '_LWKsd96tEei97MD7GK1RmA', 'name':'URI','ordered':'true','unique':'true','lowerBound':'0','upperBound':'1','many':'false','required':'false','eType':'EString','eGenericType':'org.eclipse.emf.ecore.impl.EGenericTypeImpl@7e4d2287 (expression: EString)','changeable':'true','volatile':'false','transient':'false','unsettable':'false','derived':'false','eContainingClass':'Contribution','iD':'false','eAttributeType':'EString'}}" 
},{
	 "id": "13", 
	 "label": "{'changeType': 'Preserve', 'type': 'object', 'className': 'EAttribute', 'attributes': {'id': '_LWKsed6tEei97MD7GK1RmA', 'name':'object','ordered':'true','unique':'true','lowerBound':'0','upperBound':'1','many':'false','required':'false','eType':'EJavaObject','eGenericType':'org.eclipse.emf.ecore.impl.EGenericTypeImpl@31464a43 (expression: EJavaObject)','changeable':'true','volatile':'false','transient':'true','unsettable':'false','derived':'false','eContainingClass':'Contribution','iD':'false','eAttributeType':'EJavaObject'}}" 
},{
	 "id": "14", 
	 "label": "{'changeType': 'Preserve', 'type': 'object', 'className': 'EAttribute', 'attributes': {'id': '_LWKse96tEei97MD7GK1RmA', 'name':'persistedState','ordered':'true','unique':'true','lowerBound':'0','upperBound':'1','many':'false','required':'false','eType':'EString','eGenericType':'org.eclipse.emf.ecore.impl.EGenericTypeImpl@68c87fc3 (expression: EString)','changeable':'true','volatile':'false','transient':'false','unsettable':'false','derived':'false','eContainingClass':'Contribution','iD':'false','eAttributeType':'EString'}}" 
},{
	 "id": "15", 
	 "label": "{'changeType': 'Preserve', 'type': 'object', 'className': 'EClass', 'attributes': {'id': '_LWKsfd6tEei97MD7GK1RmA', 'name':'Command','ePackage':'application','abstract':'false','interface':'false','eStructuralFeatures':['commandName','description'],'eGenericSuperTypes':['org.eclipse.emf.ecore.impl.EGenericTypeImpl@8d7b252 (expression: ApplicationElement)']}}" 
},{
	 "id": "16", 
	 "label": "{'changeType': 'Preserve', 'type': 'object', 'className': 'EAttribute', 'attributes': {'id': '_LWKshN6tEei97MD7GK1RmA', 'name':'commandName','ordered':'true','unique':'true','lowerBound':'0','upperBound':'1','many':'false','required':'false','eType':'EString','eGenericType':'org.eclipse.emf.ecore.impl.EGenericTypeImpl@6d9fb2d1 (expression: EString)','changeable':'true','volatile':'false','transient':'false','unsettable':'false','derived':'false','eContainingClass':'Command','iD':'false','eAttributeType':'EString'}}" 
},{
	 "id": "17", 
	 "label": "{'changeType': 'Preserve', 'type': 'object', 'className': 'EAttribute', 'attributes': {'id': '_M4sPL96tEei97MD7GK1RmA', 'name':'description','ordered':'true','unique':'true','lowerBound':'0','upperBound':'1','many':'false','required':'false','eType':'EString','eGenericType':'org.eclipse.emf.ecore.impl.EGenericTypeImpl@540a903b (expression: EString)','changeable':'true','volatile':'false','transient':'false','unsettable':'false','derived':'false','eContainingClass':'Command','iD':'false','eAttributeType':'EString'}}" 
},{
	 "id": "18", 
	 "label": "{'changeType': 'Preserve', 'type': 'object', 'className': 'EClass', 'attributes': {'id': '_M4sPMd6tEei97MD7GK1RmA', 'name':'Handler','ePackage':'application','abstract':'false','interface':'false','eStructuralFeatures':['command'],'eGenericSuperTypes':['org.eclipse.emf.ecore.impl.EGenericTypeImpl@151db587 (expression: Contribution)']}}" 
},{
	 "id": "19", 
	 "label": "{'changeType': 'Preserve', 'type': 'object', 'className': 'EReference', 'attributes': {'id': '_M4sPMt6tEei97MD7GK1RmA', 'name':'command','ordered':'true','unique':'true','lowerBound':'1','upperBound':'1','many':'false','required':'true','eType':'Command','eGenericType':'org.eclipse.emf.ecore.impl.EGenericTypeImpl@23811a09 (expression: Command)','changeable':'true','volatile':'false','transient':'false','unsettable':'false','derived':'false','eContainingClass':'Handler','containment':'false','container':'false','resolveProxies':'true','eReferenceType':'Command'}}" 
},{
	 "id": "20", 
	 "label": "{'changeType': 'Preserve', 'type': 'object', 'className': 'EClass', 'attributes': {'id': '_M4sPM96tEei97MD7GK1RmA', 'name':'HandlerContainer','ePackage':'application','abstract':'true','interface':'true','eStructuralFeatures':['handlers']}}" 
},{
	 "id": "21", 
	 "label": "{'changeType': 'Preserve', 'type': 'object', 'className': 'EReference', 'attributes': {'id': '_M4sPNN6tEei97MD7GK1RmA', 'name':'handlers','ordered':'true','unique':'true','lowerBound':'0','upperBound':'-1','many':'true','required':'false','eType':'Handler','eGenericType':'org.eclipse.emf.ecore.impl.EGenericTypeImpl@f4c0e4e (expression: Handler)','changeable':'true','volatile':'false','transient':'false','unsettable':'false','derived':'false','eContainingClass':'HandlerContainer','containment':'true','container':'false','resolveProxies':'true','eReferenceType':'Handler'}}" 
},{
	 "id": "22", 
	 "label": "{'changeType': 'Preserve', 'type': 'object', 'className': 'EClass', 'attributes': {'id': '_LWKsht6tEei97MD7GK1RmA', 'name':'Input','ePackage':'application','abstract':'false','interface':'false','eStructuralFeatures':['inputURI','dirty']}}" 
},{
	 "id": "23", 
	 "label": "{'changeType': 'Preserve', 'type': 'object', 'className': 'EAttribute', 'attributes': {'id': '_LWKsh96tEei97MD7GK1RmA', 'name':'inputURI','ordered':'true','unique':'true','lowerBound':'0','upperBound':'1','many':'false','required':'false','eType':'EString','eGenericType':'org.eclipse.emf.ecore.impl.EGenericTypeImpl@15ac59c2 (expression: EString)','changeable':'true','volatile':'false','transient':'false','unsettable':'false','derived':'false','eContainingClass':'Input','iD':'false','eAttributeType':'EString'}}" 
},{
	 "id": "24", 
	 "label": "{'changeType': 'Preserve', 'type': 'object', 'className': 'EAttribute', 'attributes': {'id': '_MWuxqd6tEei97MD7GK1RmA', 'name':'dirty','ordered':'true','unique':'true','lowerBound':'0','upperBound':'1','many':'false','required':'false','eType':'EBoolean','eGenericType':'org.eclipse.emf.ecore.impl.EGenericTypeImpl@6eb82908 (expression: EBoolean)','changeable':'true','volatile':'false','transient':'false','defaultValue':'false','unsettable':'false','derived':'false','eContainingClass':'Input','iD':'false','eAttributeType':'EBoolean'}}" 
},{
	 "id": "25", 
	 "label": "{'changeType': 'Preserve', 'type': 'object', 'className': 'EClass', 'attributes': {'id': '_LWKsid6tEei97MD7GK1RmA', 'name':'Parameter','ePackage':'application','abstract':'false','interface':'false','eStructuralFeatures':['tag','value'],'eGenericSuperTypes':['org.eclipse.emf.ecore.impl.EGenericTypeImpl@3d98d138 (expression: ApplicationElement)']}}" 
},{
	 "id": "26", 
	 "label": "{'changeType': 'Preserve', 'type': 'object', 'className': 'EAttribute', 'attributes': {'id': '_MWuxrN6tEei97MD7GK1RmA', 'name':'tag','ordered':'true','unique':'true','lowerBound':'0','upperBound':'1','many':'false','required':'false','eType':'EString','eGenericType':'org.eclipse.emf.ecore.impl.EGenericTypeImpl@f2ce6b (expression: EString)','changeable':'true','volatile':'false','transient':'false','unsettable':'false','derived':'false','eContainingClass':'Parameter','iD':'false','eAttributeType':'EString'}}" 
},{
	 "id": "27", 
	 "label": "{'changeType': 'Preserve', 'type': 'object', 'className': 'EAttribute', 'attributes': {'id': '_LWKsjN6tEei97MD7GK1RmA', 'name':'value','ordered':'true','unique':'true','lowerBound':'0','upperBound':'1','many':'false','required':'false','eType':'EString','eGenericType':'org.eclipse.emf.ecore.impl.EGenericTypeImpl@5e2f3be5 (expression: EString)','changeable':'true','volatile':'false','transient':'false','unsettable':'false','derived':'false','eContainingClass':'Parameter','iD':'false','eAttributeType':'EString'}}" 
},{
	 "id": "28", 
	 "label": "{'changeType': 'Preserve', 'type': 'object', 'className': 'EClass', 'attributes': {'id': '_LWKsjt6tEei97MD7GK1RmA', 'name':'UIItem','ePackage':'application','abstract':'true','interface':'false','eStructuralFeatures':['name','iconURI','tooltip']}}" 
},{
	 "id": "29", 
	 "label": "{'changeType': 'Preserve', 'type': 'object', 'className': 'EAttribute', 'attributes': {'id': '_LWKsj96tEei97MD7GK1RmA', 'name':'name','ordered':'true','unique':'true','lowerBound':'0','upperBound':'1','many':'false','required':'false','eType':'EString','eGenericType':'org.eclipse.emf.ecore.impl.EGenericTypeImpl@1f51431 (expression: EString)','changeable':'true','volatile':'false','transient':'false','unsettable':'false','derived':'false','eContainingClass':'UIItem','iD':'false','eAttributeType':'EString'}}" 
},{
	 "id": "30", 
	 "label": "{'changeType': 'Preserve', 'type': 'object', 'className': 'EAttribute', 'attributes': {'id': '_LWKskd6tEei97MD7GK1RmA', 'name':'iconURI','ordered':'true','unique':'true','lowerBound':'0','upperBound':'1','many':'false','required':'false','eType':'EString','eGenericType':'org.eclipse.emf.ecore.impl.EGenericTypeImpl@38eb2c50 (expression: EString)','changeable':'true','volatile':'false','transient':'false','unsettable':'false','derived':'false','eContainingClass':'UIItem','iD':'false','eAttributeType':'EString'}}" 
},{
	 "id": "31", 
	 "label": "{'changeType': 'Preserve', 'type': 'object', 'className': 'EAttribute', 'attributes': {'id': '_LWKsk96tEei97MD7GK1RmA', 'name':'tooltip','ordered':'true','unique':'true','lowerBound':'0','upperBound':'1','many':'false','required':'false','eType':'EString','eGenericType':'org.eclipse.emf.ecore.impl.EGenericTypeImpl@21422231 (expression: EString)','changeable':'true','volatile':'false','transient':'false','unsettable':'false','derived':'false','eContainingClass':'UIItem','iD':'false','eAttributeType':'EString'}}" 
},{
	 "id": "32", 
	 "label": "{'changeType': 'Preserve', 'type': 'object', 'className': 'EClass', 'attributes': {'id': '_LWKsld6tEei97MD7GK1RmA', 'name':'UIElement','ePackage':'application','abstract':'true','interface':'false','eStructuralFeatures':['widget','factory','visible','parent'],'eGenericSuperTypes':['org.eclipse.emf.ecore.impl.EGenericTypeImpl@7186333e (expression: ApplicationElement)']}}" 
},{
	 "id": "33", 
	 "label": "{'changeType': 'Preserve', 'type': 'object', 'className': 'EAttribute', 'attributes': {'id': '_LWKslt6tEei97MD7GK1RmA', 'name':'widget','ordered':'true','unique':'true','lowerBound':'0','upperBound':'1','many':'false','required':'false','eType':'EJavaObject','eGenericType':'org.eclipse.emf.ecore.impl.EGenericTypeImpl@36f1046f (expression: EJavaObject)','changeable':'true','volatile':'false','transient':'true','unsettable':'false','derived':'false','eContainingClass':'UIElement','iD':'false','eAttributeType':'EJavaObject'}}" 
},{
	 "id": "34", 
	 "label": "{'changeType': 'Preserve', 'type': 'object', 'className': 'EAttribute', 'attributes': {'id': '_LWKsmN6tEei97MD7GK1RmA', 'name':'factory','ordered':'true','unique':'true','lowerBound':'0','upperBound':'1','many':'false','required':'false','eType':'EJavaObject','eGenericType':'org.eclipse.emf.ecore.impl.EGenericTypeImpl@1686f0b4 (expression: EJavaObject)','changeable':'true','volatile':'false','transient':'true','unsettable':'false','derived':'false','eContainingClass':'UIElement','iD':'false','eAttributeType':'EJavaObject'}}" 
},{
	 "id": "35", 
	 "label": "{'changeType': 'Preserve', 'type': 'object', 'className': 'EAttribute', 'attributes': {'id': '_LWKsmt6tEei97MD7GK1RmA', 'name':'visible','ordered':'true','unique':'true','lowerBound':'0','upperBound':'1','many':'false','required':'false','eType':'EBoolean','eGenericType':'org.eclipse.emf.ecore.impl.EGenericTypeImpl@3900fa71 (expression: EBoolean)','changeable':'true','volatile':'false','transient':'false','defaultValueLiteral':'true','defaultValue':'true','unsettable':'false','derived':'false','eContainingClass':'UIElement','iD':'false','eAttributeType':'EBoolean'}}" 
},{
	 "id": "36", 
	 "label": "{'changeType': 'Preserve', 'type': 'object', 'className': 'EReference', 'attributes': {'id': '_LWKsnN6tEei97MD7GK1RmA', 'name':'parent','ordered':'true','unique':'true','lowerBound':'0','upperBound':'1','many':'false','required':'false','eType':'ElementContainer','eGenericType':'org.eclipse.emf.ecore.impl.EGenericTypeImpl@7d0614f (expression: ElementContainer<UIElement>)','changeable':'true','volatile':'false','transient':'false','unsettable':'false','derived':'false','eContainingClass':'UIElement','containment':'false','container':'true','resolveProxies':'true','eOpposite':'children','eReferenceType':'ElementContainer'}}" 
},{
	 "id": "37", 
	 "label": "{'changeType': 'Preserve', 'type': 'object', 'className': 'EGenericType', 'attributes': {'id': '//UIElement/parent/@eGenericType', 'eTypeArguments':['org.eclipse.emf.ecore.impl.EGenericTypeImpl@627d8516 (expression: UIElement)'],'eRawType':'ElementContainer','eClassifier':'ElementContainer'}}" 
},{
	 "id": "38", 
	 "label": "{'changeType': 'Preserve', 'type': 'object', 'className': 'EGenericType', 'attributes': {'id': '_LWKsnt6tEei97MD7GK1RmA', 'eRawType':'UIElement','eClassifier':'UIElement'}}" 
},{
	 "id": "39", 
	 "label": "{'changeType': 'Preserve', 'type': 'object', 'className': 'EDataType', 'attributes': {'id': '_LWKsn96tEei97MD7GK1RmA', 'name':'IEclipseContext','instanceClassName':'org.eclipse.e4.core.services.context.IEclipseContext','instanceTypeName':'org.eclipse.e4.core.services.context.IEclipseContext','ePackage':'application','serializable':'false'}}" 
},{
	 "id": "40", 
	 "label": "{'changeType': 'Preserve', 'type': 'object', 'className': 'EDataType', 'attributes': {'id': '_LWKsoN6tEei97MD7GK1RmA', 'name':'ParameterizedCommand','instanceClassName':'org.eclipse.core.commands.ParameterizedCommand','instanceClass':'class org.eclipse.core.commands.ParameterizedCommand','instanceTypeName':'org.eclipse.core.commands.ParameterizedCommand','ePackage':'application','serializable':'false'}}" 
},{
	 "id": "41", 
	 "label": "{'changeType': 'Preserve', 'type': 'object', 'className': 'EClass', 'attributes': {'id': '_LWKsod6tEei97MD7GK1RmA', 'name':'Context','ePackage':'application','abstract':'false','interface':'false','eStructuralFeatures':['context','variables']}}" 
},{
	 "id": "42", 
	 "label": "{'changeType': 'Preserve', 'type': 'object', 'className': 'EAttribute', 'attributes': {'id': '_LWKsot6tEei97MD7GK1RmA', 'name':'context','ordered':'true','unique':'true','lowerBound':'0','upperBound':'1','many':'false','required':'false','eType':'IEclipseContext','eGenericType':'org.eclipse.emf.ecore.impl.EGenericTypeImpl@3cec79d3 (expression: IEclipseContext)','changeable':'true','volatile':'false','transient':'true','unsettable':'false','derived':'false','eContainingClass':'Context','iD':'false','eAttributeType':'IEclipseContext'}}" 
},{
	 "id": "43", 
	 "label": "{'changeType': 'Preserve', 'type': 'object', 'className': 'EAttribute', 'attributes': {'id': '_LWKso96tEei97MD7GK1RmA', 'name':'variables','ordered':'false','unique':'true','lowerBound':'0','upperBound':'-1','many':'true','required':'false','eType':'EString','eGenericType':'org.eclipse.emf.ecore.impl.EGenericTypeImpl@4e31c3ec (expression: EString)','changeable':'true','volatile':'false','transient':'false','unsettable':'false','derived':'false','eContainingClass':'Context','iD':'false','eAttributeType':'EString'}}" 
},{
	 "id": "44", 
	 "label": "{'changeType': 'Preserve', 'type': 'object', 'className': 'EClass', 'attributes': {'id': '_MWuxx96tEei97MD7GK1RmA', 'name':'V_________Testing__________V','ePackage':'application','abstract':'true','interface':'true'}}" 
},{
	 "id": "45", 
	 "label": "{'changeType': 'Preserve', 'type': 'object', 'className': 'EClass', 'attributes': {'id': '_MWuxyN6tEei97MD7GK1RmA', 'name':'TestHarness','ePackage':'application','abstract':'false','interface':'false','eGenericSuperTypes':['org.eclipse.emf.ecore.impl.EGenericTypeImpl@328902d5 (expression: ApplicationElement)','org.eclipse.emf.ecore.impl.EGenericTypeImpl@72e789cb (expression: Command)','org.eclipse.emf.ecore.impl.EGenericTypeImpl@7c1812b3 (expression: Context)','...']}}" 
},{
	 "id": "46", 
	 "label": "{'changeType': 'Preserve', 'type': 'object', 'className': 'EGenericType', 'attributes': {'id': '//TestHarness/@eGenericSuperTypes.4', 'eTypeArguments':['org.eclipse.emf.ecore.impl.EGenericTypeImpl@77010a30 (expression: UIElement)'],'eRawType':'ElementContainer','eClassifier':'ElementContainer'}}" 
},{
	 "id": "47", 
	 "label": "{'changeType': 'Preserve', 'type': 'object', 'className': 'EGenericType', 'attributes': {'id': '_MnTkbt6tEei97MD7GK1RmA', 'eRawType':'UIElement','eClassifier':'UIElement'}}" 
},{
	 "id": "48", 
	 "label": "{'changeType': 'Preserve', 'type': 'object', 'className': 'EClass', 'attributes': {'id': '_LWKspd6tEei97MD7GK1RmA', 'name':'V_________AbstractContainers__________V','ePackage':'application','abstract':'true','interface':'true'}}" 
},{
	 "id": "49", 
	 "label": "{'changeType': 'Preserve', 'type': 'object', 'className': 'EClass', 'attributes': {'id': '_LWKspt6tEei97MD7GK1RmA', 'name':'ElementContainer','ePackage':'application','eTypeParameters':['T'],'abstract':'true','interface':'false','eStructuralFeatures':['children','activeChild'],'eGenericSuperTypes':['org.eclipse.emf.ecore.impl.EGenericTypeImpl@28348c6 (expression: UIElement)']}}" 
},{
	 "id": "50", 
	 "label": "{'changeType': 'Preserve', 'type': 'object', 'className': 'ETypeParameter', 'attributes': {'id': '_LWKsp96tEei97MD7GK1RmA', 'name':'T','eBounds':['org.eclipse.emf.ecore.impl.EGenericTypeImpl@6e495b48 (expression: UIElement)']}}" 
},{
	 "id": "51", 
	 "label": "{'changeType': 'Preserve', 'type': 'object', 'className': 'EReference', 'attributes': {'id': '_LWKsqd6tEei97MD7GK1RmA', 'name':'children','ordered':'true','unique':'true','lowerBound':'0','upperBound':'-1','many':'true','required':'false','eType':'UIElement','eGenericType':'org.eclipse.emf.ecore.impl.EGenericTypeImpl@53c68ce (expression: T)','changeable':'true','volatile':'false','transient':'false','unsettable':'false','derived':'false','eContainingClass':'ElementContainer','containment':'true','container':'false','resolveProxies':'true','eOpposite':'parent','eReferenceType':'UIElement'}}" 
},{
	 "id": "52", 
	 "label": "{'changeType': 'Preserve', 'type': 'object', 'className': 'EReference', 'attributes': {'id': '_LWKsq96tEei97MD7GK1RmA', 'name':'activeChild','ordered':'true','unique':'true','lowerBound':'0','upperBound':'1','many':'false','required':'false','eType':'UIElement','eGenericType':'org.eclipse.emf.ecore.impl.EGenericTypeImpl@4b2d44bc (expression: T)','changeable':'true','volatile':'false','transient':'false','unsettable':'false','derived':'false','eContainingClass':'ElementContainer','containment':'false','container':'false','resolveProxies':'true','eReferenceType':'UIElement'}}" 
},{
	 "id": "53", 
	 "label": "{'changeType': 'Preserve', 'type': 'object', 'className': 'EClass', 'attributes': {'id': '_LWKsrd6tEei97MD7GK1RmA', 'name':'GenericTile','ePackage':'application','eTypeParameters':['T'],'abstract':'true','interface':'false','eStructuralFeatures':['weights','horizontal'],'eGenericSuperTypes':['org.eclipse.emf.ecore.impl.EGenericTypeImpl@4f824872 (expression: ElementContainer<T>)']}}" 
},{
	 "id": "54", 
	 "label": "{'changeType': 'Preserve', 'type': 'object', 'className': 'ETypeParameter', 'attributes': {'id': '_LWKsrt6tEei97MD7GK1RmA', 'name':'T','eBounds':['org.eclipse.emf.ecore.impl.EGenericTypeImpl@75e710b (expression: UIElement)']}}" 
},{
	 "id": "55", 
	 "label": "{'changeType': 'Preserve', 'type': 'object', 'className': 'EAttribute', 'attributes': {'id': '_LWKssN6tEei97MD7GK1RmA', 'name':'weights','ordered':'true','unique':'false','lowerBound':'0','upperBound':'-1','many':'true','required':'false','eType':'EInt','eGenericType':'org.eclipse.emf.ecore.impl.EGenericTypeImpl@376e7531 (expression: EInt)','changeable':'true','volatile':'false','transient':'false','unsettable':'false','derived':'false','eContainingClass':'GenericTile','iD':'false','eAttributeType':'EInt'}}" 
},{
	 "id": "56", 
	 "label": "{'changeType': 'Preserve', 'type': 'object', 'className': 'EAttribute', 'attributes': {'id': '_LWKsst6tEei97MD7GK1RmA', 'name':'horizontal','ordered':'true','unique':'true','lowerBound':'0','upperBound':'1','many':'false','required':'false','eType':'EBoolean','eGenericType':'org.eclipse.emf.ecore.impl.EGenericTypeImpl@5782d777 (expression: EBoolean)','changeable':'true','volatile':'false','transient':'false','defaultValue':'false','unsettable':'false','derived':'false','eContainingClass':'GenericTile','iD':'false','eAttributeType':'EBoolean'}}" 
},{
	 "id": "57", 
	 "label": "{'changeType': 'Preserve', 'type': 'object', 'className': 'EGenericType', 'attributes': {'id': '//GenericTile/@eGenericSuperTypes.0', 'eTypeArguments':['org.eclipse.emf.ecore.impl.EGenericTypeImpl@b016b4e (expression: T)'],'eRawType':'ElementContainer','eClassifier':'ElementContainer'}}" 
},{
	 "id": "58", 
	 "label": "{'changeType': 'Preserve', 'type': 'object', 'className': 'EGenericType', 'attributes': {'id': '_LWKstd6tEei97MD7GK1RmA', 'eRawType':'UIElement','eTypeParameter':'T'}}" 
},{
	 "id": "59", 
	 "label": "{'changeType': 'Preserve', 'type': 'object', 'className': 'EClass', 'attributes': {'id': '_LWKstt6tEei97MD7GK1RmA', 'name':'TrimStructure','ePackage':'application','eTypeParameters':['T'],'abstract':'false','interface':'false','eStructuralFeatures':['top','bottom','left','right'],'eGenericSuperTypes':['org.eclipse.emf.ecore.impl.EGenericTypeImpl@f4cfd90 (expression: UIElement)','org.eclipse.emf.ecore.impl.EGenericTypeImpl@7ae9a33a (expression: ElementContainer<T>)']}}" 
},{
	 "id": "60", 
	 "label": "{'changeType': 'Preserve', 'type': 'object', 'className': 'ETypeParameter', 'attributes': {'id': '_LWKst96tEei97MD7GK1RmA', 'name':'T','eBounds':['org.eclipse.emf.ecore.impl.EGenericTypeImpl@3506d826 (expression: UIElement)']}}" 
},{
	 "id": "61", 
	 "label": "{'changeType': 'Preserve', 'type': 'object', 'className': 'EReference', 'attributes': {'id': '_LWKsud6tEei97MD7GK1RmA', 'name':'top','ordered':'true','unique':'true','lowerBound':'0','upperBound':'1','many':'false','required':'false','eType':'ElementContainer','eGenericType':'org.eclipse.emf.ecore.impl.EGenericTypeImpl@8ff5094 (expression: ElementContainer<UIElement>)','changeable':'true','volatile':'false','transient':'false','unsettable':'false','derived':'false','eContainingClass':'TrimStructure','containment':'false','container':'false','resolveProxies':'true','eReferenceType':'ElementContainer'}}" 
},{
	 "id": "62", 
	 "label": "{'changeType': 'Preserve', 'type': 'object', 'className': 'EGenericType', 'attributes': {'id': '//TrimStructure/top/@eGenericType', 'eTypeArguments':['org.eclipse.emf.ecore.impl.EGenericTypeImpl@363f0ba0 (expression: UIElement)'],'eRawType':'ElementContainer','eClassifier':'ElementContainer'}}" 
},{
	 "id": "63", 
	 "label": "{'changeType': 'Preserve', 'type': 'object', 'className': 'EGenericType', 'attributes': {'id': '_LWKsu96tEei97MD7GK1RmA', 'eRawType':'UIElement','eClassifier':'UIElement'}}" 
},{
	 "id": "64", 
	 "label": "{'changeType': 'Preserve', 'type': 'object', 'className': 'EReference', 'attributes': {'id': '_LWKsvN6tEei97MD7GK1RmA', 'name':'bottom','ordered':'true','unique':'true','lowerBound':'0','upperBound':'1','many':'false','required':'false','eType':'ElementContainer','eGenericType':'org.eclipse.emf.ecore.impl.EGenericTypeImpl@6c8909c3 (expression: ElementContainer<UIElement>)','changeable':'true','volatile':'false','transient':'false','unsettable':'false','derived':'false','eContainingClass':'TrimStructure','containment':'false','container':'false','resolveProxies':'true','eReferenceType':'ElementContainer'}}" 
},{
	 "id": "65", 
	 "label": "{'changeType': 'Preserve', 'type': 'object', 'className': 'EGenericType', 'attributes': {'id': '//TrimStructure/bottom/@eGenericType', 'eTypeArguments':['org.eclipse.emf.ecore.impl.EGenericTypeImpl@1e008f36 (expression: UIElement)'],'eRawType':'ElementContainer','eClassifier':'ElementContainer'}}" 
},{
	 "id": "66", 
	 "label": "{'changeType': 'Preserve', 'type': 'object', 'className': 'EGenericType', 'attributes': {'id': '_LWKsvt6tEei97MD7GK1RmA', 'eRawType':'UIElement','eClassifier':'UIElement'}}" 
},{
	 "id": "67", 
	 "label": "{'changeType': 'Preserve', 'type': 'object', 'className': 'EReference', 'attributes': {'id': '_LWKsv96tEei97MD7GK1RmA', 'name':'left','ordered':'true','unique':'true','lowerBound':'0','upperBound':'1','many':'false','required':'false','eType':'ElementContainer','eGenericType':'org.eclipse.emf.ecore.impl.EGenericTypeImpl@3cae7b8b (expression: ElementContainer<UIElement>)','changeable':'true','volatile':'false','transient':'false','unsettable':'false','derived':'false','eContainingClass':'TrimStructure','containment':'false','container':'false','resolveProxies':'true','eReferenceType':'ElementContainer'}}" 
},{
	 "id": "68", 
	 "label": "{'changeType': 'Preserve', 'type': 'object', 'className': 'EGenericType', 'attributes': {'id': '//TrimStructure/left/@eGenericType', 'eTypeArguments':['org.eclipse.emf.ecore.impl.EGenericTypeImpl@184dbacc (expression: UIElement)'],'eRawType':'ElementContainer','eClassifier':'ElementContainer'}}" 
},{
	 "id": "69", 
	 "label": "{'changeType': 'Preserve', 'type': 'object', 'className': 'EGenericType', 'attributes': {'id': '_LWKswd6tEei97MD7GK1RmA', 'eRawType':'UIElement','eClassifier':'UIElement'}}" 
},{
	 "id": "70", 
	 "label": "{'changeType': 'Preserve', 'type': 'object', 'className': 'EReference', 'attributes': {'id': '_LWKswt6tEei97MD7GK1RmA', 'name':'right','ordered':'true','unique':'true','lowerBound':'0','upperBound':'1','many':'false','required':'false','eType':'ElementContainer','eGenericType':'org.eclipse.emf.ecore.impl.EGenericTypeImpl@359ff4d9 (expression: ElementContainer<UIElement>)','changeable':'true','volatile':'false','transient':'false','unsettable':'false','derived':'false','eContainingClass':'TrimStructure','containment':'false','container':'false','resolveProxies':'true','eReferenceType':'ElementContainer'}}" 
},{
	 "id": "71", 
	 "label": "{'changeType': 'Preserve', 'type': 'object', 'className': 'EGenericType', 'attributes': {'id': '//TrimStructure/right/@eGenericType', 'eTypeArguments':['org.eclipse.emf.ecore.impl.EGenericTypeImpl@7a22a3c2 (expression: UIElement)'],'eRawType':'ElementContainer','eClassifier':'ElementContainer'}}" 
},{
	 "id": "72", 
	 "label": "{'changeType': 'Preserve', 'type': 'object', 'className': 'EGenericType', 'attributes': {'id': '_LWKsxN6tEei97MD7GK1RmA', 'eRawType':'UIElement','eClassifier':'UIElement'}}" 
},{
	 "id": "73", 
	 "label": "{'changeType': 'Preserve', 'type': 'object', 'className': 'EGenericType', 'attributes': {'id': '//TrimStructure/@eGenericSuperTypes.1', 'eTypeArguments':['org.eclipse.emf.ecore.impl.EGenericTypeImpl@301aa982 (expression: T)'],'eRawType':'ElementContainer','eClassifier':'ElementContainer'}}" 
},{
	 "id": "74", 
	 "label": "{'changeType': 'Preserve', 'type': 'object', 'className': 'EGenericType', 'attributes': {'id': '_LWKsx96tEei97MD7GK1RmA', 'eRawType':'UIElement','eTypeParameter':'T'}}" 
},{
	 "id": "75", 
	 "label": "{'changeType': 'Preserve', 'type': 'object', 'className': 'EClass', 'attributes': {'id': '_LWKsyN6tEei97MD7GK1RmA', 'name':'V______________RCP_______________V','ePackage':'application','abstract':'true','interface':'true'}}" 
},{
	 "id": "76", 
	 "label": "{'changeType': 'Preserve', 'type': 'object', 'className': 'EClass', 'attributes': {'id': '_LWKsyd6tEei97MD7GK1RmA', 'name':'Application','ePackage':'application','abstract':'false','interface':'false','eStructuralFeatures':['commands'],'eGenericSuperTypes':['org.eclipse.emf.ecore.impl.EGenericTypeImpl@73ad7e90 (expression: Context)','org.eclipse.emf.ecore.impl.EGenericTypeImpl@4ba380c7 (expression: ElementContainer<Window>)','org.eclipse.emf.ecore.impl.EGenericTypeImpl@31133b6e (expression: HandlerContainer)']}}" 
},{
	 "id": "77", 
	 "label": "{'changeType': 'Preserve', 'type': 'object', 'className': 'EReference', 'attributes': {'id': '_LWKsyt6tEei97MD7GK1RmA', 'name':'commands','ordered':'true','unique':'true','lowerBound':'0','upperBound':'-1','many':'true','required':'false','eType':'Command','eGenericType':'org.eclipse.emf.ecore.impl.EGenericTypeImpl@65f58c6e (expression: Command)','changeable':'true','volatile':'false','transient':'false','unsettable':'false','derived':'false','eContainingClass':'Application','containment':'true','container':'false','resolveProxies':'true','eReferenceType':'Command'}}" 
},{
	 "id": "78", 
	 "label": "{'changeType': 'Preserve', 'type': 'object', 'className': 'EGenericType', 'attributes': {'id': '//Application/@eGenericSuperTypes.1', 'eTypeArguments':['org.eclipse.emf.ecore.impl.EGenericTypeImpl@784c5ef5 (expression: Window)'],'eRawType':'ElementContainer','eClassifier':'ElementContainer'}}" 
},{
	 "id": "79", 
	 "label": "{'changeType': 'Preserve', 'type': 'object', 'className': 'EGenericType', 'attributes': {'id': '_LWKszd6tEei97MD7GK1RmA', 'eRawType':'Window','eClassifier':'Window'}}" 
},{
	 "id": "80", 
	 "label": "{'changeType': 'Preserve', 'type': 'object', 'className': 'EClass', 'attributes': {'id': '_LWKsz96tEei97MD7GK1RmA', 'name':'Item','ePackage':'application','abstract':'false','interface':'false','eStructuralFeatures':['enabled','selected','separator'],'eGenericSuperTypes':['org.eclipse.emf.ecore.impl.EGenericTypeImpl@7ea08277 (expression: UIElement)','org.eclipse.emf.ecore.impl.EGenericTypeImpl@6401d0a0 (expression: UIItem)']}}" 
},{
	 "id": "81", 
	 "label": "{'changeType': 'Preserve', 'type': 'object', 'className': 'EAttribute', 'attributes': {'id': '_LWKs0N6tEei97MD7GK1RmA', 'name':'enabled','ordered':'true','unique':'true','lowerBound':'0','upperBound':'1','many':'false','required':'false','eType':'EBoolean','eGenericType':'org.eclipse.emf.ecore.impl.EGenericTypeImpl@71dfcf21 (expression: EBoolean)','changeable':'true','volatile':'false','transient':'false','defaultValueLiteral':'true','defaultValue':'true','unsettable':'false','derived':'false','eContainingClass':'Item','iD':'false','eAttributeType':'EBoolean'}}" 
},{
	 "id": "82", 
	 "label": "{'changeType': 'Preserve', 'type': 'object', 'className': 'EAttribute', 'attributes': {'id': '_LWKs0t6tEei97MD7GK1RmA', 'name':'selected','ordered':'true','unique':'true','lowerBound':'0','upperBound':'1','many':'false','required':'false','eType':'EBoolean','eGenericType':'org.eclipse.emf.ecore.impl.EGenericTypeImpl@61f80d55 (expression: EBoolean)','changeable':'true','volatile':'false','transient':'false','defaultValue':'false','unsettable':'false','derived':'false','eContainingClass':'Item','iD':'false','eAttributeType':'EBoolean'}}" 
},{
	 "id": "83", 
	 "label": "{'changeType': 'Preserve', 'type': 'object', 'className': 'EAttribute', 'attributes': {'id': '_LWKs1N6tEei97MD7GK1RmA', 'name':'separator','ordered':'true','unique':'true','lowerBound':'0','upperBound':'1','many':'false','required':'false','eType':'EBoolean','eGenericType':'org.eclipse.emf.ecore.impl.EGenericTypeImpl@280e8a1a (expression: EBoolean)','changeable':'true','volatile':'false','transient':'false','defaultValue':'false','unsettable':'false','derived':'false','eContainingClass':'Item','iD':'false','eAttributeType':'EBoolean'}}" 
},{
	 "id": "84", 
	 "label": "{'changeType': 'Preserve', 'type': 'object', 'className': 'EClass', 'attributes': {'id': '_LWKs1t6tEei97MD7GK1RmA', 'name':'HandledItem','ePackage':'application','abstract':'false','interface':'false','eStructuralFeatures':['command','wbCommand','parameters'],'eGenericSuperTypes':['org.eclipse.emf.ecore.impl.EGenericTypeImpl@30501e60 (expression: Item)']}}" 
},{
	 "id": "85", 
	 "label": "{'changeType': 'Preserve', 'type': 'object', 'className': 'EReference', 'attributes': {'id': '_LWKs196tEei97MD7GK1RmA', 'name':'command','ordered':'true','unique':'true','lowerBound':'0','upperBound':'1','many':'false','required':'false','eType':'Command','eGenericType':'org.eclipse.emf.ecore.impl.EGenericTypeImpl@7495699f (expression: Command)','changeable':'true','volatile':'false','transient':'false','unsettable':'false','derived':'false','eContainingClass':'HandledItem','containment':'false','container':'false','resolveProxies':'true','eReferenceType':'Command'}}" 
},{
	 "id": "86", 
	 "label": "{'changeType': 'Preserve', 'type': 'object', 'className': 'EAttribute', 'attributes': {'id': '_LWKs2d6tEei97MD7GK1RmA', 'name':'wbCommand','ordered':'true','unique':'true','lowerBound':'0','upperBound':'1','many':'false','required':'false','eType':'ParameterizedCommand','eGenericType':'org.eclipse.emf.ecore.impl.EGenericTypeImpl@4cb0a000 (expression: ParameterizedCommand)','changeable':'true','volatile':'false','transient':'true','unsettable':'false','derived':'false','eContainingClass':'HandledItem','iD':'false','eAttributeType':'ParameterizedCommand'}}" 
},{
	 "id": "87", 
	 "label": "{'changeType': 'Preserve', 'type': 'object', 'className': 'EReference', 'attributes': {'id': '_LWKs2t6tEei97MD7GK1RmA', 'name':'parameters','ordered':'true','unique':'true','lowerBound':'0','upperBound':'-1','many':'true','required':'false','eType':'Parameter','eGenericType':'org.eclipse.emf.ecore.impl.EGenericTypeImpl@74abbb (expression: Parameter)','changeable':'true','volatile':'false','transient':'false','unsettable':'false','derived':'false','eContainingClass':'HandledItem','containment':'false','container':'false','resolveProxies':'true','eReferenceType':'Parameter'}}" 
},{
	 "id": "88", 
	 "label": "{'changeType': 'Preserve', 'type': 'object', 'className': 'EClass', 'attributes': {'id': '_LWKs296tEei97MD7GK1RmA', 'name':'MenuItem','ePackage':'application','abstract':'false','interface':'false','eGenericSuperTypes':['org.eclipse.emf.ecore.impl.EGenericTypeImpl@37ce3644 (expression: Menu)','org.eclipse.emf.ecore.impl.EGenericTypeImpl@2dddc1b9 (expression: HandledItem)','org.eclipse.emf.ecore.impl.EGenericTypeImpl@65a5d4f9 (expression: Contribution)']}}" 
},{
	 "id": "89", 
	 "label": "{'changeType': 'Preserve', 'type': 'object', 'className': 'EClass', 'attributes': {'id': '_LWKs3N6tEei97MD7GK1RmA', 'name':'Menu','ePackage':'application','abstract':'false','interface':'false','eGenericSuperTypes':['org.eclipse.emf.ecore.impl.EGenericTypeImpl@22367b8 (expression: UIElement)','org.eclipse.emf.ecore.impl.EGenericTypeImpl@41b0ae4c (expression: ElementContainer<MenuItem>)']}}" 
},{
	 "id": "90", 
	 "label": "{'changeType': 'Preserve', 'type': 'object', 'className': 'EGenericType', 'attributes': {'id': '//Menu/@eGenericSuperTypes.1', 'eTypeArguments':['org.eclipse.emf.ecore.impl.EGenericTypeImpl@af9a89f (expression: MenuItem)'],'eRawType':'ElementContainer','eClassifier':'ElementContainer'}}" 
},{
	 "id": "91", 
	 "label": "{'changeType': 'Preserve', 'type': 'object', 'className': 'EGenericType', 'attributes': {'id': '_LWKs396tEei97MD7GK1RmA', 'eRawType':'MenuItem','eClassifier':'MenuItem'}}" 
},{
	 "id": "92", 
	 "label": "{'changeType': 'Preserve', 'type': 'object', 'className': 'EGenericType', 'attributes': {'id': '_LWKs496tEei97MD7GK1RmA', 'eRawType':'MenuItem','eClassifier':'MenuItem'}}" 
},{
	 "id": "93", 
	 "label": "{'changeType': 'Preserve', 'type': 'object', 'className': 'EClass', 'attributes': {'id': '_LWKs5N6tEei97MD7GK1RmA', 'name':'ToolBar','ePackage':'application','abstract':'false','interface':'false','eGenericSuperTypes':['org.eclipse.emf.ecore.impl.EGenericTypeImpl@2fc2a205 (expression: UIElement)','org.eclipse.emf.ecore.impl.EGenericTypeImpl@2881ad47 (expression: ElementContainer<ToolItem>)']}}" 
},{
	 "id": "94", 
	 "label": "{'changeType': 'Preserve', 'type': 'object', 'className': 'EGenericType', 'attributes': {'id': '//ToolBar/@eGenericSuperTypes.1', 'eTypeArguments':['org.eclipse.emf.ecore.impl.EGenericTypeImpl@2bef09c0 (expression: ToolItem)'],'eRawType':'ElementContainer','eClassifier':'ElementContainer'}}" 
},{
	 "id": "95", 
	 "label": "{'changeType': 'Preserve', 'type': 'object', 'className': 'EGenericType', 'attributes': {'id': '_LWKs596tEei97MD7GK1RmA', 'eRawType':'ToolItem','eClassifier':'ToolItem'}}" 
},{
	 "id": "96", 
	 "label": "{'changeType': 'Preserve', 'type': 'object', 'className': 'EClass', 'attributes': {'id': '_LWKs6N6tEei97MD7GK1RmA', 'name':'PSCElement','ePackage':'application','abstract':'true','interface':'true','eGenericSuperTypes':['org.eclipse.emf.ecore.impl.EGenericTypeImpl@58a63629 (expression: UIElement)']}}" 
},{
	 "id": "97", 
	 "label": "{'changeType': 'Preserve', 'type': 'object', 'className': 'EClass', 'attributes': {'id': '_LWKs6d6tEei97MD7GK1RmA', 'name':'Part','ePackage':'application','abstract':'false','interface':'false','eStructuralFeatures':['menus','toolbar'],'eGenericSuperTypes':['org.eclipse.emf.ecore.impl.EGenericTypeImpl@2e1af49b (expression: Contribution)','org.eclipse.emf.ecore.impl.EGenericTypeImpl@3fd2322d (expression: Context)','org.eclipse.emf.ecore.impl.EGenericTypeImpl@56ac5c80 (expression: PSCElement)','...']}}" 
},{
	 "id": "98", 
	 "label": "{'changeType': 'Preserve', 'type': 'object', 'className': 'EReference', 'attributes': {'id': '_LWKs6t6tEei97MD7GK1RmA', 'name':'menus','ordered':'true','unique':'true','lowerBound':'0','upperBound':'-1','many':'true','required':'false','eType':'Menu','eGenericType':'org.eclipse.emf.ecore.impl.EGenericTypeImpl@ab20d7c (expression: Menu)','changeable':'true','volatile':'false','transient':'false','unsettable':'false','derived':'false','eContainingClass':'Part','containment':'false','container':'false','resolveProxies':'true','eReferenceType':'Menu'}}" 
},{
	 "id": "99", 
	 "label": "{'changeType': 'Preserve', 'type': 'object', 'className': 'EReference', 'attributes': {'id': '_LWKs696tEei97MD7GK1RmA', 'name':'toolbar','ordered':'true','unique':'true','lowerBound':'0','upperBound':'1','many':'false','required':'false','eType':'ToolBar','eGenericType':'org.eclipse.emf.ecore.impl.EGenericTypeImpl@4f4c789f (expression: ToolBar)','changeable':'true','volatile':'false','transient':'false','unsettable':'false','derived':'false','eContainingClass':'Part','containment':'false','container':'false','resolveProxies':'true','eReferenceType':'ToolBar'}}" 
},{
	 "id": "100", 
	 "label": "{'changeType': 'Preserve', 'type': 'object', 'className': 'EClass', 'attributes': {'id': '_LWKs7N6tEei97MD7GK1RmA', 'name':'PartStack','ePackage':'application','abstract':'false','interface':'false','eGenericSuperTypes':['org.eclipse.emf.ecore.impl.EGenericTypeImpl@1b7cae6f (expression: ElementContainer<Part>)','org.eclipse.emf.ecore.impl.EGenericTypeImpl@d5ce97f (expression: UIElement)','org.eclipse.emf.ecore.impl.EGenericTypeImpl@7048535f (expression: PSCElement)']}}" 
},{
	 "id": "101", 
	 "label": "{'changeType': 'Preserve', 'type': 'object', 'className': 'EGenericType', 'attributes': {'id': '//PartStack/@eGenericSuperTypes.0', 'eTypeArguments':['org.eclipse.emf.ecore.impl.EGenericTypeImpl@21f8e55f (expression: Part)'],'eRawType':'ElementContainer','eClassifier':'ElementContainer'}}" 
},{
	 "id": "102", 
	 "label": "{'changeType': 'Preserve', 'type': 'object', 'className': 'EGenericType', 'attributes': {'id': '_LWKs7t6tEei97MD7GK1RmA', 'eRawType':'Part','eClassifier':'Part'}}" 
},{
	 "id": "103", 
	 "label": "{'changeType': 'Preserve', 'type': 'object', 'className': 'EClass', 'attributes': {'id': '_LWKs8d6tEei97MD7GK1RmA', 'name':'PartSashContainer','ePackage':'application','abstract':'false','interface':'false','eGenericSuperTypes':['org.eclipse.emf.ecore.impl.EGenericTypeImpl@680d4a6a (expression: GenericTile<PSCElement>)','org.eclipse.emf.ecore.impl.EGenericTypeImpl@309028af (expression: PSCElement)']}}" 
},{
	 "id": "104", 
	 "label": "{'changeType': 'Preserve', 'type': 'object', 'className': 'EGenericType', 'attributes': {'id': '//PartSashContainer/@eGenericSuperTypes.0', 'eTypeArguments':['org.eclipse.emf.ecore.impl.EGenericTypeImpl@2f04105 (expression: PSCElement)'],'eRawType':'GenericTile','eClassifier':'GenericTile'}}" 
},{
	 "id": "105", 
	 "label": "{'changeType': 'Preserve', 'type': 'object', 'className': 'EGenericType', 'attributes': {'id': '_LWKs896tEei97MD7GK1RmA', 'eRawType':'PSCElement','eClassifier':'PSCElement'}}" 
},{
	 "id": "106", 
	 "label": "{'changeType': 'Preserve', 'type': 'object', 'className': 'EClass', 'attributes': {'id': '_LWKs9d6tEei97MD7GK1RmA', 'name':'Window','ePackage':'application','abstract':'false','interface':'false','eStructuralFeatures':['mainMenu','x','y','width','height'],'eGenericSuperTypes':['org.eclipse.emf.ecore.impl.EGenericTypeImpl@2f1ea80d (expression: UIItem)','org.eclipse.emf.ecore.impl.EGenericTypeImpl@37191ef0 (expression: ElementContainer<PSCElement>)','org.eclipse.emf.ecore.impl.EGenericTypeImpl@5edf2821 (expression: Context)','...']}}" 
},{
	 "id": "107", 
	 "label": "{'changeType': 'Preserve', 'type': 'object', 'className': 'EReference', 'attributes': {'id': '_LWKs9t6tEei97MD7GK1RmA', 'name':'mainMenu','ordered':'true','unique':'true','lowerBound':'0','upperBound':'1','many':'false','required':'false','eType':'Menu','eGenericType':'org.eclipse.emf.ecore.impl.EGenericTypeImpl@70e889e9 (expression: Menu)','changeable':'true','volatile':'false','transient':'false','unsettable':'false','derived':'false','eContainingClass':'Window','containment':'true','container':'false','resolveProxies':'true','eReferenceType':'Menu'}}" 
},{
	 "id": "108", 
	 "label": "{'changeType': 'Preserve', 'type': 'object', 'className': 'EAttribute', 'attributes': {'id': '_LWKs996tEei97MD7GK1RmA', 'name':'x','ordered':'true','unique':'true','lowerBound':'0','upperBound':'1','many':'false','required':'false','eType':'EInt','eGenericType':'org.eclipse.emf.ecore.impl.EGenericTypeImpl@51351f28 (expression: EInt)','changeable':'true','volatile':'false','transient':'false','defaultValue':'0','unsettable':'false','derived':'false','eContainingClass':'Window','iD':'false','eAttributeType':'EInt'}}" 
},{
	 "id": "109", 
	 "label": "{'changeType': 'Preserve', 'type': 'object', 'className': 'EAttribute', 'attributes': {'id': '_LWKs-d6tEei97MD7GK1RmA', 'name':'y','ordered':'true','unique':'true','lowerBound':'0','upperBound':'1','many':'false','required':'false','eType':'EInt','eGenericType':'org.eclipse.emf.ecore.impl.EGenericTypeImpl@15f2eda3 (expression: EInt)','changeable':'true','volatile':'false','transient':'false','defaultValue':'0','unsettable':'false','derived':'false','eContainingClass':'Window','iD':'false','eAttributeType':'EInt'}}" 
},{
	 "id": "110", 
	 "label": "{'changeType': 'Preserve', 'type': 'object', 'className': 'EAttribute', 'attributes': {'id': '_LWKs-96tEei97MD7GK1RmA', 'name':'width','ordered':'true','unique':'true','lowerBound':'0','upperBound':'1','many':'false','required':'false','eType':'EInt','eGenericType':'org.eclipse.emf.ecore.impl.EGenericTypeImpl@4d7aaca2 (expression: EInt)','changeable':'true','volatile':'false','transient':'false','defaultValue':'0','unsettable':'false','derived':'false','eContainingClass':'Window','iD':'false','eAttributeType':'EInt'}}" 
},{
	 "id": "111", 
	 "label": "{'changeType': 'Preserve', 'type': 'object', 'className': 'EAttribute', 'attributes': {'id': '_LWKs_d6tEei97MD7GK1RmA', 'name':'height','ordered':'true','unique':'true','lowerBound':'0','upperBound':'1','many':'false','required':'false','eType':'EInt','eGenericType':'org.eclipse.emf.ecore.impl.EGenericTypeImpl@62566842 (expression: EInt)','changeable':'true','volatile':'false','transient':'false','defaultValue':'0','unsettable':'false','derived':'false','eContainingClass':'Window','iD':'false','eAttributeType':'EInt'}}" 
},{
	 "id": "112", 
	 "label": "{'changeType': 'Preserve', 'type': 'object', 'className': 'EGenericType', 'attributes': {'id': '//Window/@eGenericSuperTypes.1', 'eTypeArguments':['org.eclipse.emf.ecore.impl.EGenericTypeImpl@f1a45f8 (expression: PSCElement)'],'eRawType':'ElementContainer','eClassifier':'ElementContainer'}}" 
},{
	 "id": "113", 
	 "label": "{'changeType': 'Preserve', 'type': 'object', 'className': 'EGenericType', 'attributes': {'id': '_LWKtAd6tEei97MD7GK1RmA', 'eRawType':'PSCElement','eClassifier':'PSCElement'}}" 
},{
	 "id": "114", 
	 "label": "{'changeType': 'Preserve', 'type': 'object', 'className': 'EClass', 'attributes': {'id': '_LWKtBN6tEei97MD7GK1RmA', 'name':'V______________IDE_______________V','ePackage':'application','abstract':'true','interface':'true'}}" 
},{
	 "id": "115", 
	 "label": "{'changeType': 'Preserve', 'type': 'object', 'className': 'EClass', 'attributes': {'id': '_LWKtBd6tEei97MD7GK1RmA', 'name':'VSCElement','ePackage':'application','abstract':'true','interface':'true','eGenericSuperTypes':['org.eclipse.emf.ecore.impl.EGenericTypeImpl@58f07f02 (expression: UIElement)']}}" 
},{
	 "id": "116", 
	 "label": "{'changeType': 'Preserve', 'type': 'object', 'className': 'EClass', 'attributes': {'id': '_LWKtBt6tEei97MD7GK1RmA', 'name':'View','ePackage':'application','abstract':'false','interface':'false','eGenericSuperTypes':['org.eclipse.emf.ecore.impl.EGenericTypeImpl@40f8f5a8 (expression: Part)','org.eclipse.emf.ecore.impl.EGenericTypeImpl@1ffcf674 (expression: VSCElement)']}}" 
},{
	 "id": "117", 
	 "label": "{'changeType': 'Preserve', 'type': 'object', 'className': 'EClass', 'attributes': {'id': '_LWKtB96tEei97MD7GK1RmA', 'name':'ViewStack','ePackage':'application','abstract':'false','interface':'false','eGenericSuperTypes':['org.eclipse.emf.ecore.impl.EGenericTypeImpl@7d070ef5 (expression: ElementContainer<View>)','org.eclipse.emf.ecore.impl.EGenericTypeImpl@2e2f720 (expression: VSCElement)','org.eclipse.emf.ecore.impl.EGenericTypeImpl@3ae2ed38 (expression: UIElement)']}}" 
},{
	 "id": "118", 
	 "label": "{'changeType': 'Preserve', 'type': 'object', 'className': 'EGenericType', 'attributes': {'id': '//ViewStack/@eGenericSuperTypes.0', 'eTypeArguments':['org.eclipse.emf.ecore.impl.EGenericTypeImpl@7a55f148 (expression: View)'],'eRawType':'ElementContainer','eClassifier':'ElementContainer'}}" 
},{
	 "id": "119", 
	 "label": "{'changeType': 'Preserve', 'type': 'object', 'className': 'EGenericType', 'attributes': {'id': '_LWKtCd6tEei97MD7GK1RmA', 'eRawType':'View','eClassifier':'View'}}" 
},{
	 "id": "120", 
	 "label": "{'changeType': 'Preserve', 'type': 'object', 'className': 'EClass', 'attributes': {'id': '_LWKtDN6tEei97MD7GK1RmA', 'name':'ViewSashContainer','ePackage':'application','abstract':'false','interface':'false','eGenericSuperTypes':['org.eclipse.emf.ecore.impl.EGenericTypeImpl@2add4d24 (expression: GenericTile<VSCElement>)','org.eclipse.emf.ecore.impl.EGenericTypeImpl@12b5454f (expression: VSCElement)','org.eclipse.emf.ecore.impl.EGenericTypeImpl@5445f5ba (expression: PSCElement)']}}" 
},{
	 "id": "121", 
	 "label": "{'changeType': 'Preserve', 'type': 'object', 'className': 'EGenericType', 'attributes': {'id': '//ViewSashContainer/@eGenericSuperTypes.0', 'eTypeArguments':['org.eclipse.emf.ecore.impl.EGenericTypeImpl@3f93e4a8 (expression: VSCElement)'],'eRawType':'GenericTile','eClassifier':'GenericTile'}}" 
},{
	 "id": "122", 
	 "label": "{'changeType': 'Preserve', 'type': 'object', 'className': 'EGenericType', 'attributes': {'id': '_LWKtDt6tEei97MD7GK1RmA', 'eRawType':'VSCElement','eClassifier':'VSCElement'}}" 
},{
	 "id": "123", 
	 "label": "{'changeType': 'Preserve', 'type': 'object', 'className': 'EClass', 'attributes': {'id': '_LWKtEd6tEei97MD7GK1RmA', 'name':'Editor','ePackage':'application','abstract':'false','interface':'false','eGenericSuperTypes':['org.eclipse.emf.ecore.impl.EGenericTypeImpl@342726f1 (expression: Part)','org.eclipse.emf.ecore.impl.EGenericTypeImpl@c808207 (expression: Input)','org.eclipse.emf.ecore.impl.EGenericTypeImpl@4b869331 (expression: ESCElement)']}}" 
},{
	 "id": "124", 
	 "label": "{'changeType': 'Preserve', 'type': 'object', 'className': 'EClass', 'attributes': {'id': '_LWKtEt6tEei97MD7GK1RmA', 'name':'MultiEditor','ePackage':'application','abstract':'false','interface':'false','eGenericSuperTypes':['org.eclipse.emf.ecore.impl.EGenericTypeImpl@6a0cbc6f (expression: Editor)','org.eclipse.emf.ecore.impl.EGenericTypeImpl@67110f71 (expression: ElementContainer<Editor>)']}}" 
},{
	 "id": "125", 
	 "label": "{'changeType': 'Preserve', 'type': 'object', 'className': 'EGenericType', 'attributes': {'id': '//MultiEditor/@eGenericSuperTypes.1', 'eTypeArguments':['org.eclipse.emf.ecore.impl.EGenericTypeImpl@6f89292e (expression: Editor)'],'eRawType':'ElementContainer','eClassifier':'ElementContainer'}}" 
},{
	 "id": "126", 
	 "label": "{'changeType': 'Preserve', 'type': 'object', 'className': 'EGenericType', 'attributes': {'id': '_LWKtFd6tEei97MD7GK1RmA', 'eRawType':'Editor','eClassifier':'Editor'}}" 
},{
	 "id": "127", 
	 "label": "{'changeType': 'Preserve', 'type': 'object', 'className': 'EClass', 'attributes': {'id': '_LWKtFt6tEei97MD7GK1RmA', 'name':'ESCElement','ePackage':'application','abstract':'true','interface':'true','eGenericSuperTypes':['org.eclipse.emf.ecore.impl.EGenericTypeImpl@de77232 (expression: UIElement)']}}" 
},{
	 "id": "128", 
	 "label": "{'changeType': 'Preserve', 'type': 'object', 'className': 'EClass', 'attributes': {'id': '_LWKtF96tEei97MD7GK1RmA', 'name':'EditorStack','ePackage':'application','abstract':'false','interface':'false','eStructuralFeatures':['inputURI'],'eGenericSuperTypes':['org.eclipse.emf.ecore.impl.EGenericTypeImpl@4ab550d5 (expression: ElementContainer<Editor>)','org.eclipse.emf.ecore.impl.EGenericTypeImpl@58e85c6f (expression: ESCElement)','org.eclipse.emf.ecore.impl.EGenericTypeImpl@a137d7a (expression: UIElement)']}}" 
},{
	 "id": "129", 
	 "label": "{'changeType': 'Preserve', 'type': 'object', 'className': 'EAttribute', 'attributes': {'id': '_LWKtGN6tEei97MD7GK1RmA', 'name':'inputURI','ordered':'true','unique':'true','lowerBound':'0','upperBound':'1','many':'false','required':'false','eType':'EString','eGenericType':'org.eclipse.emf.ecore.impl.EGenericTypeImpl@7c75db8b (expression: EString)','changeable':'true','volatile':'false','transient':'false','unsettable':'false','derived':'false','eContainingClass':'EditorStack','iD':'false','eAttributeType':'EString'}}" 
},{
	 "id": "130", 
	 "label": "{'changeType': 'Preserve', 'type': 'object', 'className': 'EGenericType', 'attributes': {'id': '//EditorStack/@eGenericSuperTypes.0', 'eTypeArguments':['org.eclipse.emf.ecore.impl.EGenericTypeImpl@3cd206b5 (expression: Editor)'],'eRawType':'ElementContainer','eClassifier':'ElementContainer'}}" 
},{
	 "id": "131", 
	 "label": "{'changeType': 'Preserve', 'type': 'object', 'className': 'EGenericType', 'attributes': {'id': '_LWKtG96tEei97MD7GK1RmA', 'eRawType':'Editor','eClassifier':'Editor'}}" 
},{
	 "id": "132", 
	 "label": "{'changeType': 'Preserve', 'type': 'object', 'className': 'EClass', 'attributes': {'id': '_LWKtHt6tEei97MD7GK1RmA', 'name':'EditorSashContainer','ePackage':'application','abstract':'false','interface':'false','eGenericSuperTypes':['org.eclipse.emf.ecore.impl.EGenericTypeImpl@468be356 (expression: GenericTile<ESCElement>)','org.eclipse.emf.ecore.impl.EGenericTypeImpl@4df39a88 (expression: ESCElement)','org.eclipse.emf.ecore.impl.EGenericTypeImpl@2264e43c (expression: VSCElement)']}}" 
},{
	 "id": "133", 
	 "label": "{'changeType': 'Preserve', 'type': 'object', 'className': 'EGenericType', 'attributes': {'id': '//EditorSashContainer/@eGenericSuperTypes.0', 'eTypeArguments':['org.eclipse.emf.ecore.impl.EGenericTypeImpl@5c9ac4cc (expression: ESCElement)'],'eRawType':'GenericTile','eClassifier':'GenericTile'}}" 
},{
	 "id": "134", 
	 "label": "{'changeType': 'Preserve', 'type': 'object', 'className': 'EGenericType', 'attributes': {'id': '_LWKtIN6tEei97MD7GK1RmA', 'eRawType':'ESCElement','eClassifier':'ESCElement'}}" 
},{
	 "id": "135", 
	 "label": "{'changeType': 'Preserve', 'type': 'object', 'className': 'EClass', 'attributes': {'id': '_LWKtI96tEei97MD7GK1RmA', 'name':'Perspective','ePackage':'application','abstract':'false','interface':'false','eGenericSuperTypes':['org.eclipse.emf.ecore.impl.EGenericTypeImpl@31da3d60 (expression: UIItem)','org.eclipse.emf.ecore.impl.EGenericTypeImpl@60acd609 (expression: ElementContainer<VSCElement>)','org.eclipse.emf.ecore.impl.EGenericTypeImpl@3f49e266 (expression: Context)']}}" 
},{
	 "id": "136", 
	 "label": "{'changeType': 'Preserve', 'type': 'object', 'className': 'EGenericType', 'attributes': {'id': '//Perspective/@eGenericSuperTypes.1', 'eTypeArguments':['org.eclipse.emf.ecore.impl.EGenericTypeImpl@65ec8b24 (expression: VSCElement)'],'eRawType':'ElementContainer','eClassifier':'ElementContainer'}}" 
},{
	 "id": "137", 
	 "label": "{'changeType': 'Preserve', 'type': 'object', 'className': 'EGenericType', 'attributes': {'id': '_LWKtJt6tEei97MD7GK1RmA', 'eRawType':'VSCElement','eClassifier':'VSCElement'}}" 
},{
	 "id": "138", 
	 "label": "{'changeType': 'Preserve', 'type': 'object', 'className': 'EClass', 'attributes': {'id': '_LWKtKN6tEei97MD7GK1RmA', 'name':'PerspectiveStack','ePackage':'application','abstract':'false','interface':'false','eGenericSuperTypes':['org.eclipse.emf.ecore.impl.EGenericTypeImpl@598260a6 (expression: UIElement)','org.eclipse.emf.ecore.impl.EGenericTypeImpl@58b67519 (expression: ElementContainer<Perspective>)','org.eclipse.emf.ecore.impl.EGenericTypeImpl@30d25c03 (expression: VSCElement)']}}" 
},{
	 "id": "139", 
	 "label": "{'changeType': 'Preserve', 'type': 'object', 'className': 'EGenericType', 'attributes': {'id': '//PerspectiveStack/@eGenericSuperTypes.1', 'eTypeArguments':['org.eclipse.emf.ecore.impl.EGenericTypeImpl@281ce6bb (expression: Perspective)'],'eRawType':'ElementContainer','eClassifier':'ElementContainer'}}" 
},{
	 "id": "140", 
	 "label": "{'changeType': 'Preserve', 'type': 'object', 'className': 'EGenericType', 'attributes': {'id': '_LWKtK96tEei97MD7GK1RmA', 'eRawType':'Perspective','eClassifier':'Perspective'}}" 
},{
	 "id": "141", 
	 "label": "{'changeType': 'Preserve', 'type': 'object', 'className': 'EClass', 'attributes': {'id': '_LWKtLd6tEei97MD7GK1RmA', 'name':'IDEWindow','ePackage':'application','abstract':'false','interface':'false','eStructuralFeatures':['mainMenu'],'eGenericSuperTypes':['org.eclipse.emf.ecore.impl.EGenericTypeImpl@7c1c5936 (expression: TrimStructure<VSCElement>)','org.eclipse.emf.ecore.impl.EGenericTypeImpl@3ac8cf9b (expression: UIItem)','org.eclipse.emf.ecore.impl.EGenericTypeImpl@55ec556 (expression: Context)','...']}}" 
},{
	 "id": "142", 
	 "label": "{'changeType': 'Preserve', 'type': 'object', 'className': 'EReference', 'attributes': {'id': '_LWKtLt6tEei97MD7GK1RmA', 'name':'mainMenu','ordered':'true','unique':'true','lowerBound':'0','upperBound':'1','many':'false','required':'false','eType':'Menu','eGenericType':'org.eclipse.emf.ecore.impl.EGenericTypeImpl@5e8c34a0 (expression: Menu)','changeable':'true','volatile':'false','transient':'false','unsettable':'false','derived':'false','eContainingClass':'IDEWindow','containment':'false','container':'false','resolveProxies':'true','eReferenceType':'Menu'}}" 
},{
	 "id": "143", 
	 "label": "{'changeType': 'Preserve', 'type': 'object', 'className': 'EGenericType', 'attributes': {'id': '//IDEWindow/@eGenericSuperTypes.0', 'eTypeArguments':['org.eclipse.emf.ecore.impl.EGenericTypeImpl@7aead3af (expression: VSCElement)'],'eRawType':'TrimStructure','eClassifier':'TrimStructure'}}" 
},{
	 "id": "144", 
	 "label": "{'changeType': 'Preserve', 'type': 'object', 'className': 'EGenericType', 'attributes': {'id': '_LWKtMN6tEei97MD7GK1RmA', 'eRawType':'VSCElement','eClassifier':'VSCElement'}}" 
}], 
 "links": [{
	 "source": "1", 
	 "target": "0", 
	 "label": "{'changeType': 'DELETE', 'type': 'reference', 'referenceTypeName': 'eGenericSuperTypes'}" 
},{
	 "source": "3", 
	 "target": "2", 
	 "label": "{'changeType': 'ADD', 'type': 'reference', 'referenceTypeName': 'eGenericSuperTypes'}" 
},{
	 "source": "5", 
	 "target": "4", 
	 "label": "{'changeType': 'ADD', 'type': 'reference', 'referenceTypeName': 'eClassifiers'}" 
},{
	 "source": "4", 
	 "target": "5", 
	 "label": "{'changeType': 'ADD', 'type': 'reference', 'referenceTypeName': 'ePackage'}" 
},{
	 "source": "5", 
	 "target": "6", 
	 "label": "{'changeType': 'ADD', 'type': 'reference', 'referenceTypeName': 'eClassifiers'}" 
},{
	 "source": "6", 
	 "target": "5", 
	 "label": "{'changeType': 'ADD', 'type': 'reference', 'referenceTypeName': 'ePackage'}" 
},{
	 "source": "5", 
	 "target": "3", 
	 "label": "{'changeType': 'ADD', 'type': 'reference', 'referenceTypeName': 'eClassifiers'}" 
},{
	 "source": "3", 
	 "target": "5", 
	 "label": "{'changeType': 'ADD', 'type': 'reference', 'referenceTypeName': 'ePackage'}" 
},{
	 "source": "5", 
	 "target": "7", 
	 "label": "{'changeType': 'ADD', 'type': 'reference', 'referenceTypeName': 'eClassifiers'}" 
},{
	 "source": "7", 
	 "target": "5", 
	 "label": "{'changeType': 'ADD', 'type': 'reference', 'referenceTypeName': 'ePackage'}" 
},{
	 "source": "8", 
	 "target": "5", 
	 "label": "{'changeType': 'Preserve', 'type': 'reference', 'referenceTypeName': 'eClassifiers'}" 
},{
	 "source": "5", 
	 "target": "8", 
	 "label": "{'changeType': 'Preserve', 'type': 'reference', 'referenceTypeName': 'ePackage'}" 
},{
	 "source": "9", 
	 "target": "5", 
	 "label": "{'changeType': 'Preserve', 'type': 'reference', 'referenceTypeName': 'eClassifiers'}" 
},{
	 "source": "5", 
	 "target": "9", 
	 "label": "{'changeType': 'Preserve', 'type': 'reference', 'referenceTypeName': 'ePackage'}" 
},{
	 "source": "10", 
	 "target": "9", 
	 "label": "{'changeType': 'Preserve', 'type': 'reference', 'referenceTypeName': 'eStructuralFeatures'}" 
},{
	 "source": "9", 
	 "target": "10", 
	 "label": "{'changeType': 'Preserve', 'type': 'reference', 'referenceTypeName': 'eContainingClass'}" 
},{
	 "source": "11", 
	 "target": "5", 
	 "label": "{'changeType': 'Preserve', 'type': 'reference', 'referenceTypeName': 'eClassifiers'}" 
},{
	 "source": "5", 
	 "target": "11", 
	 "label": "{'changeType': 'Preserve', 'type': 'reference', 'referenceTypeName': 'ePackage'}" 
},{
	 "source": "12", 
	 "target": "11", 
	 "label": "{'changeType': 'Preserve', 'type': 'reference', 'referenceTypeName': 'eStructuralFeatures'}" 
},{
	 "source": "11", 
	 "target": "12", 
	 "label": "{'changeType': 'Preserve', 'type': 'reference', 'referenceTypeName': 'eContainingClass'}" 
},{
	 "source": "13", 
	 "target": "11", 
	 "label": "{'changeType': 'Preserve', 'type': 'reference', 'referenceTypeName': 'eStructuralFeatures'}" 
},{
	 "source": "11", 
	 "target": "13", 
	 "label": "{'changeType': 'Preserve', 'type': 'reference', 'referenceTypeName': 'eContainingClass'}" 
},{
	 "source": "14", 
	 "target": "11", 
	 "label": "{'changeType': 'Preserve', 'type': 'reference', 'referenceTypeName': 'eStructuralFeatures'}" 
},{
	 "source": "11", 
	 "target": "14", 
	 "label": "{'changeType': 'Preserve', 'type': 'reference', 'referenceTypeName': 'eContainingClass'}" 
},{
	 "source": "15", 
	 "target": "5", 
	 "label": "{'changeType': 'Preserve', 'type': 'reference', 'referenceTypeName': 'eClassifiers'}" 
},{
	 "source": "5", 
	 "target": "15", 
	 "label": "{'changeType': 'Preserve', 'type': 'reference', 'referenceTypeName': 'ePackage'}" 
},{
	 "source": "16", 
	 "target": "15", 
	 "label": "{'changeType': 'Preserve', 'type': 'reference', 'referenceTypeName': 'eStructuralFeatures'}" 
},{
	 "source": "15", 
	 "target": "16", 
	 "label": "{'changeType': 'Preserve', 'type': 'reference', 'referenceTypeName': 'eContainingClass'}" 
},{
	 "source": "17", 
	 "target": "15", 
	 "label": "{'changeType': 'Preserve', 'type': 'reference', 'referenceTypeName': 'eStructuralFeatures'}" 
},{
	 "source": "15", 
	 "target": "17", 
	 "label": "{'changeType': 'Preserve', 'type': 'reference', 'referenceTypeName': 'eContainingClass'}" 
},{
	 "source": "18", 
	 "target": "5", 
	 "label": "{'changeType': 'Preserve', 'type': 'reference', 'referenceTypeName': 'eClassifiers'}" 
},{
	 "source": "5", 
	 "target": "18", 
	 "label": "{'changeType': 'Preserve', 'type': 'reference', 'referenceTypeName': 'ePackage'}" 
},{
	 "source": "19", 
	 "target": "18", 
	 "label": "{'changeType': 'Preserve', 'type': 'reference', 'referenceTypeName': 'eStructuralFeatures'}" 
},{
	 "source": "18", 
	 "target": "19", 
	 "label": "{'changeType': 'Preserve', 'type': 'reference', 'referenceTypeName': 'eContainingClass'}" 
},{
	 "source": "20", 
	 "target": "5", 
	 "label": "{'changeType': 'Preserve', 'type': 'reference', 'referenceTypeName': 'eClassifiers'}" 
},{
	 "source": "5", 
	 "target": "20", 
	 "label": "{'changeType': 'Preserve', 'type': 'reference', 'referenceTypeName': 'ePackage'}" 
},{
	 "source": "21", 
	 "target": "20", 
	 "label": "{'changeType': 'Preserve', 'type': 'reference', 'referenceTypeName': 'eStructuralFeatures'}" 
},{
	 "source": "20", 
	 "target": "21", 
	 "label": "{'changeType': 'Preserve', 'type': 'reference', 'referenceTypeName': 'eContainingClass'}" 
},{
	 "source": "22", 
	 "target": "5", 
	 "label": "{'changeType': 'Preserve', 'type': 'reference', 'referenceTypeName': 'eClassifiers'}" 
},{
	 "source": "5", 
	 "target": "22", 
	 "label": "{'changeType': 'Preserve', 'type': 'reference', 'referenceTypeName': 'ePackage'}" 
},{
	 "source": "23", 
	 "target": "22", 
	 "label": "{'changeType': 'Preserve', 'type': 'reference', 'referenceTypeName': 'eStructuralFeatures'}" 
},{
	 "source": "22", 
	 "target": "23", 
	 "label": "{'changeType': 'Preserve', 'type': 'reference', 'referenceTypeName': 'eContainingClass'}" 
},{
	 "source": "24", 
	 "target": "22", 
	 "label": "{'changeType': 'Preserve', 'type': 'reference', 'referenceTypeName': 'eStructuralFeatures'}" 
},{
	 "source": "22", 
	 "target": "24", 
	 "label": "{'changeType': 'Preserve', 'type': 'reference', 'referenceTypeName': 'eContainingClass'}" 
},{
	 "source": "25", 
	 "target": "5", 
	 "label": "{'changeType': 'Preserve', 'type': 'reference', 'referenceTypeName': 'eClassifiers'}" 
},{
	 "source": "5", 
	 "target": "25", 
	 "label": "{'changeType': 'Preserve', 'type': 'reference', 'referenceTypeName': 'ePackage'}" 
},{
	 "source": "26", 
	 "target": "25", 
	 "label": "{'changeType': 'Preserve', 'type': 'reference', 'referenceTypeName': 'eStructuralFeatures'}" 
},{
	 "source": "25", 
	 "target": "26", 
	 "label": "{'changeType': 'Preserve', 'type': 'reference', 'referenceTypeName': 'eContainingClass'}" 
},{
	 "source": "27", 
	 "target": "25", 
	 "label": "{'changeType': 'Preserve', 'type': 'reference', 'referenceTypeName': 'eStructuralFeatures'}" 
},{
	 "source": "25", 
	 "target": "27", 
	 "label": "{'changeType': 'Preserve', 'type': 'reference', 'referenceTypeName': 'eContainingClass'}" 
},{
	 "source": "28", 
	 "target": "5", 
	 "label": "{'changeType': 'Preserve', 'type': 'reference', 'referenceTypeName': 'eClassifiers'}" 
},{
	 "source": "5", 
	 "target": "28", 
	 "label": "{'changeType': 'Preserve', 'type': 'reference', 'referenceTypeName': 'ePackage'}" 
},{
	 "source": "29", 
	 "target": "28", 
	 "label": "{'changeType': 'Preserve', 'type': 'reference', 'referenceTypeName': 'eStructuralFeatures'}" 
},{
	 "source": "28", 
	 "target": "29", 
	 "label": "{'changeType': 'Preserve', 'type': 'reference', 'referenceTypeName': 'eContainingClass'}" 
},{
	 "source": "30", 
	 "target": "28", 
	 "label": "{'changeType': 'Preserve', 'type': 'reference', 'referenceTypeName': 'eStructuralFeatures'}" 
},{
	 "source": "28", 
	 "target": "30", 
	 "label": "{'changeType': 'Preserve', 'type': 'reference', 'referenceTypeName': 'eContainingClass'}" 
},{
	 "source": "31", 
	 "target": "28", 
	 "label": "{'changeType': 'Preserve', 'type': 'reference', 'referenceTypeName': 'eStructuralFeatures'}" 
},{
	 "source": "28", 
	 "target": "31", 
	 "label": "{'changeType': 'Preserve', 'type': 'reference', 'referenceTypeName': 'eContainingClass'}" 
},{
	 "source": "32", 
	 "target": "5", 
	 "label": "{'changeType': 'Preserve', 'type': 'reference', 'referenceTypeName': 'eClassifiers'}" 
},{
	 "source": "5", 
	 "target": "32", 
	 "label": "{'changeType': 'Preserve', 'type': 'reference', 'referenceTypeName': 'ePackage'}" 
},{
	 "source": "33", 
	 "target": "32", 
	 "label": "{'changeType': 'Preserve', 'type': 'reference', 'referenceTypeName': 'eStructuralFeatures'}" 
},{
	 "source": "32", 
	 "target": "33", 
	 "label": "{'changeType': 'Preserve', 'type': 'reference', 'referenceTypeName': 'eContainingClass'}" 
},{
	 "source": "34", 
	 "target": "32", 
	 "label": "{'changeType': 'Preserve', 'type': 'reference', 'referenceTypeName': 'eStructuralFeatures'}" 
},{
	 "source": "32", 
	 "target": "34", 
	 "label": "{'changeType': 'Preserve', 'type': 'reference', 'referenceTypeName': 'eContainingClass'}" 
},{
	 "source": "35", 
	 "target": "32", 
	 "label": "{'changeType': 'Preserve', 'type': 'reference', 'referenceTypeName': 'eStructuralFeatures'}" 
},{
	 "source": "32", 
	 "target": "35", 
	 "label": "{'changeType': 'Preserve', 'type': 'reference', 'referenceTypeName': 'eContainingClass'}" 
},{
	 "source": "36", 
	 "target": "32", 
	 "label": "{'changeType': 'Preserve', 'type': 'reference', 'referenceTypeName': 'eStructuralFeatures'}" 
},{
	 "source": "32", 
	 "target": "36", 
	 "label": "{'changeType': 'Preserve', 'type': 'reference', 'referenceTypeName': 'eContainingClass'}" 
},{
	 "source": "37", 
	 "target": "36", 
	 "label": "{'changeType': 'Preserve', 'type': 'reference', 'referenceTypeName': 'eGenericType'}" 
},{
	 "source": "38", 
	 "target": "37", 
	 "label": "{'changeType': 'Preserve', 'type': 'reference', 'referenceTypeName': 'eTypeArguments'}" 
},{
	 "source": "39", 
	 "target": "5", 
	 "label": "{'changeType': 'Preserve', 'type': 'reference', 'referenceTypeName': 'eClassifiers'}" 
},{
	 "source": "5", 
	 "target": "39", 
	 "label": "{'changeType': 'Preserve', 'type': 'reference', 'referenceTypeName': 'ePackage'}" 
},{
	 "source": "40", 
	 "target": "5", 
	 "label": "{'changeType': 'Preserve', 'type': 'reference', 'referenceTypeName': 'eClassifiers'}" 
},{
	 "source": "5", 
	 "target": "40", 
	 "label": "{'changeType': 'Preserve', 'type': 'reference', 'referenceTypeName': 'ePackage'}" 
},{
	 "source": "41", 
	 "target": "5", 
	 "label": "{'changeType': 'Preserve', 'type': 'reference', 'referenceTypeName': 'eClassifiers'}" 
},{
	 "source": "5", 
	 "target": "41", 
	 "label": "{'changeType': 'Preserve', 'type': 'reference', 'referenceTypeName': 'ePackage'}" 
},{
	 "source": "42", 
	 "target": "41", 
	 "label": "{'changeType': 'Preserve', 'type': 'reference', 'referenceTypeName': 'eStructuralFeatures'}" 
},{
	 "source": "41", 
	 "target": "42", 
	 "label": "{'changeType': 'Preserve', 'type': 'reference', 'referenceTypeName': 'eContainingClass'}" 
},{
	 "source": "43", 
	 "target": "41", 
	 "label": "{'changeType': 'Preserve', 'type': 'reference', 'referenceTypeName': 'eStructuralFeatures'}" 
},{
	 "source": "41", 
	 "target": "43", 
	 "label": "{'changeType': 'Preserve', 'type': 'reference', 'referenceTypeName': 'eContainingClass'}" 
},{
	 "source": "44", 
	 "target": "5", 
	 "label": "{'changeType': 'Preserve', 'type': 'reference', 'referenceTypeName': 'eClassifiers'}" 
},{
	 "source": "5", 
	 "target": "44", 
	 "label": "{'changeType': 'Preserve', 'type': 'reference', 'referenceTypeName': 'ePackage'}" 
},{
	 "source": "45", 
	 "target": "5", 
	 "label": "{'changeType': 'Preserve', 'type': 'reference', 'referenceTypeName': 'eClassifiers'}" 
},{
	 "source": "5", 
	 "target": "45", 
	 "label": "{'changeType': 'Preserve', 'type': 'reference', 'referenceTypeName': 'ePackage'}" 
},{
	 "source": "46", 
	 "target": "45", 
	 "label": "{'changeType': 'Preserve', 'type': 'reference', 'referenceTypeName': 'eGenericSuperTypes'}" 
},{
	 "source": "47", 
	 "target": "46", 
	 "label": "{'changeType': 'Preserve', 'type': 'reference', 'referenceTypeName': 'eTypeArguments'}" 
},{
	 "source": "48", 
	 "target": "5", 
	 "label": "{'changeType': 'Preserve', 'type': 'reference', 'referenceTypeName': 'eClassifiers'}" 
},{
	 "source": "5", 
	 "target": "48", 
	 "label": "{'changeType': 'Preserve', 'type': 'reference', 'referenceTypeName': 'ePackage'}" 
},{
	 "source": "49", 
	 "target": "5", 
	 "label": "{'changeType': 'Preserve', 'type': 'reference', 'referenceTypeName': 'eClassifiers'}" 
},{
	 "source": "5", 
	 "target": "49", 
	 "label": "{'changeType': 'Preserve', 'type': 'reference', 'referenceTypeName': 'ePackage'}" 
},{
	 "source": "50", 
	 "target": "49", 
	 "label": "{'changeType': 'Preserve', 'type': 'reference', 'referenceTypeName': 'eTypeParameters'}" 
},{
	 "source": "51", 
	 "target": "49", 
	 "label": "{'changeType': 'Preserve', 'type': 'reference', 'referenceTypeName': 'eStructuralFeatures'}" 
},{
	 "source": "49", 
	 "target": "51", 
	 "label": "{'changeType': 'Preserve', 'type': 'reference', 'referenceTypeName': 'eContainingClass'}" 
},{
	 "source": "52", 
	 "target": "49", 
	 "label": "{'changeType': 'Preserve', 'type': 'reference', 'referenceTypeName': 'eStructuralFeatures'}" 
},{
	 "source": "49", 
	 "target": "52", 
	 "label": "{'changeType': 'Preserve', 'type': 'reference', 'referenceTypeName': 'eContainingClass'}" 
},{
	 "source": "53", 
	 "target": "5", 
	 "label": "{'changeType': 'Preserve', 'type': 'reference', 'referenceTypeName': 'eClassifiers'}" 
},{
	 "source": "5", 
	 "target": "53", 
	 "label": "{'changeType': 'Preserve', 'type': 'reference', 'referenceTypeName': 'ePackage'}" 
},{
	 "source": "54", 
	 "target": "53", 
	 "label": "{'changeType': 'Preserve', 'type': 'reference', 'referenceTypeName': 'eTypeParameters'}" 
},{
	 "source": "55", 
	 "target": "53", 
	 "label": "{'changeType': 'Preserve', 'type': 'reference', 'referenceTypeName': 'eStructuralFeatures'}" 
},{
	 "source": "53", 
	 "target": "55", 
	 "label": "{'changeType': 'Preserve', 'type': 'reference', 'referenceTypeName': 'eContainingClass'}" 
},{
	 "source": "56", 
	 "target": "53", 
	 "label": "{'changeType': 'Preserve', 'type': 'reference', 'referenceTypeName': 'eStructuralFeatures'}" 
},{
	 "source": "53", 
	 "target": "56", 
	 "label": "{'changeType': 'Preserve', 'type': 'reference', 'referenceTypeName': 'eContainingClass'}" 
},{
	 "source": "57", 
	 "target": "53", 
	 "label": "{'changeType': 'Preserve', 'type': 'reference', 'referenceTypeName': 'eGenericSuperTypes'}" 
},{
	 "source": "58", 
	 "target": "57", 
	 "label": "{'changeType': 'Preserve', 'type': 'reference', 'referenceTypeName': 'eTypeArguments'}" 
},{
	 "source": "59", 
	 "target": "5", 
	 "label": "{'changeType': 'Preserve', 'type': 'reference', 'referenceTypeName': 'eClassifiers'}" 
},{
	 "source": "5", 
	 "target": "59", 
	 "label": "{'changeType': 'Preserve', 'type': 'reference', 'referenceTypeName': 'ePackage'}" 
},{
	 "source": "60", 
	 "target": "59", 
	 "label": "{'changeType': 'Preserve', 'type': 'reference', 'referenceTypeName': 'eTypeParameters'}" 
},{
	 "source": "61", 
	 "target": "59", 
	 "label": "{'changeType': 'Preserve', 'type': 'reference', 'referenceTypeName': 'eStructuralFeatures'}" 
},{
	 "source": "59", 
	 "target": "61", 
	 "label": "{'changeType': 'Preserve', 'type': 'reference', 'referenceTypeName': 'eContainingClass'}" 
},{
	 "source": "62", 
	 "target": "61", 
	 "label": "{'changeType': 'Preserve', 'type': 'reference', 'referenceTypeName': 'eGenericType'}" 
},{
	 "source": "63", 
	 "target": "62", 
	 "label": "{'changeType': 'Preserve', 'type': 'reference', 'referenceTypeName': 'eTypeArguments'}" 
},{
	 "source": "64", 
	 "target": "59", 
	 "label": "{'changeType': 'Preserve', 'type': 'reference', 'referenceTypeName': 'eStructuralFeatures'}" 
},{
	 "source": "59", 
	 "target": "64", 
	 "label": "{'changeType': 'Preserve', 'type': 'reference', 'referenceTypeName': 'eContainingClass'}" 
},{
	 "source": "65", 
	 "target": "64", 
	 "label": "{'changeType': 'Preserve', 'type': 'reference', 'referenceTypeName': 'eGenericType'}" 
},{
	 "source": "66", 
	 "target": "65", 
	 "label": "{'changeType': 'Preserve', 'type': 'reference', 'referenceTypeName': 'eTypeArguments'}" 
},{
	 "source": "67", 
	 "target": "59", 
	 "label": "{'changeType': 'Preserve', 'type': 'reference', 'referenceTypeName': 'eStructuralFeatures'}" 
},{
	 "source": "59", 
	 "target": "67", 
	 "label": "{'changeType': 'Preserve', 'type': 'reference', 'referenceTypeName': 'eContainingClass'}" 
},{
	 "source": "68", 
	 "target": "67", 
	 "label": "{'changeType': 'Preserve', 'type': 'reference', 'referenceTypeName': 'eGenericType'}" 
},{
	 "source": "69", 
	 "target": "68", 
	 "label": "{'changeType': 'Preserve', 'type': 'reference', 'referenceTypeName': 'eTypeArguments'}" 
},{
	 "source": "70", 
	 "target": "59", 
	 "label": "{'changeType': 'Preserve', 'type': 'reference', 'referenceTypeName': 'eStructuralFeatures'}" 
},{
	 "source": "59", 
	 "target": "70", 
	 "label": "{'changeType': 'Preserve', 'type': 'reference', 'referenceTypeName': 'eContainingClass'}" 
},{
	 "source": "71", 
	 "target": "70", 
	 "label": "{'changeType': 'Preserve', 'type': 'reference', 'referenceTypeName': 'eGenericType'}" 
},{
	 "source": "72", 
	 "target": "71", 
	 "label": "{'changeType': 'Preserve', 'type': 'reference', 'referenceTypeName': 'eTypeArguments'}" 
},{
	 "source": "73", 
	 "target": "59", 
	 "label": "{'changeType': 'Preserve', 'type': 'reference', 'referenceTypeName': 'eGenericSuperTypes'}" 
},{
	 "source": "74", 
	 "target": "73", 
	 "label": "{'changeType': 'Preserve', 'type': 'reference', 'referenceTypeName': 'eTypeArguments'}" 
},{
	 "source": "75", 
	 "target": "5", 
	 "label": "{'changeType': 'Preserve', 'type': 'reference', 'referenceTypeName': 'eClassifiers'}" 
},{
	 "source": "5", 
	 "target": "75", 
	 "label": "{'changeType': 'Preserve', 'type': 'reference', 'referenceTypeName': 'ePackage'}" 
},{
	 "source": "76", 
	 "target": "5", 
	 "label": "{'changeType': 'Preserve', 'type': 'reference', 'referenceTypeName': 'eClassifiers'}" 
},{
	 "source": "5", 
	 "target": "76", 
	 "label": "{'changeType': 'Preserve', 'type': 'reference', 'referenceTypeName': 'ePackage'}" 
},{
	 "source": "77", 
	 "target": "76", 
	 "label": "{'changeType': 'Preserve', 'type': 'reference', 'referenceTypeName': 'eStructuralFeatures'}" 
},{
	 "source": "76", 
	 "target": "77", 
	 "label": "{'changeType': 'Preserve', 'type': 'reference', 'referenceTypeName': 'eContainingClass'}" 
},{
	 "source": "78", 
	 "target": "76", 
	 "label": "{'changeType': 'Preserve', 'type': 'reference', 'referenceTypeName': 'eGenericSuperTypes'}" 
},{
	 "source": "79", 
	 "target": "78", 
	 "label": "{'changeType': 'Preserve', 'type': 'reference', 'referenceTypeName': 'eTypeArguments'}" 
},{
	 "source": "80", 
	 "target": "5", 
	 "label": "{'changeType': 'Preserve', 'type': 'reference', 'referenceTypeName': 'eClassifiers'}" 
},{
	 "source": "5", 
	 "target": "80", 
	 "label": "{'changeType': 'Preserve', 'type': 'reference', 'referenceTypeName': 'ePackage'}" 
},{
	 "source": "81", 
	 "target": "80", 
	 "label": "{'changeType': 'Preserve', 'type': 'reference', 'referenceTypeName': 'eStructuralFeatures'}" 
},{
	 "source": "80", 
	 "target": "81", 
	 "label": "{'changeType': 'Preserve', 'type': 'reference', 'referenceTypeName': 'eContainingClass'}" 
},{
	 "source": "82", 
	 "target": "80", 
	 "label": "{'changeType': 'Preserve', 'type': 'reference', 'referenceTypeName': 'eStructuralFeatures'}" 
},{
	 "source": "80", 
	 "target": "82", 
	 "label": "{'changeType': 'Preserve', 'type': 'reference', 'referenceTypeName': 'eContainingClass'}" 
},{
	 "source": "83", 
	 "target": "80", 
	 "label": "{'changeType': 'Preserve', 'type': 'reference', 'referenceTypeName': 'eStructuralFeatures'}" 
},{
	 "source": "80", 
	 "target": "83", 
	 "label": "{'changeType': 'Preserve', 'type': 'reference', 'referenceTypeName': 'eContainingClass'}" 
},{
	 "source": "84", 
	 "target": "5", 
	 "label": "{'changeType': 'Preserve', 'type': 'reference', 'referenceTypeName': 'eClassifiers'}" 
},{
	 "source": "5", 
	 "target": "84", 
	 "label": "{'changeType': 'Preserve', 'type': 'reference', 'referenceTypeName': 'ePackage'}" 
},{
	 "source": "85", 
	 "target": "84", 
	 "label": "{'changeType': 'Preserve', 'type': 'reference', 'referenceTypeName': 'eStructuralFeatures'}" 
},{
	 "source": "84", 
	 "target": "85", 
	 "label": "{'changeType': 'Preserve', 'type': 'reference', 'referenceTypeName': 'eContainingClass'}" 
},{
	 "source": "86", 
	 "target": "84", 
	 "label": "{'changeType': 'Preserve', 'type': 'reference', 'referenceTypeName': 'eStructuralFeatures'}" 
},{
	 "source": "84", 
	 "target": "86", 
	 "label": "{'changeType': 'Preserve', 'type': 'reference', 'referenceTypeName': 'eContainingClass'}" 
},{
	 "source": "87", 
	 "target": "84", 
	 "label": "{'changeType': 'Preserve', 'type': 'reference', 'referenceTypeName': 'eStructuralFeatures'}" 
},{
	 "source": "84", 
	 "target": "87", 
	 "label": "{'changeType': 'Preserve', 'type': 'reference', 'referenceTypeName': 'eContainingClass'}" 
},{
	 "source": "88", 
	 "target": "5", 
	 "label": "{'changeType': 'Preserve', 'type': 'reference', 'referenceTypeName': 'eClassifiers'}" 
},{
	 "source": "5", 
	 "target": "88", 
	 "label": "{'changeType': 'Preserve', 'type': 'reference', 'referenceTypeName': 'ePackage'}" 
},{
	 "source": "89", 
	 "target": "5", 
	 "label": "{'changeType': 'Preserve', 'type': 'reference', 'referenceTypeName': 'eClassifiers'}" 
},{
	 "source": "5", 
	 "target": "89", 
	 "label": "{'changeType': 'Preserve', 'type': 'reference', 'referenceTypeName': 'ePackage'}" 
},{
	 "source": "90", 
	 "target": "89", 
	 "label": "{'changeType': 'Preserve', 'type': 'reference', 'referenceTypeName': 'eGenericSuperTypes'}" 
},{
	 "source": "91", 
	 "target": "90", 
	 "label": "{'changeType': 'Preserve', 'type': 'reference', 'referenceTypeName': 'eTypeArguments'}" 
},{
	 "source": "1", 
	 "target": "5", 
	 "label": "{'changeType': 'Preserve', 'type': 'reference', 'referenceTypeName': 'eClassifiers'}" 
},{
	 "source": "5", 
	 "target": "1", 
	 "label": "{'changeType': 'Preserve', 'type': 'reference', 'referenceTypeName': 'ePackage'}" 
},{
	 "source": "92", 
	 "target": "2", 
	 "label": "{'changeType': 'Preserve', 'type': 'reference', 'referenceTypeName': 'eTypeArguments'}" 
},{
	 "source": "93", 
	 "target": "5", 
	 "label": "{'changeType': 'Preserve', 'type': 'reference', 'referenceTypeName': 'eClassifiers'}" 
},{
	 "source": "5", 
	 "target": "93", 
	 "label": "{'changeType': 'Preserve', 'type': 'reference', 'referenceTypeName': 'ePackage'}" 
},{
	 "source": "94", 
	 "target": "93", 
	 "label": "{'changeType': 'Preserve', 'type': 'reference', 'referenceTypeName': 'eGenericSuperTypes'}" 
},{
	 "source": "95", 
	 "target": "94", 
	 "label": "{'changeType': 'Preserve', 'type': 'reference', 'referenceTypeName': 'eTypeArguments'}" 
},{
	 "source": "96", 
	 "target": "5", 
	 "label": "{'changeType': 'Preserve', 'type': 'reference', 'referenceTypeName': 'eClassifiers'}" 
},{
	 "source": "5", 
	 "target": "96", 
	 "label": "{'changeType': 'Preserve', 'type': 'reference', 'referenceTypeName': 'ePackage'}" 
},{
	 "source": "97", 
	 "target": "5", 
	 "label": "{'changeType': 'Preserve', 'type': 'reference', 'referenceTypeName': 'eClassifiers'}" 
},{
	 "source": "5", 
	 "target": "97", 
	 "label": "{'changeType': 'Preserve', 'type': 'reference', 'referenceTypeName': 'ePackage'}" 
},{
	 "source": "98", 
	 "target": "97", 
	 "label": "{'changeType': 'Preserve', 'type': 'reference', 'referenceTypeName': 'eStructuralFeatures'}" 
},{
	 "source": "97", 
	 "target": "98", 
	 "label": "{'changeType': 'Preserve', 'type': 'reference', 'referenceTypeName': 'eContainingClass'}" 
},{
	 "source": "99", 
	 "target": "97", 
	 "label": "{'changeType': 'Preserve', 'type': 'reference', 'referenceTypeName': 'eStructuralFeatures'}" 
},{
	 "source": "97", 
	 "target": "99", 
	 "label": "{'changeType': 'Preserve', 'type': 'reference', 'referenceTypeName': 'eContainingClass'}" 
},{
	 "source": "100", 
	 "target": "5", 
	 "label": "{'changeType': 'Preserve', 'type': 'reference', 'referenceTypeName': 'eClassifiers'}" 
},{
	 "source": "5", 
	 "target": "100", 
	 "label": "{'changeType': 'Preserve', 'type': 'reference', 'referenceTypeName': 'ePackage'}" 
},{
	 "source": "101", 
	 "target": "100", 
	 "label": "{'changeType': 'Preserve', 'type': 'reference', 'referenceTypeName': 'eGenericSuperTypes'}" 
},{
	 "source": "102", 
	 "target": "101", 
	 "label": "{'changeType': 'Preserve', 'type': 'reference', 'referenceTypeName': 'eTypeArguments'}" 
},{
	 "source": "103", 
	 "target": "5", 
	 "label": "{'changeType': 'Preserve', 'type': 'reference', 'referenceTypeName': 'eClassifiers'}" 
},{
	 "source": "5", 
	 "target": "103", 
	 "label": "{'changeType': 'Preserve', 'type': 'reference', 'referenceTypeName': 'ePackage'}" 
},{
	 "source": "104", 
	 "target": "103", 
	 "label": "{'changeType': 'Preserve', 'type': 'reference', 'referenceTypeName': 'eGenericSuperTypes'}" 
},{
	 "source": "105", 
	 "target": "104", 
	 "label": "{'changeType': 'Preserve', 'type': 'reference', 'referenceTypeName': 'eTypeArguments'}" 
},{
	 "source": "106", 
	 "target": "5", 
	 "label": "{'changeType': 'Preserve', 'type': 'reference', 'referenceTypeName': 'eClassifiers'}" 
},{
	 "source": "5", 
	 "target": "106", 
	 "label": "{'changeType': 'Preserve', 'type': 'reference', 'referenceTypeName': 'ePackage'}" 
},{
	 "source": "107", 
	 "target": "106", 
	 "label": "{'changeType': 'Preserve', 'type': 'reference', 'referenceTypeName': 'eStructuralFeatures'}" 
},{
	 "source": "106", 
	 "target": "107", 
	 "label": "{'changeType': 'Preserve', 'type': 'reference', 'referenceTypeName': 'eContainingClass'}" 
},{
	 "source": "108", 
	 "target": "106", 
	 "label": "{'changeType': 'Preserve', 'type': 'reference', 'referenceTypeName': 'eStructuralFeatures'}" 
},{
	 "source": "106", 
	 "target": "108", 
	 "label": "{'changeType': 'Preserve', 'type': 'reference', 'referenceTypeName': 'eContainingClass'}" 
},{
	 "source": "109", 
	 "target": "106", 
	 "label": "{'changeType': 'Preserve', 'type': 'reference', 'referenceTypeName': 'eStructuralFeatures'}" 
},{
	 "source": "106", 
	 "target": "109", 
	 "label": "{'changeType': 'Preserve', 'type': 'reference', 'referenceTypeName': 'eContainingClass'}" 
},{
	 "source": "110", 
	 "target": "106", 
	 "label": "{'changeType': 'Preserve', 'type': 'reference', 'referenceTypeName': 'eStructuralFeatures'}" 
},{
	 "source": "106", 
	 "target": "110", 
	 "label": "{'changeType': 'Preserve', 'type': 'reference', 'referenceTypeName': 'eContainingClass'}" 
},{
	 "source": "111", 
	 "target": "106", 
	 "label": "{'changeType': 'Preserve', 'type': 'reference', 'referenceTypeName': 'eStructuralFeatures'}" 
},{
	 "source": "106", 
	 "target": "111", 
	 "label": "{'changeType': 'Preserve', 'type': 'reference', 'referenceTypeName': 'eContainingClass'}" 
},{
	 "source": "112", 
	 "target": "106", 
	 "label": "{'changeType': 'Preserve', 'type': 'reference', 'referenceTypeName': 'eGenericSuperTypes'}" 
},{
	 "source": "113", 
	 "target": "112", 
	 "label": "{'changeType': 'Preserve', 'type': 'reference', 'referenceTypeName': 'eTypeArguments'}" 
},{
	 "source": "114", 
	 "target": "5", 
	 "label": "{'changeType': 'Preserve', 'type': 'reference', 'referenceTypeName': 'eClassifiers'}" 
},{
	 "source": "5", 
	 "target": "114", 
	 "label": "{'changeType': 'Preserve', 'type': 'reference', 'referenceTypeName': 'ePackage'}" 
},{
	 "source": "115", 
	 "target": "5", 
	 "label": "{'changeType': 'Preserve', 'type': 'reference', 'referenceTypeName': 'eClassifiers'}" 
},{
	 "source": "5", 
	 "target": "115", 
	 "label": "{'changeType': 'Preserve', 'type': 'reference', 'referenceTypeName': 'ePackage'}" 
},{
	 "source": "116", 
	 "target": "5", 
	 "label": "{'changeType': 'Preserve', 'type': 'reference', 'referenceTypeName': 'eClassifiers'}" 
},{
	 "source": "5", 
	 "target": "116", 
	 "label": "{'changeType': 'Preserve', 'type': 'reference', 'referenceTypeName': 'ePackage'}" 
},{
	 "source": "117", 
	 "target": "5", 
	 "label": "{'changeType': 'Preserve', 'type': 'reference', 'referenceTypeName': 'eClassifiers'}" 
},{
	 "source": "5", 
	 "target": "117", 
	 "label": "{'changeType': 'Preserve', 'type': 'reference', 'referenceTypeName': 'ePackage'}" 
},{
	 "source": "118", 
	 "target": "117", 
	 "label": "{'changeType': 'Preserve', 'type': 'reference', 'referenceTypeName': 'eGenericSuperTypes'}" 
},{
	 "source": "119", 
	 "target": "118", 
	 "label": "{'changeType': 'Preserve', 'type': 'reference', 'referenceTypeName': 'eTypeArguments'}" 
},{
	 "source": "120", 
	 "target": "5", 
	 "label": "{'changeType': 'Preserve', 'type': 'reference', 'referenceTypeName': 'eClassifiers'}" 
},{
	 "source": "5", 
	 "target": "120", 
	 "label": "{'changeType': 'Preserve', 'type': 'reference', 'referenceTypeName': 'ePackage'}" 
},{
	 "source": "121", 
	 "target": "120", 
	 "label": "{'changeType': 'Preserve', 'type': 'reference', 'referenceTypeName': 'eGenericSuperTypes'}" 
},{
	 "source": "122", 
	 "target": "121", 
	 "label": "{'changeType': 'Preserve', 'type': 'reference', 'referenceTypeName': 'eTypeArguments'}" 
},{
	 "source": "123", 
	 "target": "5", 
	 "label": "{'changeType': 'Preserve', 'type': 'reference', 'referenceTypeName': 'eClassifiers'}" 
},{
	 "source": "5", 
	 "target": "123", 
	 "label": "{'changeType': 'Preserve', 'type': 'reference', 'referenceTypeName': 'ePackage'}" 
},{
	 "source": "124", 
	 "target": "5", 
	 "label": "{'changeType': 'Preserve', 'type': 'reference', 'referenceTypeName': 'eClassifiers'}" 
},{
	 "source": "5", 
	 "target": "124", 
	 "label": "{'changeType': 'Preserve', 'type': 'reference', 'referenceTypeName': 'ePackage'}" 
},{
	 "source": "125", 
	 "target": "124", 
	 "label": "{'changeType': 'Preserve', 'type': 'reference', 'referenceTypeName': 'eGenericSuperTypes'}" 
},{
	 "source": "126", 
	 "target": "125", 
	 "label": "{'changeType': 'Preserve', 'type': 'reference', 'referenceTypeName': 'eTypeArguments'}" 
},{
	 "source": "127", 
	 "target": "5", 
	 "label": "{'changeType': 'Preserve', 'type': 'reference', 'referenceTypeName': 'eClassifiers'}" 
},{
	 "source": "5", 
	 "target": "127", 
	 "label": "{'changeType': 'Preserve', 'type': 'reference', 'referenceTypeName': 'ePackage'}" 
},{
	 "source": "128", 
	 "target": "5", 
	 "label": "{'changeType': 'Preserve', 'type': 'reference', 'referenceTypeName': 'eClassifiers'}" 
},{
	 "source": "5", 
	 "target": "128", 
	 "label": "{'changeType': 'Preserve', 'type': 'reference', 'referenceTypeName': 'ePackage'}" 
},{
	 "source": "129", 
	 "target": "128", 
	 "label": "{'changeType': 'Preserve', 'type': 'reference', 'referenceTypeName': 'eStructuralFeatures'}" 
},{
	 "source": "128", 
	 "target": "129", 
	 "label": "{'changeType': 'Preserve', 'type': 'reference', 'referenceTypeName': 'eContainingClass'}" 
},{
	 "source": "130", 
	 "target": "128", 
	 "label": "{'changeType': 'Preserve', 'type': 'reference', 'referenceTypeName': 'eGenericSuperTypes'}" 
},{
	 "source": "131", 
	 "target": "130", 
	 "label": "{'changeType': 'Preserve', 'type': 'reference', 'referenceTypeName': 'eTypeArguments'}" 
},{
	 "source": "132", 
	 "target": "5", 
	 "label": "{'changeType': 'Preserve', 'type': 'reference', 'referenceTypeName': 'eClassifiers'}" 
},{
	 "source": "5", 
	 "target": "132", 
	 "label": "{'changeType': 'Preserve', 'type': 'reference', 'referenceTypeName': 'ePackage'}" 
},{
	 "source": "133", 
	 "target": "132", 
	 "label": "{'changeType': 'Preserve', 'type': 'reference', 'referenceTypeName': 'eGenericSuperTypes'}" 
},{
	 "source": "134", 
	 "target": "133", 
	 "label": "{'changeType': 'Preserve', 'type': 'reference', 'referenceTypeName': 'eTypeArguments'}" 
},{
	 "source": "135", 
	 "target": "5", 
	 "label": "{'changeType': 'Preserve', 'type': 'reference', 'referenceTypeName': 'eClassifiers'}" 
},{
	 "source": "5", 
	 "target": "135", 
	 "label": "{'changeType': 'Preserve', 'type': 'reference', 'referenceTypeName': 'ePackage'}" 
},{
	 "source": "136", 
	 "target": "135", 
	 "label": "{'changeType': 'Preserve', 'type': 'reference', 'referenceTypeName': 'eGenericSuperTypes'}" 
},{
	 "source": "137", 
	 "target": "136", 
	 "label": "{'changeType': 'Preserve', 'type': 'reference', 'referenceTypeName': 'eTypeArguments'}" 
},{
	 "source": "138", 
	 "target": "5", 
	 "label": "{'changeType': 'Preserve', 'type': 'reference', 'referenceTypeName': 'eClassifiers'}" 
},{
	 "source": "5", 
	 "target": "138", 
	 "label": "{'changeType': 'Preserve', 'type': 'reference', 'referenceTypeName': 'ePackage'}" 
},{
	 "source": "139", 
	 "target": "138", 
	 "label": "{'changeType': 'Preserve', 'type': 'reference', 'referenceTypeName': 'eGenericSuperTypes'}" 
},{
	 "source": "140", 
	 "target": "139", 
	 "label": "{'changeType': 'Preserve', 'type': 'reference', 'referenceTypeName': 'eTypeArguments'}" 
},{
	 "source": "141", 
	 "target": "5", 
	 "label": "{'changeType': 'Preserve', 'type': 'reference', 'referenceTypeName': 'eClassifiers'}" 
},{
	 "source": "5", 
	 "target": "141", 
	 "label": "{'changeType': 'Preserve', 'type': 'reference', 'referenceTypeName': 'ePackage'}" 
},{
	 "source": "142", 
	 "target": "141", 
	 "label": "{'changeType': 'Preserve', 'type': 'reference', 'referenceTypeName': 'eStructuralFeatures'}" 
},{
	 "source": "141", 
	 "target": "142", 
	 "label": "{'changeType': 'Preserve', 'type': 'reference', 'referenceTypeName': 'eContainingClass'}" 
},{
	 "source": "143", 
	 "target": "141", 
	 "label": "{'changeType': 'Preserve', 'type': 'reference', 'referenceTypeName': 'eGenericSuperTypes'}" 
},{
	 "source": "144", 
	 "target": "143", 
	 "label": "{'changeType': 'Preserve', 'type': 'reference', 'referenceTypeName': 'eTypeArguments'}" 
}]}