{"directed": true, "multigraph": false, "graph": {}, 
  "nodes": [{
	 "id": "0", 
	 "label": "{'changeType': 'Preserve', 'type': 'object', 'className': 'EAttribute', 'attributes': {'id': '_YVrQDt6tEei97MD7GK1RmA', 'name':'runtimeCompatibility','ordered':'true','unique':'true','lowerBound':'0','upperBound':'1','many':'false','required':'false','eType':'EBoolean','eGenericType':'org.eclipse.emf.ecore.impl.EGenericTypeImpl@3be41768 (expression: EBoolean)','changeable':'true','volatile':'false','transient':'false','defaultValueLiteral':'true','defaultValue':'true','unsettable':'false','derived':'false','eContainingClass':'GenModel','iD':'false','eAttributeType':'EBoolean'}}" 
},{
	 "id": "1", 
	 "label": "{'changeType': 'Change', 'type': 'attributeValue', 'className': 'EAttribute', 'attributeName': 'defaultValueLiteral', 'valueBefore': 'null', 'valueAfter': 'true', 'attributes': {'id': '_YVrQDt6tEei97MD7GK1RmA_0'}}" 
},{
	 "id": "2", 
	 "label": "{'changeType': 'Preserve', 'type': 'object', 'className': 'EPackage', 'attributes': {'id': '_YVrP0N6tEei97MD7GK1RmA', 'name':'genmodel','nsURI':'http://www.eclipse.org/emf/2002/GenModel','nsPrefix':'genmodel','eFactoryInstance':'org.eclipse.emf.ecore.impl.EFactoryImpl@7f548b71','eClassifiers':['GenModel','GenPackage','GenClass','GenFeature','GenBase','GenEnum','GenEnumLiteral','GenClassifier','GenDataType','GenOperation','GenParameter','GenProviderKind','GenPropertyKind','GenResourceKind','GenTypedElement']}}" 
},{
	 "id": "3", 
	 "label": "{'changeType': 'Preserve', 'type': 'object', 'className': 'EClass', 'attributes': {'id': '_YVrP0d6tEei97MD7GK1RmA', 'name':'GenModel','ePackage':'genmodel','abstract':'false','interface':'false','eStructuralFeatures':['copyrightText','modelDirectory','creationCommands','creationIcons','editDirectory','editorDirectory','modelPluginID','templateDirectory','runtimeJar','foreignModel','dynamicTemplates','redirection','forceOverwrite','...'],'eGenericSuperTypes':['org.eclipse.emf.ecore.impl.EGenericTypeImpl@70d935b (expression: GenBase)']}}" 
},{
	 "id": "4", 
	 "label": "{'changeType': 'Preserve', 'type': 'object', 'className': 'EAttribute', 'attributes': {'id': '_YVrP0t6tEei97MD7GK1RmA', 'name':'copyrightText','ordered':'true','unique':'true','lowerBound':'0','upperBound':'1','many':'false','required':'false','eType':'EString','eGenericType':'org.eclipse.emf.ecore.impl.EGenericTypeImpl@7f385302 (expression: EString)','changeable':'true','volatile':'false','transient':'false','unsettable':'false','derived':'false','eContainingClass':'GenModel','iD':'false','eAttributeType':'EString'}}" 
},{
	 "id": "5", 
	 "label": "{'changeType': 'Preserve', 'type': 'object', 'className': 'EAttribute', 'attributes': {'id': '_YVrP1N6tEei97MD7GK1RmA', 'name':'modelDirectory','ordered':'true','unique':'true','lowerBound':'0','upperBound':'1','many':'false','required':'false','eType':'EString','eGenericType':'org.eclipse.emf.ecore.impl.EGenericTypeImpl@707a50ad (expression: EString)','changeable':'true','volatile':'false','transient':'false','unsettable':'false','derived':'false','eContainingClass':'GenModel','iD':'false','eAttributeType':'EString'}}" 
},{
	 "id": "6", 
	 "label": "{'changeType': 'Preserve', 'type': 'object', 'className': 'EAttribute', 'attributes': {'id': '_YVrP1t6tEei97MD7GK1RmA', 'name':'creationCommands','ordered':'true','unique':'true','lowerBound':'0','upperBound':'1','many':'false','required':'false','eType':'EBoolean','eGenericType':'org.eclipse.emf.ecore.impl.EGenericTypeImpl@4bed9354 (expression: EBoolean)','changeable':'true','volatile':'false','transient':'false','defaultValueLiteral':'true','defaultValue':'true','unsettable':'false','derived':'false','eContainingClass':'GenModel','iD':'false','eAttributeType':'EBoolean'}}" 
},{
	 "id": "7", 
	 "label": "{'changeType': 'Preserve', 'type': 'object', 'className': 'EAttribute', 'attributes': {'id': '_YVrP2N6tEei97MD7GK1RmA', 'name':'creationIcons','ordered':'true','unique':'true','lowerBound':'0','upperBound':'1','many':'false','required':'false','eType':'EBoolean','eGenericType':'org.eclipse.emf.ecore.impl.EGenericTypeImpl@2e557916 (expression: EBoolean)','changeable':'true','volatile':'false','transient':'false','defaultValueLiteral':'true','defaultValue':'true','unsettable':'false','derived':'false','eContainingClass':'GenModel','iD':'false','eAttributeType':'EBoolean'}}" 
},{
	 "id": "8", 
	 "label": "{'changeType': 'Preserve', 'type': 'object', 'className': 'EAttribute', 'attributes': {'id': '_YVrP2t6tEei97MD7GK1RmA', 'name':'editDirectory','ordered':'true','unique':'true','lowerBound':'0','upperBound':'1','many':'false','required':'false','eType':'EString','eGenericType':'org.eclipse.emf.ecore.impl.EGenericTypeImpl@7cf683b2 (expression: EString)','changeable':'true','volatile':'false','transient':'false','unsettable':'true','derived':'false','eContainingClass':'GenModel','iD':'false','eAttributeType':'EString'}}" 
},{
	 "id": "9", 
	 "label": "{'changeType': 'Preserve', 'type': 'object', 'className': 'EAttribute', 'attributes': {'id': '_YVrP3N6tEei97MD7GK1RmA', 'name':'editorDirectory','ordered':'true','unique':'true','lowerBound':'0','upperBound':'1','many':'false','required':'false','eType':'EString','eGenericType':'org.eclipse.emf.ecore.impl.EGenericTypeImpl@305701e7 (expression: EString)','changeable':'true','volatile':'false','transient':'false','unsettable':'true','derived':'false','eContainingClass':'GenModel','iD':'false','eAttributeType':'EString'}}" 
},{
	 "id": "10", 
	 "label": "{'changeType': 'Preserve', 'type': 'object', 'className': 'EAttribute', 'attributes': {'id': '_YVrP3t6tEei97MD7GK1RmA', 'name':'modelPluginID','ordered':'true','unique':'true','lowerBound':'0','upperBound':'1','many':'false','required':'false','eType':'EString','eGenericType':'org.eclipse.emf.ecore.impl.EGenericTypeImpl@15daf316 (expression: EString)','changeable':'true','volatile':'false','transient':'false','unsettable':'false','derived':'false','eContainingClass':'GenModel','iD':'false','eAttributeType':'EString'}}" 
},{
	 "id": "11", 
	 "label": "{'changeType': 'Preserve', 'type': 'object', 'className': 'EAttribute', 'attributes': {'id': '_YVrP4N6tEei97MD7GK1RmA', 'name':'templateDirectory','ordered':'true','unique':'true','lowerBound':'0','upperBound':'1','many':'false','required':'false','eType':'EString','eGenericType':'org.eclipse.emf.ecore.impl.EGenericTypeImpl@52169371 (expression: EString)','changeable':'true','volatile':'false','transient':'false','unsettable':'false','derived':'false','eContainingClass':'GenModel','iD':'false','eAttributeType':'EString'}}" 
},{
	 "id": "12", 
	 "label": "{'changeType': 'Preserve', 'type': 'object', 'className': 'EAttribute', 'attributes': {'id': '_YVrP4t6tEei97MD7GK1RmA', 'name':'runtimeJar','ordered':'true','unique':'true','lowerBound':'0','upperBound':'1','many':'false','required':'false','eType':'EBoolean','eGenericType':'org.eclipse.emf.ecore.impl.EGenericTypeImpl@5fab951 (expression: EBoolean)','changeable':'true','volatile':'false','transient':'false','defaultValue':'false','unsettable':'false','derived':'false','eContainingClass':'GenModel','iD':'false','eAttributeType':'EBoolean'}}" 
},{
	 "id": "13", 
	 "label": "{'changeType': 'Preserve', 'type': 'object', 'className': 'EAttribute', 'attributes': {'id': '_YVrP5N6tEei97MD7GK1RmA', 'name':'foreignModel','ordered':'true','unique':'true','lowerBound':'0','upperBound':'-1','many':'true','required':'false','eType':'EString','eGenericType':'org.eclipse.emf.ecore.impl.EGenericTypeImpl@ef5eab1 (expression: EString)','changeable':'true','volatile':'false','transient':'false','unsettable':'false','derived':'false','eContainingClass':'GenModel','iD':'false','eAttributeType':'EString'}}" 
},{
	 "id": "14", 
	 "label": "{'changeType': 'Preserve', 'type': 'object', 'className': 'EAttribute', 'attributes': {'id': '_YVrP5t6tEei97MD7GK1RmA', 'name':'dynamicTemplates','ordered':'true','unique':'true','lowerBound':'0','upperBound':'1','many':'false','required':'false','eType':'EBoolean','eGenericType':'org.eclipse.emf.ecore.impl.EGenericTypeImpl@4c7a6c0f (expression: EBoolean)','changeable':'true','volatile':'false','transient':'false','defaultValue':'false','unsettable':'false','derived':'false','eContainingClass':'GenModel','iD':'false','eAttributeType':'EBoolean'}}" 
},{
	 "id": "15", 
	 "label": "{'changeType': 'Preserve', 'type': 'object', 'className': 'EAttribute', 'attributes': {'id': '_YVrP6N6tEei97MD7GK1RmA', 'name':'redirection','ordered':'true','unique':'true','lowerBound':'0','upperBound':'1','many':'false','required':'false','eType':'EString','eGenericType':'org.eclipse.emf.ecore.impl.EGenericTypeImpl@76709cd4 (expression: EString)','changeable':'true','volatile':'false','transient':'false','unsettable':'false','derived':'false','eContainingClass':'GenModel','iD':'false','eAttributeType':'EString'}}" 
},{
	 "id": "16", 
	 "label": "{'changeType': 'Preserve', 'type': 'object', 'className': 'EAttribute', 'attributes': {'id': '_YVrP6t6tEei97MD7GK1RmA', 'name':'forceOverwrite','ordered':'true','unique':'true','lowerBound':'0','upperBound':'1','many':'false','required':'false','eType':'EBoolean','eGenericType':'org.eclipse.emf.ecore.impl.EGenericTypeImpl@2657e8d9 (expression: EBoolean)','changeable':'true','volatile':'false','transient':'false','defaultValue':'false','unsettable':'false','derived':'false','eContainingClass':'GenModel','iD':'false','eAttributeType':'EBoolean'}}" 
},{
	 "id": "17", 
	 "label": "{'changeType': 'Preserve', 'type': 'object', 'className': 'EAttribute', 'attributes': {'id': '_YVrP7N6tEei97MD7GK1RmA', 'name':'nonExternalizedStringTag','ordered':'true','unique':'true','lowerBound':'0','upperBound':'1','many':'false','required':'false','eType':'EString','eGenericType':'org.eclipse.emf.ecore.impl.EGenericTypeImpl@9381375 (expression: EString)','changeable':'true','volatile':'false','transient':'false','unsettable':'false','derived':'false','eContainingClass':'GenModel','iD':'false','eAttributeType':'EString'}}" 
},{
	 "id": "18", 
	 "label": "{'changeType': 'Preserve', 'type': 'object', 'className': 'EAttribute', 'attributes': {'id': '_YVrP7t6tEei97MD7GK1RmA', 'name':'modelName','ordered':'true','unique':'true','lowerBound':'0','upperBound':'1','many':'false','required':'false','eType':'EString','eGenericType':'org.eclipse.emf.ecore.impl.EGenericTypeImpl@3ec34b8b (expression: EString)','changeable':'true','volatile':'false','transient':'false','unsettable':'false','derived':'false','eContainingClass':'GenModel','iD':'false','eAttributeType':'EString'}}" 
},{
	 "id": "19", 
	 "label": "{'changeType': 'Preserve', 'type': 'object', 'className': 'EAttribute', 'attributes': {'id': '_YVrP8N6tEei97MD7GK1RmA', 'name':'modelPluginClass','ordered':'true','unique':'true','lowerBound':'0','upperBound':'1','many':'false','required':'false','eType':'EString','eGenericType':'org.eclipse.emf.ecore.impl.EGenericTypeImpl@695cad7b (expression: EString)','changeable':'true','volatile':'false','transient':'false','unsettable':'false','derived':'false','eContainingClass':'GenModel','iD':'false','eAttributeType':'EString'}}" 
},{
	 "id": "20", 
	 "label": "{'changeType': 'Preserve', 'type': 'object', 'className': 'EAttribute', 'attributes': {'id': '_YVrP8t6tEei97MD7GK1RmA', 'name':'editPluginClass','ordered':'true','unique':'true','lowerBound':'0','upperBound':'1','many':'false','required':'false','eType':'EString','eGenericType':'org.eclipse.emf.ecore.impl.EGenericTypeImpl@3124b756 (expression: EString)','changeable':'true','volatile':'false','transient':'false','unsettable':'true','derived':'false','eContainingClass':'GenModel','iD':'false','eAttributeType':'EString'}}" 
},{
	 "id": "21", 
	 "label": "{'changeType': 'Preserve', 'type': 'object', 'className': 'EAttribute', 'attributes': {'id': '_YVrP9N6tEei97MD7GK1RmA', 'name':'editorPluginClass','ordered':'true','unique':'true','lowerBound':'0','upperBound':'1','many':'false','required':'false','eType':'EString','eGenericType':'org.eclipse.emf.ecore.impl.EGenericTypeImpl@28b1f5f7 (expression: EString)','changeable':'true','volatile':'false','transient':'false','unsettable':'true','derived':'false','eContainingClass':'GenModel','iD':'false','eAttributeType':'EString'}}" 
},{
	 "id": "22", 
	 "label": "{'changeType': 'Preserve', 'type': 'object', 'className': 'EAttribute', 'attributes': {'id': '_YVrP9t6tEei97MD7GK1RmA', 'name':'updateClasspath','ordered':'true','unique':'true','lowerBound':'0','upperBound':'1','many':'false','required':'false','eType':'EBoolean','eGenericType':'org.eclipse.emf.ecore.impl.EGenericTypeImpl@5083f49d (expression: EBoolean)','changeable':'true','volatile':'false','transient':'false','defaultValueLiteral':'true','defaultValue':'true','unsettable':'false','derived':'false','eContainingClass':'GenModel','iD':'false','eAttributeType':'EBoolean'}}" 
},{
	 "id": "23", 
	 "label": "{'changeType': 'Preserve', 'type': 'object', 'className': 'EAttribute', 'attributes': {'id': '_YVrP-N6tEei97MD7GK1RmA', 'name':'generateSchema','ordered':'true','unique':'true','lowerBound':'0','upperBound':'1','many':'false','required':'false','eType':'EBoolean','eGenericType':'org.eclipse.emf.ecore.impl.EGenericTypeImpl@65a4b90 (expression: EBoolean)','changeable':'true','volatile':'false','transient':'false','defaultValue':'false','unsettable':'false','derived':'false','eContainingClass':'GenModel','iD':'false','eAttributeType':'EBoolean'}}" 
},{
	 "id": "24", 
	 "label": "{'changeType': 'Preserve', 'type': 'object', 'className': 'EAttribute', 'attributes': {'id': '_YVrP-t6tEei97MD7GK1RmA', 'name':'nonNLSMarkers','ordered':'true','unique':'true','lowerBound':'0','upperBound':'1','many':'false','required':'false','eType':'EBoolean','eGenericType':'org.eclipse.emf.ecore.impl.EGenericTypeImpl@469edfa4 (expression: EBoolean)','changeable':'true','volatile':'false','transient':'false','defaultValueLiteral':'false','defaultValue':'false','unsettable':'false','derived':'false','eContainingClass':'GenModel','iD':'false','eAttributeType':'EBoolean'}}" 
},{
	 "id": "25", 
	 "label": "{'changeType': 'Preserve', 'type': 'object', 'className': 'EAttribute', 'attributes': {'id': '_YVrP_N6tEei97MD7GK1RmA', 'name':'staticPackages','ordered':'true','unique':'true','lowerBound':'0','upperBound':'-1','many':'true','required':'false','eType':'EString','eGenericType':'org.eclipse.emf.ecore.impl.EGenericTypeImpl@2b763a72 (expression: EString)','changeable':'true','volatile':'false','transient':'false','unsettable':'false','derived':'false','eContainingClass':'GenModel','iD':'false','eAttributeType':'EString'}}" 
},{
	 "id": "26", 
	 "label": "{'changeType': 'Preserve', 'type': 'object', 'className': 'EAttribute', 'attributes': {'id': '_YVrP_t6tEei97MD7GK1RmA', 'name':'modelPluginVariables','ordered':'true','unique':'true','lowerBound':'0','upperBound':'-1','many':'true','required':'false','eType':'EString','eGenericType':'org.eclipse.emf.ecore.impl.EGenericTypeImpl@2545d253 (expression: EString)','changeable':'true','volatile':'false','transient':'false','unsettable':'false','derived':'false','eContainingClass':'GenModel','iD':'false','eAttributeType':'EString'}}" 
},{
	 "id": "27", 
	 "label": "{'changeType': 'Preserve', 'type': 'object', 'className': 'EAttribute', 'attributes': {'id': '_YVrQAN6tEei97MD7GK1RmA', 'name':'rootExtendsInterface','ordered':'true','unique':'true','lowerBound':'0','upperBound':'1','many':'false','required':'false','eType':'EString','eGenericType':'org.eclipse.emf.ecore.impl.EGenericTypeImpl@67402451 (expression: EString)','changeable':'true','volatile':'false','transient':'false','defaultValueLiteral':'org.eclipse.emf.ecore.EObject','defaultValue':'org.eclipse.emf.ecore.EObject','unsettable':'false','derived':'false','eContainingClass':'GenModel','iD':'false','eAttributeType':'EString'}}" 
},{
	 "id": "28", 
	 "label": "{'changeType': 'Preserve', 'type': 'object', 'className': 'EAttribute', 'attributes': {'id': '_YVrQAt6tEei97MD7GK1RmA', 'name':'rootExtendsClass','ordered':'true','unique':'true','lowerBound':'0','upperBound':'1','many':'false','required':'false','eType':'EString','eGenericType':'org.eclipse.emf.ecore.impl.EGenericTypeImpl@4b48c284 (expression: EString)','changeable':'true','volatile':'false','transient':'false','defaultValueLiteral':'org.eclipse.emf.ecore.impl.EObjectImpl','defaultValue':'org.eclipse.emf.ecore.impl.EObjectImpl','unsettable':'false','derived':'false','eContainingClass':'GenModel','iD':'false','eAttributeType':'EString'}}" 
},{
	 "id": "29", 
	 "label": "{'changeType': 'Preserve', 'type': 'object', 'className': 'EAttribute', 'attributes': {'id': '_YVrQBN6tEei97MD7GK1RmA', 'name':'rootImplementsInterface','ordered':'true','unique':'true','lowerBound':'0','upperBound':'1','many':'false','required':'false','eType':'EString','eGenericType':'org.eclipse.emf.ecore.impl.EGenericTypeImpl@291656d0 (expression: EString)','changeable':'true','volatile':'false','transient':'false','unsettable':'false','derived':'false','eContainingClass':'GenModel','iD':'false','eAttributeType':'EString'}}" 
},{
	 "id": "30", 
	 "label": "{'changeType': 'Preserve', 'type': 'object', 'className': 'EAttribute', 'attributes': {'id': '_YVrQBt6tEei97MD7GK1RmA', 'name':'suppressEMFTypes','ordered':'true','unique':'true','lowerBound':'0','upperBound':'1','many':'false','required':'false','eType':'EBoolean','eGenericType':'org.eclipse.emf.ecore.impl.EGenericTypeImpl@468df3cf (expression: EBoolean)','changeable':'true','volatile':'false','transient':'false','defaultValue':'false','unsettable':'false','derived':'false','eContainingClass':'GenModel','iD':'false','eAttributeType':'EBoolean'}}" 
},{
	 "id": "31", 
	 "label": "{'changeType': 'Preserve', 'type': 'object', 'className': 'EAttribute', 'attributes': {'id': '_YVrQCN6tEei97MD7GK1RmA', 'name':'featureMapWrapperInterface','ordered':'true','unique':'true','lowerBound':'0','upperBound':'1','many':'false','required':'false','eType':'EString','eGenericType':'org.eclipse.emf.ecore.impl.EGenericTypeImpl@6f1eb07 (expression: EString)','changeable':'true','volatile':'false','transient':'false','unsettable':'false','derived':'false','eContainingClass':'GenModel','iD':'false','eAttributeType':'EString'}}" 
},{
	 "id": "32", 
	 "label": "{'changeType': 'Preserve', 'type': 'object', 'className': 'EAttribute', 'attributes': {'id': '_YVrQCt6tEei97MD7GK1RmA', 'name':'featureMapWrapperInternalInterface','ordered':'true','unique':'true','lowerBound':'0','upperBound':'1','many':'false','required':'false','eType':'EString','eGenericType':'org.eclipse.emf.ecore.impl.EGenericTypeImpl@69848ef (expression: EString)','changeable':'true','volatile':'false','transient':'false','unsettable':'false','derived':'false','eContainingClass':'GenModel','iD':'false','eAttributeType':'EString'}}" 
},{
	 "id": "33", 
	 "label": "{'changeType': 'Preserve', 'type': 'object', 'className': 'EAttribute', 'attributes': {'id': '_YVrQDN6tEei97MD7GK1RmA', 'name':'featureMapWrapperClass','ordered':'true','unique':'true','lowerBound':'0','upperBound':'1','many':'false','required':'false','eType':'EString','eGenericType':'org.eclipse.emf.ecore.impl.EGenericTypeImpl@464e5a73 (expression: EString)','changeable':'true','volatile':'false','transient':'false','unsettable':'false','derived':'false','eContainingClass':'GenModel','iD':'false','eAttributeType':'EString'}}" 
},{
	 "id": "34", 
	 "label": "{'changeType': 'Preserve', 'type': 'object', 'className': 'EAttribute', 'attributes': {'id': '_YVrQEN6tEei97MD7GK1RmA', 'name':'richClientPlatform','ordered':'true','unique':'true','lowerBound':'0','upperBound':'1','many':'false','required':'false','eType':'EBoolean','eGenericType':'org.eclipse.emf.ecore.impl.EGenericTypeImpl@31d71229 (expression: EBoolean)','changeable':'true','volatile':'false','transient':'false','defaultValue':'false','unsettable':'false','derived':'false','eContainingClass':'GenModel','iD':'false','eAttributeType':'EBoolean'}}" 
},{
	 "id": "35", 
	 "label": "{'changeType': 'Preserve', 'type': 'object', 'className': 'EAttribute', 'attributes': {'id': '_YVrQEt6tEei97MD7GK1RmA', 'name':'reflectiveDelegation','ordered':'true','unique':'true','lowerBound':'0','upperBound':'1','many':'false','required':'false','eType':'EBoolean','eGenericType':'org.eclipse.emf.ecore.impl.EGenericTypeImpl@2ad6f8f1 (expression: EBoolean)','changeable':'true','volatile':'false','transient':'false','defaultValue':'false','unsettable':'false','derived':'false','eContainingClass':'GenModel','iD':'false','eAttributeType':'EBoolean'}}" 
},{
	 "id": "36", 
	 "label": "{'changeType': 'Preserve', 'type': 'object', 'className': 'EAttribute', 'attributes': {'id': '_YVrQFN6tEei97MD7GK1RmA', 'name':'codeFormatting','ordered':'true','unique':'true','lowerBound':'0','upperBound':'1','many':'false','required':'false','eType':'EBoolean','eGenericType':'org.eclipse.emf.ecore.impl.EGenericTypeImpl@5479982c (expression: EBoolean)','changeable':'true','volatile':'false','transient':'false','defaultValue':'false','unsettable':'false','derived':'false','eContainingClass':'GenModel','iD':'false','eAttributeType':'EBoolean'}}" 
},{
	 "id": "37", 
	 "label": "{'changeType': 'Preserve', 'type': 'object', 'className': 'EAttribute', 'attributes': {'id': '_YVrQFt6tEei97MD7GK1RmA', 'name':'testsDirectory','ordered':'true','unique':'true','lowerBound':'0','upperBound':'1','many':'false','required':'false','eType':'EString','eGenericType':'org.eclipse.emf.ecore.impl.EGenericTypeImpl@6ff65e07 (expression: EString)','changeable':'true','volatile':'false','transient':'false','unsettable':'true','derived':'false','eContainingClass':'GenModel','iD':'false','eAttributeType':'EString'}}" 
},{
	 "id": "38", 
	 "label": "{'changeType': 'Preserve', 'type': 'object', 'className': 'EAttribute', 'attributes': {'id': '_YVrQGN6tEei97MD7GK1RmA', 'name':'testSuiteClass','ordered':'true','unique':'true','lowerBound':'0','upperBound':'1','many':'false','required':'false','eType':'EString','eGenericType':'org.eclipse.emf.ecore.impl.EGenericTypeImpl@1e760dd9 (expression: EString)','changeable':'true','volatile':'false','transient':'false','unsettable':'true','derived':'false','eContainingClass':'GenModel','iD':'false','eAttributeType':'EString'}}" 
},{
	 "id": "39", 
	 "label": "{'changeType': 'Preserve', 'type': 'object', 'className': 'EAttribute', 'attributes': {'id': '_YVrQGt6tEei97MD7GK1RmA', 'name':'booleanFlagsField','ordered':'true','unique':'true','lowerBound':'0','upperBound':'1','many':'false','required':'false','eType':'EString','eGenericType':'org.eclipse.emf.ecore.impl.EGenericTypeImpl@60fa7472 (expression: EString)','changeable':'true','volatile':'false','transient':'false','unsettable':'false','derived':'false','eContainingClass':'GenModel','iD':'false','eAttributeType':'EString'}}" 
},{
	 "id": "40", 
	 "label": "{'changeType': 'Preserve', 'type': 'object', 'className': 'EAttribute', 'attributes': {'id': '_YVrQHN6tEei97MD7GK1RmA', 'name':'booleanFlagsReservedBits','ordered':'true','unique':'true','lowerBound':'0','upperBound':'1','many':'false','required':'false','eType':'EInt','eGenericType':'org.eclipse.emf.ecore.impl.EGenericTypeImpl@7ac072dd (expression: EInt)','changeable':'true','volatile':'false','transient':'false','defaultValueLiteral':'-1','defaultValue':'-1','unsettable':'false','derived':'false','eContainingClass':'GenModel','iD':'false','eAttributeType':'EInt'}}" 
},{
	 "id": "41", 
	 "label": "{'changeType': 'Preserve', 'type': 'object', 'className': 'EAttribute', 'attributes': {'id': '_YVrQHt6tEei97MD7GK1RmA', 'name':'importerID','ordered':'true','unique':'true','lowerBound':'0','upperBound':'1','many':'false','required':'false','eType':'EString','eGenericType':'org.eclipse.emf.ecore.impl.EGenericTypeImpl@7ca35ef6 (expression: EString)','changeable':'true','volatile':'false','transient':'false','unsettable':'false','derived':'false','eContainingClass':'GenModel','iD':'false','eAttributeType':'EString'}}" 
},{
	 "id": "42", 
	 "label": "{'changeType': 'Preserve', 'type': 'object', 'className': 'EAttribute', 'attributes': {'id': '_YXnw4t6tEei97MD7GK1RmA', 'name':'bundleManifest','ordered':'true','unique':'true','lowerBound':'0','upperBound':'1','many':'false','required':'false','eType':'EBoolean','eGenericType':'org.eclipse.emf.ecore.impl.EGenericTypeImpl@64b10f94 (expression: EBoolean)','changeable':'true','volatile':'false','transient':'false','defaultValueLiteral':'true','defaultValue':'true','unsettable':'false','derived':'false','eContainingClass':'GenModel','iD':'false','eAttributeType':'EBoolean'}}" 
},{
	 "id": "43", 
	 "label": "{'changeType': 'Preserve', 'type': 'object', 'className': 'EReference', 'attributes': {'id': '_YVrQIN6tEei97MD7GK1RmA', 'name':'genPackages','ordered':'true','unique':'true','lowerBound':'0','upperBound':'-1','many':'true','required':'false','eType':'GenPackage','eGenericType':'org.eclipse.emf.ecore.impl.EGenericTypeImpl@65ae96fe (expression: GenPackage)','changeable':'true','volatile':'false','transient':'false','unsettable':'false','derived':'false','eContainingClass':'GenModel','containment':'true','container':'false','resolveProxies':'true','eOpposite':'genModel','eReferenceType':'GenPackage'}}" 
},{
	 "id": "44", 
	 "label": "{'changeType': 'Preserve', 'type': 'object', 'className': 'EReference', 'attributes': {'id': '_YVrQId6tEei97MD7GK1RmA', 'name':'usedGenPackages','ordered':'true','unique':'true','lowerBound':'0','upperBound':'-1','many':'true','required':'false','eType':'GenPackage','eGenericType':'org.eclipse.emf.ecore.impl.EGenericTypeImpl@7a728884 (expression: GenPackage)','changeable':'true','volatile':'false','transient':'false','unsettable':'false','derived':'false','eContainingClass':'GenModel','containment':'false','container':'false','resolveProxies':'true','eReferenceType':'GenPackage'}}" 
},{
	 "id": "45", 
	 "label": "{'changeType': 'Preserve', 'type': 'object', 'className': 'EClass', 'attributes': {'id': '_YVrQIt6tEei97MD7GK1RmA', 'name':'GenPackage','ePackage':'genmodel','abstract':'false','interface':'false','eStructuralFeatures':['prefix','basePackage','resource','disposableProviderFactory','adapterFactory','loadInitialization','interfacePackageSuffix','classPackageSuffix','utilityPackageSuffix','providerPackageSuffix','presentationPackageSuffix','...'],'eGenericSuperTypes':['org.eclipse.emf.ecore.impl.EGenericTypeImpl@1fdac9ea (expression: GenBase)']}}" 
},{
	 "id": "46", 
	 "label": "{'changeType': 'Preserve', 'type': 'object', 'className': 'EAttribute', 'attributes': {'id': '_YVrQI96tEei97MD7GK1RmA', 'name':'prefix','ordered':'true','unique':'true','lowerBound':'0','upperBound':'1','many':'false','required':'false','eType':'EString','eGenericType':'org.eclipse.emf.ecore.impl.EGenericTypeImpl@19135 (expression: EString)','changeable':'true','volatile':'false','transient':'false','unsettable':'false','derived':'false','eContainingClass':'GenPackage','iD':'false','eAttributeType':'EString'}}" 
},{
	 "id": "47", 
	 "label": "{'changeType': 'Preserve', 'type': 'object', 'className': 'EAttribute', 'attributes': {'id': '_YVrQJd6tEei97MD7GK1RmA', 'name':'basePackage','ordered':'true','unique':'true','lowerBound':'0','upperBound':'1','many':'false','required':'false','eType':'EString','eGenericType':'org.eclipse.emf.ecore.impl.EGenericTypeImpl@5dc543c4 (expression: EString)','changeable':'true','volatile':'false','transient':'false','unsettable':'false','derived':'false','eContainingClass':'GenPackage','iD':'false','eAttributeType':'EString'}}" 
},{
	 "id": "48", 
	 "label": "{'changeType': 'Preserve', 'type': 'object', 'className': 'EAttribute', 'attributes': {'id': '_YVrQJ96tEei97MD7GK1RmA', 'name':'resource','ordered':'true','unique':'true','lowerBound':'0','upperBound':'1','many':'false','required':'false','eType':'GenResourceKind','eGenericType':'org.eclipse.emf.ecore.impl.EGenericTypeImpl@74a61601 (expression: GenResourceKind)','changeable':'true','volatile':'false','transient':'false','defaultValue':'None','unsettable':'false','derived':'false','eContainingClass':'GenPackage','iD':'false','eAttributeType':'GenResourceKind'}}" 
},{
	 "id": "49", 
	 "label": "{'changeType': 'Preserve', 'type': 'object', 'className': 'EAttribute', 'attributes': {'id': '_YVrQKN6tEei97MD7GK1RmA', 'name':'disposableProviderFactory','ordered':'true','unique':'true','lowerBound':'0','upperBound':'1','many':'false','required':'false','eType':'EBoolean','eGenericType':'org.eclipse.emf.ecore.impl.EGenericTypeImpl@8aad292 (expression: EBoolean)','changeable':'true','volatile':'false','transient':'false','defaultValue':'false','unsettable':'false','derived':'false','eContainingClass':'GenPackage','iD':'false','eAttributeType':'EBoolean'}}" 
},{
	 "id": "50", 
	 "label": "{'changeType': 'Preserve', 'type': 'object', 'className': 'EAttribute', 'attributes': {'id': '_YVrQKt6tEei97MD7GK1RmA', 'name':'adapterFactory','ordered':'true','unique':'true','lowerBound':'0','upperBound':'1','many':'false','required':'false','eType':'EBoolean','eGenericType':'org.eclipse.emf.ecore.impl.EGenericTypeImpl@791ef1c6 (expression: EBoolean)','changeable':'true','volatile':'false','transient':'false','defaultValueLiteral':'true','defaultValue':'true','unsettable':'false','derived':'false','eContainingClass':'GenPackage','iD':'false','eAttributeType':'EBoolean'}}" 
},{
	 "id": "51", 
	 "label": "{'changeType': 'Preserve', 'type': 'object', 'className': 'EAttribute', 'attributes': {'id': '_YVrQLN6tEei97MD7GK1RmA', 'name':'loadInitialization','ordered':'true','unique':'true','lowerBound':'0','upperBound':'1','many':'false','required':'false','eType':'EBoolean','eGenericType':'org.eclipse.emf.ecore.impl.EGenericTypeImpl@8d2c39a (expression: EBoolean)','changeable':'true','volatile':'false','transient':'false','defaultValue':'false','unsettable':'false','derived':'false','eContainingClass':'GenPackage','iD':'false','eAttributeType':'EBoolean'}}" 
},{
	 "id": "52", 
	 "label": "{'changeType': 'Preserve', 'type': 'object', 'className': 'EAttribute', 'attributes': {'id': '_YWkoEN6tEei97MD7GK1RmA', 'name':'interfacePackageSuffix','ordered':'true','unique':'true','lowerBound':'0','upperBound':'1','many':'false','required':'false','eType':'EString','eGenericType':'org.eclipse.emf.ecore.impl.EGenericTypeImpl@4a5fbf44 (expression: EString)','changeable':'true','volatile':'false','transient':'false','defaultValueLiteral':'','defaultValue':'','unsettable':'false','derived':'false','eContainingClass':'GenPackage','iD':'false','eAttributeType':'EString'}}" 
},{
	 "id": "53", 
	 "label": "{'changeType': 'Preserve', 'type': 'object', 'className': 'EAttribute', 'attributes': {'id': '_YWkoEt6tEei97MD7GK1RmA', 'name':'classPackageSuffix','ordered':'true','unique':'true','lowerBound':'0','upperBound':'1','many':'false','required':'false','eType':'EString','eGenericType':'org.eclipse.emf.ecore.impl.EGenericTypeImpl@17d231ff (expression: EString)','changeable':'true','volatile':'false','transient':'false','defaultValueLiteral':'impl','defaultValue':'impl','unsettable':'false','derived':'false','eContainingClass':'GenPackage','iD':'false','eAttributeType':'EString'}}" 
},{
	 "id": "54", 
	 "label": "{'changeType': 'Preserve', 'type': 'object', 'className': 'EAttribute', 'attributes': {'id': '_YWkoFN6tEei97MD7GK1RmA', 'name':'utilityPackageSuffix','ordered':'true','unique':'true','lowerBound':'0','upperBound':'1','many':'false','required':'false','eType':'EString','eGenericType':'org.eclipse.emf.ecore.impl.EGenericTypeImpl@6bfc4ba6 (expression: EString)','changeable':'true','volatile':'false','transient':'false','defaultValueLiteral':'util','defaultValue':'util','unsettable':'false','derived':'false','eContainingClass':'GenPackage','iD':'false','eAttributeType':'EString'}}" 
},{
	 "id": "55", 
	 "label": "{'changeType': 'Preserve', 'type': 'object', 'className': 'EAttribute', 'attributes': {'id': '_YWkoFt6tEei97MD7GK1RmA', 'name':'providerPackageSuffix','ordered':'true','unique':'true','lowerBound':'0','upperBound':'1','many':'false','required':'false','eType':'EString','eGenericType':'org.eclipse.emf.ecore.impl.EGenericTypeImpl@7351e955 (expression: EString)','changeable':'true','volatile':'false','transient':'false','defaultValueLiteral':'provider','defaultValue':'provider','unsettable':'false','derived':'false','eContainingClass':'GenPackage','iD':'false','eAttributeType':'EString'}}" 
},{
	 "id": "56", 
	 "label": "{'changeType': 'Preserve', 'type': 'object', 'className': 'EAttribute', 'attributes': {'id': '_YWkoGN6tEei97MD7GK1RmA', 'name':'presentationPackageSuffix','ordered':'true','unique':'true','lowerBound':'0','upperBound':'1','many':'false','required':'false','eType':'EString','eGenericType':'org.eclipse.emf.ecore.impl.EGenericTypeImpl@556ff560 (expression: EString)','changeable':'true','volatile':'false','transient':'false','defaultValueLiteral':'presentation','defaultValue':'presentation','unsettable':'false','derived':'false','eContainingClass':'GenPackage','iD':'false','eAttributeType':'EString'}}" 
},{
	 "id": "57", 
	 "label": "{'changeType': 'Preserve', 'type': 'object', 'className': 'EAttribute', 'attributes': {'id': '_YWkoGt6tEei97MD7GK1RmA', 'name':'testsPackageSuffix','ordered':'true','unique':'true','lowerBound':'0','upperBound':'1','many':'false','required':'false','eType':'EString','eGenericType':'org.eclipse.emf.ecore.impl.EGenericTypeImpl@fbadc93 (expression: EString)','changeable':'true','volatile':'false','transient':'false','defaultValueLiteral':'tests','defaultValue':'tests','unsettable':'false','derived':'false','eContainingClass':'GenPackage','iD':'false','eAttributeType':'EString'}}" 
},{
	 "id": "58", 
	 "label": "{'changeType': 'Preserve', 'type': 'object', 'className': 'EAttribute', 'attributes': {'id': '_YXLFCt6tEei97MD7GK1RmA', 'name':'generateExampleClass','ordered':'true','unique':'true','lowerBound':'0','upperBound':'1','many':'false','required':'false','eType':'EBoolean','eGenericType':'org.eclipse.emf.ecore.impl.EGenericTypeImpl@40578b8f (expression: EBoolean)','changeable':'true','volatile':'false','transient':'false','defaultValueLiteral':'true','defaultValue':'true','unsettable':'false','derived':'false','eContainingClass':'GenPackage','iD':'false','eAttributeType':'EBoolean'}}" 
},{
	 "id": "59", 
	 "label": "{'changeType': 'Preserve', 'type': 'object', 'className': 'EReference', 'attributes': {'id': '_YVrQLt6tEei97MD7GK1RmA', 'name':'ecorePackage','ordered':'true','unique':'true','lowerBound':'1','upperBound':'1','many':'false','required':'true','eType':'EPackage','eGenericType':'org.eclipse.emf.ecore.impl.EGenericTypeImpl@6d570ac (expression: EPackage)','changeable':'true','volatile':'false','transient':'false','unsettable':'false','derived':'false','eContainingClass':'GenPackage','containment':'false','container':'false','resolveProxies':'true','eReferenceType':'EPackage'}}" 
},{
	 "id": "60", 
	 "label": "{'changeType': 'Preserve', 'type': 'object', 'className': 'EReference', 'attributes': {'id': '_YVrQMN6tEei97MD7GK1RmA', 'name':'genModel','ordered':'true','unique':'true','lowerBound':'1','upperBound':'1','many':'false','required':'true','eType':'GenModel','eGenericType':'org.eclipse.emf.ecore.impl.EGenericTypeImpl@5d864036 (expression: GenModel)','changeable':'true','volatile':'false','transient':'true','unsettable':'false','derived':'false','eContainingClass':'GenPackage','containment':'false','container':'true','resolveProxies':'true','eOpposite':'genPackages','eReferenceType':'GenModel'}}" 
},{
	 "id": "61", 
	 "label": "{'changeType': 'Preserve', 'type': 'object', 'className': 'EReference', 'attributes': {'id': '_YVrQMd6tEei97MD7GK1RmA', 'name':'genEnums','ordered':'true','unique':'true','lowerBound':'0','upperBound':'-1','many':'true','required':'false','eType':'GenEnum','eGenericType':'org.eclipse.emf.ecore.impl.EGenericTypeImpl@652e770d (expression: GenEnum)','changeable':'true','volatile':'false','transient':'false','unsettable':'false','derived':'false','eContainingClass':'GenPackage','containment':'true','container':'false','resolveProxies':'true','eReferenceType':'GenEnum'}}" 
},{
	 "id": "62", 
	 "label": "{'changeType': 'Preserve', 'type': 'object', 'className': 'EReference', 'attributes': {'id': '_YVrQMt6tEei97MD7GK1RmA', 'name':'genDataTypes','ordered':'true','unique':'true','lowerBound':'0','upperBound':'-1','many':'true','required':'false','eType':'GenDataType','eGenericType':'org.eclipse.emf.ecore.impl.EGenericTypeImpl@b76e584 (expression: GenDataType)','changeable':'true','volatile':'false','transient':'false','unsettable':'false','derived':'false','eContainingClass':'GenPackage','containment':'true','container':'false','resolveProxies':'true','eReferenceType':'GenDataType'}}" 
},{
	 "id": "63", 
	 "label": "{'changeType': 'Preserve', 'type': 'object', 'className': 'EReference', 'attributes': {'id': '_YVrQM96tEei97MD7GK1RmA', 'name':'genClasses','ordered':'true','unique':'true','lowerBound':'0','upperBound':'-1','many':'true','required':'false','eType':'GenClass','eGenericType':'org.eclipse.emf.ecore.impl.EGenericTypeImpl@422ae899 (expression: GenClass)','changeable':'true','volatile':'false','transient':'false','unsettable':'false','derived':'false','eContainingClass':'GenPackage','containment':'true','container':'false','resolveProxies':'true','eReferenceType':'GenClass'}}" 
},{
	 "id": "64", 
	 "label": "{'changeType': 'Preserve', 'type': 'object', 'className': 'EReference', 'attributes': {'id': '_YVrQNN6tEei97MD7GK1RmA', 'name':'nestedGenPackages','ordered':'true','unique':'true','lowerBound':'0','upperBound':'-1','many':'true','required':'false','eType':'GenPackage','eGenericType':'org.eclipse.emf.ecore.impl.EGenericTypeImpl@49fe26cc (expression: GenPackage)','changeable':'true','volatile':'false','transient':'false','unsettable':'false','derived':'false','eContainingClass':'GenPackage','containment':'true','container':'false','resolveProxies':'true','eReferenceType':'GenPackage'}}" 
},{
	 "id": "65", 
	 "label": "{'changeType': 'Preserve', 'type': 'object', 'className': 'EReference', 'attributes': {'id': '_YVrQNd6tEei97MD7GK1RmA', 'name':'genClassifiers','ordered':'true','unique':'true','lowerBound':'0','upperBound':'-1','many':'true','required':'false','eType':'GenClassifier','eGenericType':'org.eclipse.emf.ecore.impl.EGenericTypeImpl@6f8f8c3 (expression: GenClassifier)','changeable':'false','volatile':'true','transient':'true','unsettable':'false','derived':'false','eContainingClass':'GenPackage','containment':'false','container':'false','resolveProxies':'false','eOpposite':'genPackage','eReferenceType':'GenClassifier'}}" 
},{
	 "id": "66", 
	 "label": "{'changeType': 'Preserve', 'type': 'object', 'className': 'EClass', 'attributes': {'id': '_YVrQNt6tEei97MD7GK1RmA', 'name':'GenClass','ePackage':'genmodel','abstract':'false','interface':'false','eStructuralFeatures':['provider','image','ecoreClass','genFeatures','genOperations','labelFeature'],'eGenericSuperTypes':['org.eclipse.emf.ecore.impl.EGenericTypeImpl@1078710e (expression: GenClassifier)']}}" 
},{
	 "id": "67", 
	 "label": "{'changeType': 'Preserve', 'type': 'object', 'className': 'EAttribute', 'attributes': {'id': '_YVrQN96tEei97MD7GK1RmA', 'name':'provider','ordered':'true','unique':'true','lowerBound':'0','upperBound':'1','many':'false','required':'false','eType':'GenProviderKind','eGenericType':'org.eclipse.emf.ecore.impl.EGenericTypeImpl@2c9eec40 (expression: GenProviderKind)','changeable':'true','volatile':'false','transient':'false','defaultValue':'Singleton','unsettable':'false','derived':'false','eContainingClass':'GenClass','iD':'false','eAttributeType':'GenProviderKind'}}" 
},{
	 "id": "68", 
	 "label": "{'changeType': 'Preserve', 'type': 'object', 'className': 'EAttribute', 'attributes': {'id': '_YVrQON6tEei97MD7GK1RmA', 'name':'image','ordered':'true','unique':'true','lowerBound':'0','upperBound':'1','many':'false','required':'false','eType':'EBoolean','eGenericType':'org.eclipse.emf.ecore.impl.EGenericTypeImpl@18d3cb92 (expression: EBoolean)','changeable':'true','volatile':'false','transient':'false','defaultValueLiteral':'true','defaultValue':'true','unsettable':'false','derived':'false','eContainingClass':'GenClass','iD':'false','eAttributeType':'EBoolean'}}" 
},{
	 "id": "69", 
	 "label": "{'changeType': 'Preserve', 'type': 'object', 'className': 'EReference', 'attributes': {'id': '_YVrQOt6tEei97MD7GK1RmA', 'name':'ecoreClass','ordered':'true','unique':'true','lowerBound':'1','upperBound':'1','many':'false','required':'true','eType':'EClass','eGenericType':'org.eclipse.emf.ecore.impl.EGenericTypeImpl@781094c5 (expression: EClass)','changeable':'true','volatile':'false','transient':'false','unsettable':'false','derived':'false','eContainingClass':'GenClass','containment':'false','container':'false','resolveProxies':'true','eReferenceType':'EClass'}}" 
},{
	 "id": "70", 
	 "label": "{'changeType': 'Preserve', 'type': 'object', 'className': 'EReference', 'attributes': {'id': '_YVrQPN6tEei97MD7GK1RmA', 'name':'genFeatures','ordered':'true','unique':'true','lowerBound':'0','upperBound':'-1','many':'true','required':'false','eType':'GenFeature','eGenericType':'org.eclipse.emf.ecore.impl.EGenericTypeImpl@3965b76a (expression: GenFeature)','changeable':'true','volatile':'false','transient':'false','unsettable':'false','derived':'false','eContainingClass':'GenClass','containment':'true','container':'false','resolveProxies':'true','eOpposite':'genClass','eReferenceType':'GenFeature'}}" 
},{
	 "id": "71", 
	 "label": "{'changeType': 'Preserve', 'type': 'object', 'className': 'EReference', 'attributes': {'id': '_YVrQPd6tEei97MD7GK1RmA', 'name':'genOperations','ordered':'true','unique':'true','lowerBound':'0','upperBound':'-1','many':'true','required':'false','eType':'GenOperation','eGenericType':'org.eclipse.emf.ecore.impl.EGenericTypeImpl@789a6e65 (expression: GenOperation)','changeable':'true','volatile':'false','transient':'false','unsettable':'false','derived':'false','eContainingClass':'GenClass','containment':'true','container':'false','resolveProxies':'true','eOpposite':'genClass','eReferenceType':'GenOperation'}}" 
},{
	 "id": "72", 
	 "label": "{'changeType': 'Preserve', 'type': 'object', 'className': 'EReference', 'attributes': {'id': '_YVrQPt6tEei97MD7GK1RmA', 'name':'labelFeature','ordered':'true','unique':'true','lowerBound':'0','upperBound':'1','many':'false','required':'false','eType':'GenFeature','eGenericType':'org.eclipse.emf.ecore.impl.EGenericTypeImpl@2bb98079 (expression: GenFeature)','changeable':'true','volatile':'false','transient':'false','unsettable':'false','derived':'false','eContainingClass':'GenClass','containment':'false','container':'false','resolveProxies':'true','eReferenceType':'GenFeature'}}" 
},{
	 "id": "73", 
	 "label": "{'changeType': 'Preserve', 'type': 'object', 'className': 'EClass', 'attributes': {'id': '_YVrQP96tEei97MD7GK1RmA', 'name':'GenFeature','ePackage':'genmodel','abstract':'false','interface':'false','eStructuralFeatures':['property','notify','children','createChild','propertyCategory','propertyFilterFlags','propertyDescription','genClass','ecoreFeature'],'eGenericSuperTypes':['org.eclipse.emf.ecore.impl.EGenericTypeImpl@701e95a2 (expression: GenTypedElement)']}}" 
},{
	 "id": "74", 
	 "label": "{'changeType': 'Preserve', 'type': 'object', 'className': 'EAttribute', 'attributes': {'id': '_YVrQQN6tEei97MD7GK1RmA', 'name':'property','ordered':'true','unique':'true','lowerBound':'0','upperBound':'1','many':'false','required':'false','eType':'GenPropertyKind','eGenericType':'org.eclipse.emf.ecore.impl.EGenericTypeImpl@64d4a22c (expression: GenPropertyKind)','changeable':'true','volatile':'false','transient':'false','defaultValue':'Editable','unsettable':'false','derived':'false','eContainingClass':'GenFeature','iD':'false','eAttributeType':'GenPropertyKind'}}" 
},{
	 "id": "75", 
	 "label": "{'changeType': 'Preserve', 'type': 'object', 'className': 'EAttribute', 'attributes': {'id': '_YVrQQd6tEei97MD7GK1RmA', 'name':'notify','ordered':'true','unique':'true','lowerBound':'0','upperBound':'1','many':'false','required':'false','eType':'EBoolean','eGenericType':'org.eclipse.emf.ecore.impl.EGenericTypeImpl@50ed16d5 (expression: EBoolean)','changeable':'true','volatile':'false','transient':'false','defaultValueLiteral':'true','defaultValue':'true','unsettable':'false','derived':'false','eContainingClass':'GenFeature','iD':'false','eAttributeType':'EBoolean'}}" 
},{
	 "id": "76", 
	 "label": "{'changeType': 'Preserve', 'type': 'object', 'className': 'EAttribute', 'attributes': {'id': '_YVrQQ96tEei97MD7GK1RmA', 'name':'children','ordered':'true','unique':'true','lowerBound':'0','upperBound':'1','many':'false','required':'false','eType':'EBoolean','eGenericType':'org.eclipse.emf.ecore.impl.EGenericTypeImpl@ce33a4 (expression: EBoolean)','changeable':'true','volatile':'false','transient':'false','defaultValue':'false','unsettable':'false','derived':'false','eContainingClass':'GenFeature','iD':'false','eAttributeType':'EBoolean'}}" 
},{
	 "id": "77", 
	 "label": "{'changeType': 'Preserve', 'type': 'object', 'className': 'EAttribute', 'attributes': {'id': '_YVrQRd6tEei97MD7GK1RmA', 'name':'createChild','ordered':'true','unique':'true','lowerBound':'0','upperBound':'1','many':'false','required':'false','eType':'EBoolean','eGenericType':'org.eclipse.emf.ecore.impl.EGenericTypeImpl@35b35dfa (expression: EBoolean)','changeable':'true','volatile':'false','transient':'false','defaultValue':'false','unsettable':'true','derived':'false','eContainingClass':'GenFeature','iD':'false','eAttributeType':'EBoolean'}}" 
},{
	 "id": "78", 
	 "label": "{'changeType': 'Preserve', 'type': 'object', 'className': 'EAttribute', 'attributes': {'id': '_YVrQR96tEei97MD7GK1RmA', 'name':'propertyCategory','ordered':'true','unique':'true','lowerBound':'0','upperBound':'1','many':'false','required':'false','eType':'EString','eGenericType':'org.eclipse.emf.ecore.impl.EGenericTypeImpl@79203642 (expression: EString)','changeable':'true','volatile':'false','transient':'false','unsettable':'false','derived':'false','eContainingClass':'GenFeature','iD':'false','eAttributeType':'EString'}}" 
},{
	 "id": "79", 
	 "label": "{'changeType': 'Preserve', 'type': 'object', 'className': 'EAttribute', 'attributes': {'id': '_YVrQSd6tEei97MD7GK1RmA', 'name':'propertyFilterFlags','ordered':'true','unique':'true','lowerBound':'0','upperBound':'-1','many':'true','required':'false','eType':'EString','eGenericType':'org.eclipse.emf.ecore.impl.EGenericTypeImpl@5e420eed (expression: EString)','changeable':'true','volatile':'false','transient':'false','unsettable':'false','derived':'false','eContainingClass':'GenFeature','iD':'false','eAttributeType':'EString'}}" 
},{
	 "id": "80", 
	 "label": "{'changeType': 'Preserve', 'type': 'object', 'className': 'EAttribute', 'attributes': {'id': '_YVrQS96tEei97MD7GK1RmA', 'name':'propertyDescription','ordered':'true','unique':'true','lowerBound':'0','upperBound':'1','many':'false','required':'false','eType':'EString','eGenericType':'org.eclipse.emf.ecore.impl.EGenericTypeImpl@3d8e5bc7 (expression: EString)','changeable':'true','volatile':'false','transient':'false','unsettable':'false','derived':'false','eContainingClass':'GenFeature','iD':'false','eAttributeType':'EString'}}" 
},{
	 "id": "81", 
	 "label": "{'changeType': 'Preserve', 'type': 'object', 'className': 'EReference', 'attributes': {'id': '_YVrQTd6tEei97MD7GK1RmA', 'name':'genClass','ordered':'true','unique':'true','lowerBound':'1','upperBound':'1','many':'false','required':'true','eType':'GenClass','eGenericType':'org.eclipse.emf.ecore.impl.EGenericTypeImpl@cb69aa9 (expression: GenClass)','changeable':'true','volatile':'false','transient':'true','unsettable':'false','derived':'false','eContainingClass':'GenFeature','containment':'false','container':'true','resolveProxies':'true','eOpposite':'genFeatures','eReferenceType':'GenClass'}}" 
},{
	 "id": "82", 
	 "label": "{'changeType': 'Preserve', 'type': 'object', 'className': 'EReference', 'attributes': {'id': '_YVrQTt6tEei97MD7GK1RmA', 'name':'ecoreFeature','ordered':'true','unique':'true','lowerBound':'1','upperBound':'1','many':'false','required':'true','eType':'EStructuralFeature','eGenericType':'org.eclipse.emf.ecore.impl.EGenericTypeImpl@2197665a (expression: EStructuralFeature)','changeable':'true','volatile':'false','transient':'false','unsettable':'false','derived':'false','eContainingClass':'GenFeature','containment':'false','container':'false','resolveProxies':'true','eReferenceType':'EStructuralFeature'}}" 
},{
	 "id": "83", 
	 "label": "{'changeType': 'Preserve', 'type': 'object', 'className': 'EClass', 'attributes': {'id': '_YVrQUN6tEei97MD7GK1RmA', 'name':'GenBase','ePackage':'genmodel','abstract':'true','interface':'false'}}" 
},{
	 "id": "84", 
	 "label": "{'changeType': 'Preserve', 'type': 'object', 'className': 'EClass', 'attributes': {'id': '_YVrQUd6tEei97MD7GK1RmA', 'name':'GenEnum','ePackage':'genmodel','abstract':'false','interface':'false','eStructuralFeatures':['ecoreEnum','genEnumLiterals'],'eGenericSuperTypes':['org.eclipse.emf.ecore.impl.EGenericTypeImpl@4f160195 (expression: GenDataType)']}}" 
},{
	 "id": "85", 
	 "label": "{'changeType': 'Preserve', 'type': 'object', 'className': 'EReference', 'attributes': {'id': '_YVrQUt6tEei97MD7GK1RmA', 'name':'ecoreEnum','ordered':'true','unique':'true','lowerBound':'1','upperBound':'1','many':'false','required':'true','eType':'EEnum','eGenericType':'org.eclipse.emf.ecore.impl.EGenericTypeImpl@37cf2a1 (expression: EEnum)','changeable':'true','volatile':'false','transient':'false','unsettable':'false','derived':'false','eContainingClass':'GenEnum','containment':'false','container':'false','resolveProxies':'true','eReferenceType':'EEnum'}}" 
},{
	 "id": "86", 
	 "label": "{'changeType': 'Preserve', 'type': 'object', 'className': 'EReference', 'attributes': {'id': '_YVrQVN6tEei97MD7GK1RmA', 'name':'genEnumLiterals','ordered':'true','unique':'true','lowerBound':'0','upperBound':'-1','many':'true','required':'false','eType':'GenEnumLiteral','eGenericType':'org.eclipse.emf.ecore.impl.EGenericTypeImpl@284bfa46 (expression: GenEnumLiteral)','changeable':'true','volatile':'false','transient':'false','unsettable':'false','derived':'false','eContainingClass':'GenEnum','containment':'true','container':'false','resolveProxies':'true','eOpposite':'genEnum','eReferenceType':'GenEnumLiteral'}}" 
},{
	 "id": "87", 
	 "label": "{'changeType': 'Preserve', 'type': 'object', 'className': 'EClass', 'attributes': {'id': '_YVrQVd6tEei97MD7GK1RmA', 'name':'GenEnumLiteral','ePackage':'genmodel','abstract':'false','interface':'false','eStructuralFeatures':['genEnum','ecoreEnumLiteral'],'eGenericSuperTypes':['org.eclipse.emf.ecore.impl.EGenericTypeImpl@6012b59c (expression: GenBase)']}}" 
},{
	 "id": "88", 
	 "label": "{'changeType': 'Preserve', 'type': 'object', 'className': 'EReference', 'attributes': {'id': '_YVrQVt6tEei97MD7GK1RmA', 'name':'genEnum','ordered':'true','unique':'true','lowerBound':'1','upperBound':'1','many':'false','required':'true','eType':'GenEnum','eGenericType':'org.eclipse.emf.ecore.impl.EGenericTypeImpl@b6c0039 (expression: GenEnum)','changeable':'true','volatile':'false','transient':'true','unsettable':'false','derived':'false','eContainingClass':'GenEnumLiteral','containment':'false','container':'true','resolveProxies':'true','eOpposite':'genEnumLiterals','eReferenceType':'GenEnum'}}" 
},{
	 "id": "89", 
	 "label": "{'changeType': 'Preserve', 'type': 'object', 'className': 'EReference', 'attributes': {'id': '_YVrQV96tEei97MD7GK1RmA', 'name':'ecoreEnumLiteral','ordered':'true','unique':'true','lowerBound':'1','upperBound':'1','many':'false','required':'true','eType':'EEnumLiteral','eGenericType':'org.eclipse.emf.ecore.impl.EGenericTypeImpl@3dbf5393 (expression: EEnumLiteral)','changeable':'true','volatile':'false','transient':'false','unsettable':'false','derived':'false','eContainingClass':'GenEnumLiteral','containment':'false','container':'false','resolveProxies':'true','eReferenceType':'EEnumLiteral'}}" 
},{
	 "id": "90", 
	 "label": "{'changeType': 'Preserve', 'type': 'object', 'className': 'EClass', 'attributes': {'id': '_YVrQWd6tEei97MD7GK1RmA', 'name':'GenClassifier','ePackage':'genmodel','abstract':'true','interface':'false','eStructuralFeatures':['genPackage'],'eGenericSuperTypes':['org.eclipse.emf.ecore.impl.EGenericTypeImpl@2f893203 (expression: GenBase)']}}" 
},{
	 "id": "91", 
	 "label": "{'changeType': 'Preserve', 'type': 'object', 'className': 'EReference', 'attributes': {'id': '_YVrQWt6tEei97MD7GK1RmA', 'name':'genPackage','ordered':'true','unique':'true','lowerBound':'1','upperBound':'1','many':'false','required':'true','eType':'GenPackage','eGenericType':'org.eclipse.emf.ecore.impl.EGenericTypeImpl@5fea82c (expression: GenPackage)','changeable':'false','volatile':'true','transient':'true','unsettable':'false','derived':'false','eContainingClass':'GenClassifier','containment':'false','container':'false','resolveProxies':'false','eOpposite':'genClassifiers','eReferenceType':'GenPackage'}}" 
},{
	 "id": "92", 
	 "label": "{'changeType': 'Preserve', 'type': 'object', 'className': 'EClass', 'attributes': {'id': '_YVrQW96tEei97MD7GK1RmA', 'name':'GenDataType','ePackage':'genmodel','abstract':'false','interface':'false','eStructuralFeatures':['ecoreDataType'],'eGenericSuperTypes':['org.eclipse.emf.ecore.impl.EGenericTypeImpl@5bcd6fe8 (expression: GenClassifier)']}}" 
},{
	 "id": "93", 
	 "label": "{'changeType': 'Preserve', 'type': 'object', 'className': 'EReference', 'attributes': {'id': '_YVrQXN6tEei97MD7GK1RmA', 'name':'ecoreDataType','ordered':'true','unique':'true','lowerBound':'1','upperBound':'1','many':'false','required':'true','eType':'EDataType','eGenericType':'org.eclipse.emf.ecore.impl.EGenericTypeImpl@3bc9a1d2 (expression: EDataType)','changeable':'true','volatile':'false','transient':'false','unsettable':'false','derived':'false','eContainingClass':'GenDataType','containment':'false','container':'false','resolveProxies':'true','eReferenceType':'EDataType'}}" 
},{
	 "id": "94", 
	 "label": "{'changeType': 'Preserve', 'type': 'object', 'className': 'EClass', 'attributes': {'id': '_YVrQXt6tEei97MD7GK1RmA', 'name':'GenOperation','ePackage':'genmodel','abstract':'false','interface':'false','eStructuralFeatures':['genClass','ecoreOperation','genParameters'],'eGenericSuperTypes':['org.eclipse.emf.ecore.impl.EGenericTypeImpl@2c7cd968 (expression: GenTypedElement)']}}" 
},{
	 "id": "95", 
	 "label": "{'changeType': 'Preserve', 'type': 'object', 'className': 'EReference', 'attributes': {'id': '_YVrQX96tEei97MD7GK1RmA', 'name':'genClass','ordered':'true','unique':'true','lowerBound':'1','upperBound':'1','many':'false','required':'true','eType':'GenClass','eGenericType':'org.eclipse.emf.ecore.impl.EGenericTypeImpl@598ca4d1 (expression: GenClass)','changeable':'true','volatile':'false','transient':'true','unsettable':'false','derived':'false','eContainingClass':'GenOperation','containment':'false','container':'true','resolveProxies':'true','eOpposite':'genOperations','eReferenceType':'GenClass'}}" 
},{
	 "id": "96", 
	 "label": "{'changeType': 'Preserve', 'type': 'object', 'className': 'EReference', 'attributes': {'id': '_YVrQYN6tEei97MD7GK1RmA', 'name':'ecoreOperation','ordered':'true','unique':'true','lowerBound':'1','upperBound':'1','many':'false','required':'true','eType':'EOperation','eGenericType':'org.eclipse.emf.ecore.impl.EGenericTypeImpl@46ba760f (expression: EOperation)','changeable':'true','volatile':'false','transient':'false','unsettable':'false','derived':'false','eContainingClass':'GenOperation','containment':'false','container':'false','resolveProxies':'true','eReferenceType':'EOperation'}}" 
},{
	 "id": "97", 
	 "label": "{'changeType': 'Preserve', 'type': 'object', 'className': 'EReference', 'attributes': {'id': '_YVrQYt6tEei97MD7GK1RmA', 'name':'genParameters','ordered':'true','unique':'true','lowerBound':'0','upperBound':'-1','many':'true','required':'false','eType':'GenParameter','eGenericType':'org.eclipse.emf.ecore.impl.EGenericTypeImpl@6d78db09 (expression: GenParameter)','changeable':'true','volatile':'false','transient':'false','unsettable':'false','derived':'false','eContainingClass':'GenOperation','containment':'true','container':'false','resolveProxies':'true','eOpposite':'genOperation','eReferenceType':'GenParameter'}}" 
},{
	 "id": "98", 
	 "label": "{'changeType': 'Preserve', 'type': 'object', 'className': 'EClass', 'attributes': {'id': '_YVrQY96tEei97MD7GK1RmA', 'name':'GenParameter','ePackage':'genmodel','abstract':'false','interface':'false','eStructuralFeatures':['genOperation','ecoreParameter'],'eGenericSuperTypes':['org.eclipse.emf.ecore.impl.EGenericTypeImpl@129d759a (expression: GenTypedElement)']}}" 
},{
	 "id": "99", 
	 "label": "{'changeType': 'Preserve', 'type': 'object', 'className': 'EReference', 'attributes': {'id': '_YVrQZN6tEei97MD7GK1RmA', 'name':'genOperation','ordered':'true','unique':'true','lowerBound':'1','upperBound':'1','many':'false','required':'true','eType':'GenOperation','eGenericType':'org.eclipse.emf.ecore.impl.EGenericTypeImpl@6758bcbe (expression: GenOperation)','changeable':'true','volatile':'false','transient':'true','unsettable':'false','derived':'false','eContainingClass':'GenParameter','containment':'false','container':'true','resolveProxies':'true','eOpposite':'genParameters','eReferenceType':'GenOperation'}}" 
},{
	 "id": "100", 
	 "label": "{'changeType': 'Preserve', 'type': 'object', 'className': 'EReference', 'attributes': {'id': '_YVrQZd6tEei97MD7GK1RmA', 'name':'ecoreParameter','ordered':'true','unique':'true','lowerBound':'1','upperBound':'1','many':'false','required':'true','eType':'EParameter','eGenericType':'org.eclipse.emf.ecore.impl.EGenericTypeImpl@6f7a995f (expression: EParameter)','changeable':'true','volatile':'false','transient':'false','unsettable':'false','derived':'false','eContainingClass':'GenParameter','containment':'false','container':'false','resolveProxies':'true','eReferenceType':'EParameter'}}" 
},{
	 "id": "101", 
	 "label": "{'changeType': 'Preserve', 'type': 'object', 'className': 'EEnum', 'attributes': {'id': '_YVrQZ96tEei97MD7GK1RmA', 'name':'GenProviderKind','defaultValue':'Singleton','ePackage':'genmodel','serializable':'true','eLiterals':['Singleton','Stateful','None']}}" 
},{
	 "id": "102", 
	 "label": "{'changeType': 'Preserve', 'type': 'object', 'className': 'EEnumLiteral', 'attributes': {'id': '_YVrQaN6tEei97MD7GK1RmA', 'name':'Singleton','value':'0','instance':'Singleton','literal':'Singleton','eEnum':'GenProviderKind'}}" 
},{
	 "id": "103", 
	 "label": "{'changeType': 'Preserve', 'type': 'object', 'className': 'EEnumLiteral', 'attributes': {'id': '_YVrQad6tEei97MD7GK1RmA', 'name':'Stateful','value':'1','instance':'Stateful','literal':'Stateful','eEnum':'GenProviderKind'}}" 
},{
	 "id": "104", 
	 "label": "{'changeType': 'Preserve', 'type': 'object', 'className': 'EEnumLiteral', 'attributes': {'id': '_YVrQat6tEei97MD7GK1RmA', 'name':'None','value':'2','instance':'None','literal':'None','eEnum':'GenProviderKind'}}" 
},{
	 "id": "105", 
	 "label": "{'changeType': 'Preserve', 'type': 'object', 'className': 'EEnum', 'attributes': {'id': '_YVrQa96tEei97MD7GK1RmA', 'name':'GenPropertyKind','defaultValue':'Editable','ePackage':'genmodel','serializable':'true','eLiterals':['Editable','Readonly','None']}}" 
},{
	 "id": "106", 
	 "label": "{'changeType': 'Preserve', 'type': 'object', 'className': 'EEnumLiteral', 'attributes': {'id': '_YVrQbN6tEei97MD7GK1RmA', 'name':'Editable','value':'0','instance':'Editable','literal':'Editable','eEnum':'GenPropertyKind'}}" 
},{
	 "id": "107", 
	 "label": "{'changeType': 'Preserve', 'type': 'object', 'className': 'EEnumLiteral', 'attributes': {'id': '_YVrQbd6tEei97MD7GK1RmA', 'name':'Readonly','value':'1','instance':'Readonly','literal':'Readonly','eEnum':'GenPropertyKind'}}" 
},{
	 "id": "108", 
	 "label": "{'changeType': 'Preserve', 'type': 'object', 'className': 'EEnumLiteral', 'attributes': {'id': '_YVrQbt6tEei97MD7GK1RmA', 'name':'None','value':'2','instance':'None','literal':'None','eEnum':'GenPropertyKind'}}" 
},{
	 "id": "109", 
	 "label": "{'changeType': 'Preserve', 'type': 'object', 'className': 'EEnum', 'attributes': {'id': '_YVrQb96tEei97MD7GK1RmA', 'name':'GenResourceKind','defaultValue':'None','ePackage':'genmodel','serializable':'true','eLiterals':['None','Basic','XMI','XML']}}" 
},{
	 "id": "110", 
	 "label": "{'changeType': 'Preserve', 'type': 'object', 'className': 'EEnumLiteral', 'attributes': {'id': '_YVrQcN6tEei97MD7GK1RmA', 'name':'None','value':'0','instance':'None','literal':'None','eEnum':'GenResourceKind'}}" 
},{
	 "id": "111", 
	 "label": "{'changeType': 'Preserve', 'type': 'object', 'className': 'EEnumLiteral', 'attributes': {'id': '_YVrQcd6tEei97MD7GK1RmA', 'name':'Basic','value':'1','instance':'Basic','literal':'Basic','eEnum':'GenResourceKind'}}" 
},{
	 "id": "112", 
	 "label": "{'changeType': 'Preserve', 'type': 'object', 'className': 'EEnumLiteral', 'attributes': {'id': '_YVrQct6tEei97MD7GK1RmA', 'name':'XMI','value':'2','instance':'XMI','literal':'XMI','eEnum':'GenResourceKind'}}" 
},{
	 "id": "113", 
	 "label": "{'changeType': 'Preserve', 'type': 'object', 'className': 'EEnumLiteral', 'attributes': {'id': '_YVrQc96tEei97MD7GK1RmA', 'name':'XML','value':'3','instance':'XML','literal':'XML','eEnum':'GenResourceKind'}}" 
},{
	 "id": "114", 
	 "label": "{'changeType': 'Preserve', 'type': 'object', 'className': 'EClass', 'attributes': {'id': '_YV-ydN6tEei97MD7GK1RmA', 'name':'GenTypedElement','ePackage':'genmodel','abstract':'true','interface':'false','eGenericSuperTypes':['org.eclipse.emf.ecore.impl.EGenericTypeImpl@41148b33 (expression: GenBase)']}}" 
}], 
 "links": [{
	 "source": "0", 
	 "target": "1", 
	 "label": "{'changeType': 'Change', 'type': 'attribute'}" 
},{
	 "source": "3", 
	 "target": "2", 
	 "label": "{'changeType': 'Preserve', 'type': 'reference', 'referenceTypeName': 'eClassifiers'}" 
},{
	 "source": "2", 
	 "target": "3", 
	 "label": "{'changeType': 'Preserve', 'type': 'reference', 'referenceTypeName': 'ePackage'}" 
},{
	 "source": "4", 
	 "target": "3", 
	 "label": "{'changeType': 'Preserve', 'type': 'reference', 'referenceTypeName': 'eStructuralFeatures'}" 
},{
	 "source": "3", 
	 "target": "4", 
	 "label": "{'changeType': 'Preserve', 'type': 'reference', 'referenceTypeName': 'eContainingClass'}" 
},{
	 "source": "5", 
	 "target": "3", 
	 "label": "{'changeType': 'Preserve', 'type': 'reference', 'referenceTypeName': 'eStructuralFeatures'}" 
},{
	 "source": "3", 
	 "target": "5", 
	 "label": "{'changeType': 'Preserve', 'type': 'reference', 'referenceTypeName': 'eContainingClass'}" 
},{
	 "source": "6", 
	 "target": "3", 
	 "label": "{'changeType': 'Preserve', 'type': 'reference', 'referenceTypeName': 'eStructuralFeatures'}" 
},{
	 "source": "3", 
	 "target": "6", 
	 "label": "{'changeType': 'Preserve', 'type': 'reference', 'referenceTypeName': 'eContainingClass'}" 
},{
	 "source": "7", 
	 "target": "3", 
	 "label": "{'changeType': 'Preserve', 'type': 'reference', 'referenceTypeName': 'eStructuralFeatures'}" 
},{
	 "source": "3", 
	 "target": "7", 
	 "label": "{'changeType': 'Preserve', 'type': 'reference', 'referenceTypeName': 'eContainingClass'}" 
},{
	 "source": "8", 
	 "target": "3", 
	 "label": "{'changeType': 'Preserve', 'type': 'reference', 'referenceTypeName': 'eStructuralFeatures'}" 
},{
	 "source": "3", 
	 "target": "8", 
	 "label": "{'changeType': 'Preserve', 'type': 'reference', 'referenceTypeName': 'eContainingClass'}" 
},{
	 "source": "9", 
	 "target": "3", 
	 "label": "{'changeType': 'Preserve', 'type': 'reference', 'referenceTypeName': 'eStructuralFeatures'}" 
},{
	 "source": "3", 
	 "target": "9", 
	 "label": "{'changeType': 'Preserve', 'type': 'reference', 'referenceTypeName': 'eContainingClass'}" 
},{
	 "source": "10", 
	 "target": "3", 
	 "label": "{'changeType': 'Preserve', 'type': 'reference', 'referenceTypeName': 'eStructuralFeatures'}" 
},{
	 "source": "3", 
	 "target": "10", 
	 "label": "{'changeType': 'Preserve', 'type': 'reference', 'referenceTypeName': 'eContainingClass'}" 
},{
	 "source": "11", 
	 "target": "3", 
	 "label": "{'changeType': 'Preserve', 'type': 'reference', 'referenceTypeName': 'eStructuralFeatures'}" 
},{
	 "source": "3", 
	 "target": "11", 
	 "label": "{'changeType': 'Preserve', 'type': 'reference', 'referenceTypeName': 'eContainingClass'}" 
},{
	 "source": "12", 
	 "target": "3", 
	 "label": "{'changeType': 'Preserve', 'type': 'reference', 'referenceTypeName': 'eStructuralFeatures'}" 
},{
	 "source": "3", 
	 "target": "12", 
	 "label": "{'changeType': 'Preserve', 'type': 'reference', 'referenceTypeName': 'eContainingClass'}" 
},{
	 "source": "13", 
	 "target": "3", 
	 "label": "{'changeType': 'Preserve', 'type': 'reference', 'referenceTypeName': 'eStructuralFeatures'}" 
},{
	 "source": "3", 
	 "target": "13", 
	 "label": "{'changeType': 'Preserve', 'type': 'reference', 'referenceTypeName': 'eContainingClass'}" 
},{
	 "source": "14", 
	 "target": "3", 
	 "label": "{'changeType': 'Preserve', 'type': 'reference', 'referenceTypeName': 'eStructuralFeatures'}" 
},{
	 "source": "3", 
	 "target": "14", 
	 "label": "{'changeType': 'Preserve', 'type': 'reference', 'referenceTypeName': 'eContainingClass'}" 
},{
	 "source": "15", 
	 "target": "3", 
	 "label": "{'changeType': 'Preserve', 'type': 'reference', 'referenceTypeName': 'eStructuralFeatures'}" 
},{
	 "source": "3", 
	 "target": "15", 
	 "label": "{'changeType': 'Preserve', 'type': 'reference', 'referenceTypeName': 'eContainingClass'}" 
},{
	 "source": "16", 
	 "target": "3", 
	 "label": "{'changeType': 'Preserve', 'type': 'reference', 'referenceTypeName': 'eStructuralFeatures'}" 
},{
	 "source": "3", 
	 "target": "16", 
	 "label": "{'changeType': 'Preserve', 'type': 'reference', 'referenceTypeName': 'eContainingClass'}" 
},{
	 "source": "17", 
	 "target": "3", 
	 "label": "{'changeType': 'Preserve', 'type': 'reference', 'referenceTypeName': 'eStructuralFeatures'}" 
},{
	 "source": "3", 
	 "target": "17", 
	 "label": "{'changeType': 'Preserve', 'type': 'reference', 'referenceTypeName': 'eContainingClass'}" 
},{
	 "source": "18", 
	 "target": "3", 
	 "label": "{'changeType': 'Preserve', 'type': 'reference', 'referenceTypeName': 'eStructuralFeatures'}" 
},{
	 "source": "3", 
	 "target": "18", 
	 "label": "{'changeType': 'Preserve', 'type': 'reference', 'referenceTypeName': 'eContainingClass'}" 
},{
	 "source": "19", 
	 "target": "3", 
	 "label": "{'changeType': 'Preserve', 'type': 'reference', 'referenceTypeName': 'eStructuralFeatures'}" 
},{
	 "source": "3", 
	 "target": "19", 
	 "label": "{'changeType': 'Preserve', 'type': 'reference', 'referenceTypeName': 'eContainingClass'}" 
},{
	 "source": "20", 
	 "target": "3", 
	 "label": "{'changeType': 'Preserve', 'type': 'reference', 'referenceTypeName': 'eStructuralFeatures'}" 
},{
	 "source": "3", 
	 "target": "20", 
	 "label": "{'changeType': 'Preserve', 'type': 'reference', 'referenceTypeName': 'eContainingClass'}" 
},{
	 "source": "21", 
	 "target": "3", 
	 "label": "{'changeType': 'Preserve', 'type': 'reference', 'referenceTypeName': 'eStructuralFeatures'}" 
},{
	 "source": "3", 
	 "target": "21", 
	 "label": "{'changeType': 'Preserve', 'type': 'reference', 'referenceTypeName': 'eContainingClass'}" 
},{
	 "source": "22", 
	 "target": "3", 
	 "label": "{'changeType': 'Preserve', 'type': 'reference', 'referenceTypeName': 'eStructuralFeatures'}" 
},{
	 "source": "3", 
	 "target": "22", 
	 "label": "{'changeType': 'Preserve', 'type': 'reference', 'referenceTypeName': 'eContainingClass'}" 
},{
	 "source": "23", 
	 "target": "3", 
	 "label": "{'changeType': 'Preserve', 'type': 'reference', 'referenceTypeName': 'eStructuralFeatures'}" 
},{
	 "source": "3", 
	 "target": "23", 
	 "label": "{'changeType': 'Preserve', 'type': 'reference', 'referenceTypeName': 'eContainingClass'}" 
},{
	 "source": "24", 
	 "target": "3", 
	 "label": "{'changeType': 'Preserve', 'type': 'reference', 'referenceTypeName': 'eStructuralFeatures'}" 
},{
	 "source": "3", 
	 "target": "24", 
	 "label": "{'changeType': 'Preserve', 'type': 'reference', 'referenceTypeName': 'eContainingClass'}" 
},{
	 "source": "25", 
	 "target": "3", 
	 "label": "{'changeType': 'Preserve', 'type': 'reference', 'referenceTypeName': 'eStructuralFeatures'}" 
},{
	 "source": "3", 
	 "target": "25", 
	 "label": "{'changeType': 'Preserve', 'type': 'reference', 'referenceTypeName': 'eContainingClass'}" 
},{
	 "source": "26", 
	 "target": "3", 
	 "label": "{'changeType': 'Preserve', 'type': 'reference', 'referenceTypeName': 'eStructuralFeatures'}" 
},{
	 "source": "3", 
	 "target": "26", 
	 "label": "{'changeType': 'Preserve', 'type': 'reference', 'referenceTypeName': 'eContainingClass'}" 
},{
	 "source": "27", 
	 "target": "3", 
	 "label": "{'changeType': 'Preserve', 'type': 'reference', 'referenceTypeName': 'eStructuralFeatures'}" 
},{
	 "source": "3", 
	 "target": "27", 
	 "label": "{'changeType': 'Preserve', 'type': 'reference', 'referenceTypeName': 'eContainingClass'}" 
},{
	 "source": "28", 
	 "target": "3", 
	 "label": "{'changeType': 'Preserve', 'type': 'reference', 'referenceTypeName': 'eStructuralFeatures'}" 
},{
	 "source": "3", 
	 "target": "28", 
	 "label": "{'changeType': 'Preserve', 'type': 'reference', 'referenceTypeName': 'eContainingClass'}" 
},{
	 "source": "29", 
	 "target": "3", 
	 "label": "{'changeType': 'Preserve', 'type': 'reference', 'referenceTypeName': 'eStructuralFeatures'}" 
},{
	 "source": "3", 
	 "target": "29", 
	 "label": "{'changeType': 'Preserve', 'type': 'reference', 'referenceTypeName': 'eContainingClass'}" 
},{
	 "source": "30", 
	 "target": "3", 
	 "label": "{'changeType': 'Preserve', 'type': 'reference', 'referenceTypeName': 'eStructuralFeatures'}" 
},{
	 "source": "3", 
	 "target": "30", 
	 "label": "{'changeType': 'Preserve', 'type': 'reference', 'referenceTypeName': 'eContainingClass'}" 
},{
	 "source": "31", 
	 "target": "3", 
	 "label": "{'changeType': 'Preserve', 'type': 'reference', 'referenceTypeName': 'eStructuralFeatures'}" 
},{
	 "source": "3", 
	 "target": "31", 
	 "label": "{'changeType': 'Preserve', 'type': 'reference', 'referenceTypeName': 'eContainingClass'}" 
},{
	 "source": "32", 
	 "target": "3", 
	 "label": "{'changeType': 'Preserve', 'type': 'reference', 'referenceTypeName': 'eStructuralFeatures'}" 
},{
	 "source": "3", 
	 "target": "32", 
	 "label": "{'changeType': 'Preserve', 'type': 'reference', 'referenceTypeName': 'eContainingClass'}" 
},{
	 "source": "33", 
	 "target": "3", 
	 "label": "{'changeType': 'Preserve', 'type': 'reference', 'referenceTypeName': 'eStructuralFeatures'}" 
},{
	 "source": "3", 
	 "target": "33", 
	 "label": "{'changeType': 'Preserve', 'type': 'reference', 'referenceTypeName': 'eContainingClass'}" 
},{
	 "source": "0", 
	 "target": "3", 
	 "label": "{'changeType': 'Preserve', 'type': 'reference', 'referenceTypeName': 'eStructuralFeatures'}" 
},{
	 "source": "3", 
	 "target": "0", 
	 "label": "{'changeType': 'Preserve', 'type': 'reference', 'referenceTypeName': 'eContainingClass'}" 
},{
	 "source": "34", 
	 "target": "3", 
	 "label": "{'changeType': 'Preserve', 'type': 'reference', 'referenceTypeName': 'eStructuralFeatures'}" 
},{
	 "source": "3", 
	 "target": "34", 
	 "label": "{'changeType': 'Preserve', 'type': 'reference', 'referenceTypeName': 'eContainingClass'}" 
},{
	 "source": "35", 
	 "target": "3", 
	 "label": "{'changeType': 'Preserve', 'type': 'reference', 'referenceTypeName': 'eStructuralFeatures'}" 
},{
	 "source": "3", 
	 "target": "35", 
	 "label": "{'changeType': 'Preserve', 'type': 'reference', 'referenceTypeName': 'eContainingClass'}" 
},{
	 "source": "36", 
	 "target": "3", 
	 "label": "{'changeType': 'Preserve', 'type': 'reference', 'referenceTypeName': 'eStructuralFeatures'}" 
},{
	 "source": "3", 
	 "target": "36", 
	 "label": "{'changeType': 'Preserve', 'type': 'reference', 'referenceTypeName': 'eContainingClass'}" 
},{
	 "source": "37", 
	 "target": "3", 
	 "label": "{'changeType': 'Preserve', 'type': 'reference', 'referenceTypeName': 'eStructuralFeatures'}" 
},{
	 "source": "3", 
	 "target": "37", 
	 "label": "{'changeType': 'Preserve', 'type': 'reference', 'referenceTypeName': 'eContainingClass'}" 
},{
	 "source": "38", 
	 "target": "3", 
	 "label": "{'changeType': 'Preserve', 'type': 'reference', 'referenceTypeName': 'eStructuralFeatures'}" 
},{
	 "source": "3", 
	 "target": "38", 
	 "label": "{'changeType': 'Preserve', 'type': 'reference', 'referenceTypeName': 'eContainingClass'}" 
},{
	 "source": "39", 
	 "target": "3", 
	 "label": "{'changeType': 'Preserve', 'type': 'reference', 'referenceTypeName': 'eStructuralFeatures'}" 
},{
	 "source": "3", 
	 "target": "39", 
	 "label": "{'changeType': 'Preserve', 'type': 'reference', 'referenceTypeName': 'eContainingClass'}" 
},{
	 "source": "40", 
	 "target": "3", 
	 "label": "{'changeType': 'Preserve', 'type': 'reference', 'referenceTypeName': 'eStructuralFeatures'}" 
},{
	 "source": "3", 
	 "target": "40", 
	 "label": "{'changeType': 'Preserve', 'type': 'reference', 'referenceTypeName': 'eContainingClass'}" 
},{
	 "source": "41", 
	 "target": "3", 
	 "label": "{'changeType': 'Preserve', 'type': 'reference', 'referenceTypeName': 'eStructuralFeatures'}" 
},{
	 "source": "3", 
	 "target": "41", 
	 "label": "{'changeType': 'Preserve', 'type': 'reference', 'referenceTypeName': 'eContainingClass'}" 
},{
	 "source": "42", 
	 "target": "3", 
	 "label": "{'changeType': 'Preserve', 'type': 'reference', 'referenceTypeName': 'eStructuralFeatures'}" 
},{
	 "source": "3", 
	 "target": "42", 
	 "label": "{'changeType': 'Preserve', 'type': 'reference', 'referenceTypeName': 'eContainingClass'}" 
},{
	 "source": "43", 
	 "target": "3", 
	 "label": "{'changeType': 'Preserve', 'type': 'reference', 'referenceTypeName': 'eStructuralFeatures'}" 
},{
	 "source": "3", 
	 "target": "43", 
	 "label": "{'changeType': 'Preserve', 'type': 'reference', 'referenceTypeName': 'eContainingClass'}" 
},{
	 "source": "44", 
	 "target": "3", 
	 "label": "{'changeType': 'Preserve', 'type': 'reference', 'referenceTypeName': 'eStructuralFeatures'}" 
},{
	 "source": "3", 
	 "target": "44", 
	 "label": "{'changeType': 'Preserve', 'type': 'reference', 'referenceTypeName': 'eContainingClass'}" 
},{
	 "source": "45", 
	 "target": "2", 
	 "label": "{'changeType': 'Preserve', 'type': 'reference', 'referenceTypeName': 'eClassifiers'}" 
},{
	 "source": "2", 
	 "target": "45", 
	 "label": "{'changeType': 'Preserve', 'type': 'reference', 'referenceTypeName': 'ePackage'}" 
},{
	 "source": "46", 
	 "target": "45", 
	 "label": "{'changeType': 'Preserve', 'type': 'reference', 'referenceTypeName': 'eStructuralFeatures'}" 
},{
	 "source": "45", 
	 "target": "46", 
	 "label": "{'changeType': 'Preserve', 'type': 'reference', 'referenceTypeName': 'eContainingClass'}" 
},{
	 "source": "47", 
	 "target": "45", 
	 "label": "{'changeType': 'Preserve', 'type': 'reference', 'referenceTypeName': 'eStructuralFeatures'}" 
},{
	 "source": "45", 
	 "target": "47", 
	 "label": "{'changeType': 'Preserve', 'type': 'reference', 'referenceTypeName': 'eContainingClass'}" 
},{
	 "source": "48", 
	 "target": "45", 
	 "label": "{'changeType': 'Preserve', 'type': 'reference', 'referenceTypeName': 'eStructuralFeatures'}" 
},{
	 "source": "45", 
	 "target": "48", 
	 "label": "{'changeType': 'Preserve', 'type': 'reference', 'referenceTypeName': 'eContainingClass'}" 
},{
	 "source": "49", 
	 "target": "45", 
	 "label": "{'changeType': 'Preserve', 'type': 'reference', 'referenceTypeName': 'eStructuralFeatures'}" 
},{
	 "source": "45", 
	 "target": "49", 
	 "label": "{'changeType': 'Preserve', 'type': 'reference', 'referenceTypeName': 'eContainingClass'}" 
},{
	 "source": "50", 
	 "target": "45", 
	 "label": "{'changeType': 'Preserve', 'type': 'reference', 'referenceTypeName': 'eStructuralFeatures'}" 
},{
	 "source": "45", 
	 "target": "50", 
	 "label": "{'changeType': 'Preserve', 'type': 'reference', 'referenceTypeName': 'eContainingClass'}" 
},{
	 "source": "51", 
	 "target": "45", 
	 "label": "{'changeType': 'Preserve', 'type': 'reference', 'referenceTypeName': 'eStructuralFeatures'}" 
},{
	 "source": "45", 
	 "target": "51", 
	 "label": "{'changeType': 'Preserve', 'type': 'reference', 'referenceTypeName': 'eContainingClass'}" 
},{
	 "source": "52", 
	 "target": "45", 
	 "label": "{'changeType': 'Preserve', 'type': 'reference', 'referenceTypeName': 'eStructuralFeatures'}" 
},{
	 "source": "45", 
	 "target": "52", 
	 "label": "{'changeType': 'Preserve', 'type': 'reference', 'referenceTypeName': 'eContainingClass'}" 
},{
	 "source": "53", 
	 "target": "45", 
	 "label": "{'changeType': 'Preserve', 'type': 'reference', 'referenceTypeName': 'eStructuralFeatures'}" 
},{
	 "source": "45", 
	 "target": "53", 
	 "label": "{'changeType': 'Preserve', 'type': 'reference', 'referenceTypeName': 'eContainingClass'}" 
},{
	 "source": "54", 
	 "target": "45", 
	 "label": "{'changeType': 'Preserve', 'type': 'reference', 'referenceTypeName': 'eStructuralFeatures'}" 
},{
	 "source": "45", 
	 "target": "54", 
	 "label": "{'changeType': 'Preserve', 'type': 'reference', 'referenceTypeName': 'eContainingClass'}" 
},{
	 "source": "55", 
	 "target": "45", 
	 "label": "{'changeType': 'Preserve', 'type': 'reference', 'referenceTypeName': 'eStructuralFeatures'}" 
},{
	 "source": "45", 
	 "target": "55", 
	 "label": "{'changeType': 'Preserve', 'type': 'reference', 'referenceTypeName': 'eContainingClass'}" 
},{
	 "source": "56", 
	 "target": "45", 
	 "label": "{'changeType': 'Preserve', 'type': 'reference', 'referenceTypeName': 'eStructuralFeatures'}" 
},{
	 "source": "45", 
	 "target": "56", 
	 "label": "{'changeType': 'Preserve', 'type': 'reference', 'referenceTypeName': 'eContainingClass'}" 
},{
	 "source": "57", 
	 "target": "45", 
	 "label": "{'changeType': 'Preserve', 'type': 'reference', 'referenceTypeName': 'eStructuralFeatures'}" 
},{
	 "source": "45", 
	 "target": "57", 
	 "label": "{'changeType': 'Preserve', 'type': 'reference', 'referenceTypeName': 'eContainingClass'}" 
},{
	 "source": "58", 
	 "target": "45", 
	 "label": "{'changeType': 'Preserve', 'type': 'reference', 'referenceTypeName': 'eStructuralFeatures'}" 
},{
	 "source": "45", 
	 "target": "58", 
	 "label": "{'changeType': 'Preserve', 'type': 'reference', 'referenceTypeName': 'eContainingClass'}" 
},{
	 "source": "59", 
	 "target": "45", 
	 "label": "{'changeType': 'Preserve', 'type': 'reference', 'referenceTypeName': 'eStructuralFeatures'}" 
},{
	 "source": "45", 
	 "target": "59", 
	 "label": "{'changeType': 'Preserve', 'type': 'reference', 'referenceTypeName': 'eContainingClass'}" 
},{
	 "source": "60", 
	 "target": "45", 
	 "label": "{'changeType': 'Preserve', 'type': 'reference', 'referenceTypeName': 'eStructuralFeatures'}" 
},{
	 "source": "45", 
	 "target": "60", 
	 "label": "{'changeType': 'Preserve', 'type': 'reference', 'referenceTypeName': 'eContainingClass'}" 
},{
	 "source": "61", 
	 "target": "45", 
	 "label": "{'changeType': 'Preserve', 'type': 'reference', 'referenceTypeName': 'eStructuralFeatures'}" 
},{
	 "source": "45", 
	 "target": "61", 
	 "label": "{'changeType': 'Preserve', 'type': 'reference', 'referenceTypeName': 'eContainingClass'}" 
},{
	 "source": "62", 
	 "target": "45", 
	 "label": "{'changeType': 'Preserve', 'type': 'reference', 'referenceTypeName': 'eStructuralFeatures'}" 
},{
	 "source": "45", 
	 "target": "62", 
	 "label": "{'changeType': 'Preserve', 'type': 'reference', 'referenceTypeName': 'eContainingClass'}" 
},{
	 "source": "63", 
	 "target": "45", 
	 "label": "{'changeType': 'Preserve', 'type': 'reference', 'referenceTypeName': 'eStructuralFeatures'}" 
},{
	 "source": "45", 
	 "target": "63", 
	 "label": "{'changeType': 'Preserve', 'type': 'reference', 'referenceTypeName': 'eContainingClass'}" 
},{
	 "source": "64", 
	 "target": "45", 
	 "label": "{'changeType': 'Preserve', 'type': 'reference', 'referenceTypeName': 'eStructuralFeatures'}" 
},{
	 "source": "45", 
	 "target": "64", 
	 "label": "{'changeType': 'Preserve', 'type': 'reference', 'referenceTypeName': 'eContainingClass'}" 
},{
	 "source": "65", 
	 "target": "45", 
	 "label": "{'changeType': 'Preserve', 'type': 'reference', 'referenceTypeName': 'eStructuralFeatures'}" 
},{
	 "source": "45", 
	 "target": "65", 
	 "label": "{'changeType': 'Preserve', 'type': 'reference', 'referenceTypeName': 'eContainingClass'}" 
},{
	 "source": "66", 
	 "target": "2", 
	 "label": "{'changeType': 'Preserve', 'type': 'reference', 'referenceTypeName': 'eClassifiers'}" 
},{
	 "source": "2", 
	 "target": "66", 
	 "label": "{'changeType': 'Preserve', 'type': 'reference', 'referenceTypeName': 'ePackage'}" 
},{
	 "source": "67", 
	 "target": "66", 
	 "label": "{'changeType': 'Preserve', 'type': 'reference', 'referenceTypeName': 'eStructuralFeatures'}" 
},{
	 "source": "66", 
	 "target": "67", 
	 "label": "{'changeType': 'Preserve', 'type': 'reference', 'referenceTypeName': 'eContainingClass'}" 
},{
	 "source": "68", 
	 "target": "66", 
	 "label": "{'changeType': 'Preserve', 'type': 'reference', 'referenceTypeName': 'eStructuralFeatures'}" 
},{
	 "source": "66", 
	 "target": "68", 
	 "label": "{'changeType': 'Preserve', 'type': 'reference', 'referenceTypeName': 'eContainingClass'}" 
},{
	 "source": "69", 
	 "target": "66", 
	 "label": "{'changeType': 'Preserve', 'type': 'reference', 'referenceTypeName': 'eStructuralFeatures'}" 
},{
	 "source": "66", 
	 "target": "69", 
	 "label": "{'changeType': 'Preserve', 'type': 'reference', 'referenceTypeName': 'eContainingClass'}" 
},{
	 "source": "70", 
	 "target": "66", 
	 "label": "{'changeType': 'Preserve', 'type': 'reference', 'referenceTypeName': 'eStructuralFeatures'}" 
},{
	 "source": "66", 
	 "target": "70", 
	 "label": "{'changeType': 'Preserve', 'type': 'reference', 'referenceTypeName': 'eContainingClass'}" 
},{
	 "source": "71", 
	 "target": "66", 
	 "label": "{'changeType': 'Preserve', 'type': 'reference', 'referenceTypeName': 'eStructuralFeatures'}" 
},{
	 "source": "66", 
	 "target": "71", 
	 "label": "{'changeType': 'Preserve', 'type': 'reference', 'referenceTypeName': 'eContainingClass'}" 
},{
	 "source": "72", 
	 "target": "66", 
	 "label": "{'changeType': 'Preserve', 'type': 'reference', 'referenceTypeName': 'eStructuralFeatures'}" 
},{
	 "source": "66", 
	 "target": "72", 
	 "label": "{'changeType': 'Preserve', 'type': 'reference', 'referenceTypeName': 'eContainingClass'}" 
},{
	 "source": "73", 
	 "target": "2", 
	 "label": "{'changeType': 'Preserve', 'type': 'reference', 'referenceTypeName': 'eClassifiers'}" 
},{
	 "source": "2", 
	 "target": "73", 
	 "label": "{'changeType': 'Preserve', 'type': 'reference', 'referenceTypeName': 'ePackage'}" 
},{
	 "source": "74", 
	 "target": "73", 
	 "label": "{'changeType': 'Preserve', 'type': 'reference', 'referenceTypeName': 'eStructuralFeatures'}" 
},{
	 "source": "73", 
	 "target": "74", 
	 "label": "{'changeType': 'Preserve', 'type': 'reference', 'referenceTypeName': 'eContainingClass'}" 
},{
	 "source": "75", 
	 "target": "73", 
	 "label": "{'changeType': 'Preserve', 'type': 'reference', 'referenceTypeName': 'eStructuralFeatures'}" 
},{
	 "source": "73", 
	 "target": "75", 
	 "label": "{'changeType': 'Preserve', 'type': 'reference', 'referenceTypeName': 'eContainingClass'}" 
},{
	 "source": "76", 
	 "target": "73", 
	 "label": "{'changeType': 'Preserve', 'type': 'reference', 'referenceTypeName': 'eStructuralFeatures'}" 
},{
	 "source": "73", 
	 "target": "76", 
	 "label": "{'changeType': 'Preserve', 'type': 'reference', 'referenceTypeName': 'eContainingClass'}" 
},{
	 "source": "77", 
	 "target": "73", 
	 "label": "{'changeType': 'Preserve', 'type': 'reference', 'referenceTypeName': 'eStructuralFeatures'}" 
},{
	 "source": "73", 
	 "target": "77", 
	 "label": "{'changeType': 'Preserve', 'type': 'reference', 'referenceTypeName': 'eContainingClass'}" 
},{
	 "source": "78", 
	 "target": "73", 
	 "label": "{'changeType': 'Preserve', 'type': 'reference', 'referenceTypeName': 'eStructuralFeatures'}" 
},{
	 "source": "73", 
	 "target": "78", 
	 "label": "{'changeType': 'Preserve', 'type': 'reference', 'referenceTypeName': 'eContainingClass'}" 
},{
	 "source": "79", 
	 "target": "73", 
	 "label": "{'changeType': 'Preserve', 'type': 'reference', 'referenceTypeName': 'eStructuralFeatures'}" 
},{
	 "source": "73", 
	 "target": "79", 
	 "label": "{'changeType': 'Preserve', 'type': 'reference', 'referenceTypeName': 'eContainingClass'}" 
},{
	 "source": "80", 
	 "target": "73", 
	 "label": "{'changeType': 'Preserve', 'type': 'reference', 'referenceTypeName': 'eStructuralFeatures'}" 
},{
	 "source": "73", 
	 "target": "80", 
	 "label": "{'changeType': 'Preserve', 'type': 'reference', 'referenceTypeName': 'eContainingClass'}" 
},{
	 "source": "81", 
	 "target": "73", 
	 "label": "{'changeType': 'Preserve', 'type': 'reference', 'referenceTypeName': 'eStructuralFeatures'}" 
},{
	 "source": "73", 
	 "target": "81", 
	 "label": "{'changeType': 'Preserve', 'type': 'reference', 'referenceTypeName': 'eContainingClass'}" 
},{
	 "source": "82", 
	 "target": "73", 
	 "label": "{'changeType': 'Preserve', 'type': 'reference', 'referenceTypeName': 'eStructuralFeatures'}" 
},{
	 "source": "73", 
	 "target": "82", 
	 "label": "{'changeType': 'Preserve', 'type': 'reference', 'referenceTypeName': 'eContainingClass'}" 
},{
	 "source": "83", 
	 "target": "2", 
	 "label": "{'changeType': 'Preserve', 'type': 'reference', 'referenceTypeName': 'eClassifiers'}" 
},{
	 "source": "2", 
	 "target": "83", 
	 "label": "{'changeType': 'Preserve', 'type': 'reference', 'referenceTypeName': 'ePackage'}" 
},{
	 "source": "84", 
	 "target": "2", 
	 "label": "{'changeType': 'Preserve', 'type': 'reference', 'referenceTypeName': 'eClassifiers'}" 
},{
	 "source": "2", 
	 "target": "84", 
	 "label": "{'changeType': 'Preserve', 'type': 'reference', 'referenceTypeName': 'ePackage'}" 
},{
	 "source": "85", 
	 "target": "84", 
	 "label": "{'changeType': 'Preserve', 'type': 'reference', 'referenceTypeName': 'eStructuralFeatures'}" 
},{
	 "source": "84", 
	 "target": "85", 
	 "label": "{'changeType': 'Preserve', 'type': 'reference', 'referenceTypeName': 'eContainingClass'}" 
},{
	 "source": "86", 
	 "target": "84", 
	 "label": "{'changeType': 'Preserve', 'type': 'reference', 'referenceTypeName': 'eStructuralFeatures'}" 
},{
	 "source": "84", 
	 "target": "86", 
	 "label": "{'changeType': 'Preserve', 'type': 'reference', 'referenceTypeName': 'eContainingClass'}" 
},{
	 "source": "87", 
	 "target": "2", 
	 "label": "{'changeType': 'Preserve', 'type': 'reference', 'referenceTypeName': 'eClassifiers'}" 
},{
	 "source": "2", 
	 "target": "87", 
	 "label": "{'changeType': 'Preserve', 'type': 'reference', 'referenceTypeName': 'ePackage'}" 
},{
	 "source": "88", 
	 "target": "87", 
	 "label": "{'changeType': 'Preserve', 'type': 'reference', 'referenceTypeName': 'eStructuralFeatures'}" 
},{
	 "source": "87", 
	 "target": "88", 
	 "label": "{'changeType': 'Preserve', 'type': 'reference', 'referenceTypeName': 'eContainingClass'}" 
},{
	 "source": "89", 
	 "target": "87", 
	 "label": "{'changeType': 'Preserve', 'type': 'reference', 'referenceTypeName': 'eStructuralFeatures'}" 
},{
	 "source": "87", 
	 "target": "89", 
	 "label": "{'changeType': 'Preserve', 'type': 'reference', 'referenceTypeName': 'eContainingClass'}" 
},{
	 "source": "90", 
	 "target": "2", 
	 "label": "{'changeType': 'Preserve', 'type': 'reference', 'referenceTypeName': 'eClassifiers'}" 
},{
	 "source": "2", 
	 "target": "90", 
	 "label": "{'changeType': 'Preserve', 'type': 'reference', 'referenceTypeName': 'ePackage'}" 
},{
	 "source": "91", 
	 "target": "90", 
	 "label": "{'changeType': 'Preserve', 'type': 'reference', 'referenceTypeName': 'eStructuralFeatures'}" 
},{
	 "source": "90", 
	 "target": "91", 
	 "label": "{'changeType': 'Preserve', 'type': 'reference', 'referenceTypeName': 'eContainingClass'}" 
},{
	 "source": "92", 
	 "target": "2", 
	 "label": "{'changeType': 'Preserve', 'type': 'reference', 'referenceTypeName': 'eClassifiers'}" 
},{
	 "source": "2", 
	 "target": "92", 
	 "label": "{'changeType': 'Preserve', 'type': 'reference', 'referenceTypeName': 'ePackage'}" 
},{
	 "source": "93", 
	 "target": "92", 
	 "label": "{'changeType': 'Preserve', 'type': 'reference', 'referenceTypeName': 'eStructuralFeatures'}" 
},{
	 "source": "92", 
	 "target": "93", 
	 "label": "{'changeType': 'Preserve', 'type': 'reference', 'referenceTypeName': 'eContainingClass'}" 
},{
	 "source": "94", 
	 "target": "2", 
	 "label": "{'changeType': 'Preserve', 'type': 'reference', 'referenceTypeName': 'eClassifiers'}" 
},{
	 "source": "2", 
	 "target": "94", 
	 "label": "{'changeType': 'Preserve', 'type': 'reference', 'referenceTypeName': 'ePackage'}" 
},{
	 "source": "95", 
	 "target": "94", 
	 "label": "{'changeType': 'Preserve', 'type': 'reference', 'referenceTypeName': 'eStructuralFeatures'}" 
},{
	 "source": "94", 
	 "target": "95", 
	 "label": "{'changeType': 'Preserve', 'type': 'reference', 'referenceTypeName': 'eContainingClass'}" 
},{
	 "source": "96", 
	 "target": "94", 
	 "label": "{'changeType': 'Preserve', 'type': 'reference', 'referenceTypeName': 'eStructuralFeatures'}" 
},{
	 "source": "94", 
	 "target": "96", 
	 "label": "{'changeType': 'Preserve', 'type': 'reference', 'referenceTypeName': 'eContainingClass'}" 
},{
	 "source": "97", 
	 "target": "94", 
	 "label": "{'changeType': 'Preserve', 'type': 'reference', 'referenceTypeName': 'eStructuralFeatures'}" 
},{
	 "source": "94", 
	 "target": "97", 
	 "label": "{'changeType': 'Preserve', 'type': 'reference', 'referenceTypeName': 'eContainingClass'}" 
},{
	 "source": "98", 
	 "target": "2", 
	 "label": "{'changeType': 'Preserve', 'type': 'reference', 'referenceTypeName': 'eClassifiers'}" 
},{
	 "source": "2", 
	 "target": "98", 
	 "label": "{'changeType': 'Preserve', 'type': 'reference', 'referenceTypeName': 'ePackage'}" 
},{
	 "source": "99", 
	 "target": "98", 
	 "label": "{'changeType': 'Preserve', 'type': 'reference', 'referenceTypeName': 'eStructuralFeatures'}" 
},{
	 "source": "98", 
	 "target": "99", 
	 "label": "{'changeType': 'Preserve', 'type': 'reference', 'referenceTypeName': 'eContainingClass'}" 
},{
	 "source": "100", 
	 "target": "98", 
	 "label": "{'changeType': 'Preserve', 'type': 'reference', 'referenceTypeName': 'eStructuralFeatures'}" 
},{
	 "source": "98", 
	 "target": "100", 
	 "label": "{'changeType': 'Preserve', 'type': 'reference', 'referenceTypeName': 'eContainingClass'}" 
},{
	 "source": "101", 
	 "target": "2", 
	 "label": "{'changeType': 'Preserve', 'type': 'reference', 'referenceTypeName': 'eClassifiers'}" 
},{
	 "source": "2", 
	 "target": "101", 
	 "label": "{'changeType': 'Preserve', 'type': 'reference', 'referenceTypeName': 'ePackage'}" 
},{
	 "source": "102", 
	 "target": "101", 
	 "label": "{'changeType': 'Preserve', 'type': 'reference', 'referenceTypeName': 'eLiterals'}" 
},{
	 "source": "101", 
	 "target": "102", 
	 "label": "{'changeType': 'Preserve', 'type': 'reference', 'referenceTypeName': 'eEnum'}" 
},{
	 "source": "103", 
	 "target": "101", 
	 "label": "{'changeType': 'Preserve', 'type': 'reference', 'referenceTypeName': 'eLiterals'}" 
},{
	 "source": "101", 
	 "target": "103", 
	 "label": "{'changeType': 'Preserve', 'type': 'reference', 'referenceTypeName': 'eEnum'}" 
},{
	 "source": "104", 
	 "target": "101", 
	 "label": "{'changeType': 'Preserve', 'type': 'reference', 'referenceTypeName': 'eLiterals'}" 
},{
	 "source": "101", 
	 "target": "104", 
	 "label": "{'changeType': 'Preserve', 'type': 'reference', 'referenceTypeName': 'eEnum'}" 
},{
	 "source": "105", 
	 "target": "2", 
	 "label": "{'changeType': 'Preserve', 'type': 'reference', 'referenceTypeName': 'eClassifiers'}" 
},{
	 "source": "2", 
	 "target": "105", 
	 "label": "{'changeType': 'Preserve', 'type': 'reference', 'referenceTypeName': 'ePackage'}" 
},{
	 "source": "106", 
	 "target": "105", 
	 "label": "{'changeType': 'Preserve', 'type': 'reference', 'referenceTypeName': 'eLiterals'}" 
},{
	 "source": "105", 
	 "target": "106", 
	 "label": "{'changeType': 'Preserve', 'type': 'reference', 'referenceTypeName': 'eEnum'}" 
},{
	 "source": "107", 
	 "target": "105", 
	 "label": "{'changeType': 'Preserve', 'type': 'reference', 'referenceTypeName': 'eLiterals'}" 
},{
	 "source": "105", 
	 "target": "107", 
	 "label": "{'changeType': 'Preserve', 'type': 'reference', 'referenceTypeName': 'eEnum'}" 
},{
	 "source": "108", 
	 "target": "105", 
	 "label": "{'changeType': 'Preserve', 'type': 'reference', 'referenceTypeName': 'eLiterals'}" 
},{
	 "source": "105", 
	 "target": "108", 
	 "label": "{'changeType': 'Preserve', 'type': 'reference', 'referenceTypeName': 'eEnum'}" 
},{
	 "source": "109", 
	 "target": "2", 
	 "label": "{'changeType': 'Preserve', 'type': 'reference', 'referenceTypeName': 'eClassifiers'}" 
},{
	 "source": "2", 
	 "target": "109", 
	 "label": "{'changeType': 'Preserve', 'type': 'reference', 'referenceTypeName': 'ePackage'}" 
},{
	 "source": "110", 
	 "target": "109", 
	 "label": "{'changeType': 'Preserve', 'type': 'reference', 'referenceTypeName': 'eLiterals'}" 
},{
	 "source": "109", 
	 "target": "110", 
	 "label": "{'changeType': 'Preserve', 'type': 'reference', 'referenceTypeName': 'eEnum'}" 
},{
	 "source": "111", 
	 "target": "109", 
	 "label": "{'changeType': 'Preserve', 'type': 'reference', 'referenceTypeName': 'eLiterals'}" 
},{
	 "source": "109", 
	 "target": "111", 
	 "label": "{'changeType': 'Preserve', 'type': 'reference', 'referenceTypeName': 'eEnum'}" 
},{
	 "source": "112", 
	 "target": "109", 
	 "label": "{'changeType': 'Preserve', 'type': 'reference', 'referenceTypeName': 'eLiterals'}" 
},{
	 "source": "109", 
	 "target": "112", 
	 "label": "{'changeType': 'Preserve', 'type': 'reference', 'referenceTypeName': 'eEnum'}" 
},{
	 "source": "113", 
	 "target": "109", 
	 "label": "{'changeType': 'Preserve', 'type': 'reference', 'referenceTypeName': 'eLiterals'}" 
},{
	 "source": "109", 
	 "target": "113", 
	 "label": "{'changeType': 'Preserve', 'type': 'reference', 'referenceTypeName': 'eEnum'}" 
},{
	 "source": "114", 
	 "target": "2", 
	 "label": "{'changeType': 'Preserve', 'type': 'reference', 'referenceTypeName': 'eClassifiers'}" 
},{
	 "source": "2", 
	 "target": "114", 
	 "label": "{'changeType': 'Preserve', 'type': 'reference', 'referenceTypeName': 'ePackage'}" 
}]}