{"directed": true, "multigraph": false, "graph": {}, 
  "nodes": [{
	 "id": "0", 
	 "label": "{'changeType': 'Delete', 'type': 'object', 'className': 'EStringToStringMapEntry', 'attributes': {'id': '_X6RtQ96tEei97MD7GK1RmA', 'key':'constraints','value':'JavaTestExistsForScenarioConstraint'}}" 
},{
	 "id": "1", 
	 "label": "{'changeType': 'Delete', 'type': 'object', 'className': 'EAnnotation', 'attributes': {'id': '_X6RtQt6tEei97MD7GK1RmA', 'source':'http://www.eclipse.org/emf/2002/Ecore','details':['org.eclipse.emf.ecore.impl.EStringToStringMapEntryImpl@71e4a138 (key: constraints, value: JavaTestExistsForScenarioConstraint)'],'eModelElement':'Scenario','references':['Scenario']}}" 
},{
	 "id": "2", 
	 "label": "{'changeType': 'Preserve', 'type': 'object', 'className': 'EClass', 'attributes': {'id': '_XcT-4d6tEei97MD7GK1RmA', 'eAnnotations':['org.eclipse.emf.ecore.impl.EAnnotationImpl@67e6ace0 (source: http://www.eclipse.org/emf/2002/Ecore)'],'name':'Scenario','ePackage':'modelingBot','abstract':'false','interface':'false','eGenericSuperTypes':['org.eclipse.emf.ecore.impl.EGenericTypeImpl@3a87ad00 (expression: Sequence)']}}" 
},{
	 "id": "3", 
	 "label": "{'changeType': 'Delete', 'type': 'object', 'className': 'EAttribute', 'attributes': {'id': '_X7B7VN6tEei97MD7GK1RmA', 'name':'propertiesEditionElementURI','ordered':'true','unique':'true','lowerBound':'0','upperBound':'1','many':'false','required':'false','eType':'EString','eGenericType':'org.eclipse.emf.ecore.impl.EGenericTypeImpl@2a52cd41 (expression: EString)','changeable':'true','volatile':'false','transient':'false','unsettable':'false','derived':'false','eContainingClass':'EditAction','iD':'false','eAttributeType':'EString'}}" 
},{
	 "id": "4", 
	 "label": "{'changeType': 'Preserve', 'type': 'object', 'className': 'EClass', 'attributes': {'id': '_XcT--N6tEei97MD7GK1RmA', 'name':'EditAction','ePackage':'EEFActions','abstract':'true','interface':'false','eIDAttribute':'referenceName','eStructuralFeatures':['propertiesEditionElement','propertiesEditionElementURI','computedPropertiesEditionElement','referenceableObject'],'eGenericSuperTypes':['org.eclipse.emf.ecore.impl.EGenericTypeImpl@724265e9 (expression: EEFAction)','org.eclipse.emf.ecore.impl.EGenericTypeImpl@740ac7c2 (expression: ReferenceableObject)']}}" 
},{
	 "id": "5", 
	 "label": "{'changeType': 'Delete', 'type': 'object', 'className': 'EReference', 'attributes': {'id': '_X7B7Vt6tEei97MD7GK1RmA', 'name':'computedPropertiesEditionElement','ordered':'true','unique':'true','lowerBound':'0','upperBound':'1','many':'false','required':'false','eType':'PropertiesEditionElement','eGenericType':'org.eclipse.emf.ecore.impl.EGenericTypeImpl@86230e7 (expression: PropertiesEditionElement)','changeable':'false','volatile':'true','transient':'true','unsettable':'false','derived':'true','eContainingClass':'EditAction','containment':'false','container':'false','resolveProxies':'true','eReferenceType':'PropertiesEditionElement'}}" 
},{
	 "id": "6", 
	 "label": "{'changeType': 'Delete', 'type': 'object', 'className': 'EAttribute', 'attributes': {'id': '_X7B7Xt6tEei97MD7GK1RmA', 'name':'typeURI','ordered':'true','unique':'true','lowerBound':'0','upperBound':'1','many':'false','required':'false','eType':'EString','eGenericType':'org.eclipse.emf.ecore.impl.EGenericTypeImpl@6fa1add0 (expression: EString)','changeable':'true','volatile':'false','transient':'false','unsettable':'false','derived':'false','eContainingClass':'Add','iD':'false','eAttributeType':'EString'}}" 
},{
	 "id": "7", 
	 "label": "{'changeType': 'Preserve', 'type': 'object', 'className': 'EClass', 'attributes': {'id': '_XcT_AN6tEei97MD7GK1RmA', 'name':'Add','ePackage':'EEFActions','abstract':'false','interface':'false','eIDAttribute':'referenceName','eStructuralFeatures':['type','typeURI','computedType','eContainingFeature','eContainingFeatureURI','computedEContainingFeature'],'eGenericSuperTypes':['org.eclipse.emf.ecore.impl.EGenericTypeImpl@a0da870 (expression: EditAction)']}}" 
},{
	 "id": "8", 
	 "label": "{'changeType': 'Delete', 'type': 'object', 'className': 'EReference', 'attributes': {'id': '_X7B7YN6tEei97MD7GK1RmA', 'name':'computedType','ordered':'true','unique':'true','lowerBound':'1','upperBound':'1','many':'false','required':'true','eType':'EClass','eGenericType':'org.eclipse.emf.ecore.impl.EGenericTypeImpl@7f43ada (expression: EClass)','changeable':'false','volatile':'true','transient':'true','unsettable':'false','derived':'true','eContainingClass':'Add','containment':'false','container':'false','resolveProxies':'true','eReferenceType':'EClass'}}" 
},{
	 "id": "9", 
	 "label": "{'changeType': 'Delete', 'type': 'object', 'className': 'EAttribute', 'attributes': {'id': '_X7B7ZN6tEei97MD7GK1RmA', 'name':'eContainingFeatureURI','ordered':'true','unique':'true','lowerBound':'0','upperBound':'1','many':'false','required':'false','eType':'EString','eGenericType':'org.eclipse.emf.ecore.impl.EGenericTypeImpl@212068c4 (expression: EString)','changeable':'true','volatile':'false','transient':'false','unsettable':'false','derived':'false','eContainingClass':'Add','iD':'false','eAttributeType':'EString'}}" 
},{
	 "id": "10", 
	 "label": "{'changeType': 'Delete', 'type': 'object', 'className': 'EReference', 'attributes': {'id': '_X7B7Zt6tEei97MD7GK1RmA', 'name':'computedEContainingFeature','ordered':'true','unique':'true','lowerBound':'1','upperBound':'1','many':'false','required':'true','eType':'EStructuralFeature','eGenericType':'org.eclipse.emf.ecore.impl.EGenericTypeImpl@2c5ef721 (expression: EStructuralFeature)','changeable':'false','volatile':'true','transient':'true','unsettable':'false','derived':'true','eContainingClass':'Add','containment':'false','container':'false','resolveProxies':'true','eReferenceType':'EStructuralFeature'}}" 
},{
	 "id": "11", 
	 "label": "{'changeType': 'Delete', 'type': 'object', 'className': 'EAttribute', 'attributes': {'id': '_X86xzd6tEei97MD7GK1RmA', 'name':'eContainingFeatureURI','ordered':'true','unique':'true','lowerBound':'0','upperBound':'1','many':'false','required':'false','eType':'EString','eGenericType':'org.eclipse.emf.ecore.impl.EGenericTypeImpl@54f16acc (expression: EString)','changeable':'true','volatile':'false','transient':'false','unsettable':'false','derived':'false','eContainingClass':'SetAttribute','iD':'false','eAttributeType':'EString'}}" 
},{
	 "id": "12", 
	 "label": "{'changeType': 'Preserve', 'type': 'object', 'className': 'EClass', 'attributes': {'id': '_XcT_At6tEei97MD7GK1RmA', 'name':'SetAttribute','ePackage':'EEFActions','abstract':'false','interface':'false','eIDAttribute':'referenceName','eStructuralFeatures':['values','eContainingFeature','eContainingFeatureURI','computedEContainingFeature'],'eGenericSuperTypes':['org.eclipse.emf.ecore.impl.EGenericTypeImpl@6135fba9 (expression: EditAction)']}}" 
},{
	 "id": "13", 
	 "label": "{'changeType': 'Delete', 'type': 'object', 'className': 'EReference', 'attributes': {'id': '_X86xz96tEei97MD7GK1RmA', 'name':'computedEContainingFeature','ordered':'true','unique':'true','lowerBound':'1','upperBound':'1','many':'false','required':'true','eType':'EStructuralFeature','eGenericType':'org.eclipse.emf.ecore.impl.EGenericTypeImpl@28e4cda3 (expression: EStructuralFeature)','changeable':'false','volatile':'true','transient':'true','unsettable':'false','derived':'true','eContainingClass':'SetAttribute','containment':'false','container':'false','resolveProxies':'true','eReferenceType':'EStructuralFeature'}}" 
},{
	 "id": "14", 
	 "label": "{'changeType': 'Delete', 'type': 'object', 'className': 'EReference', 'attributes': {'id': '_X7B7q96tEei97MD7GK1RmA', 'name':'computedRoot','ordered':'true','unique':'true','lowerBound':'1','upperBound':'1','many':'false','required':'true','eType':'EClass','eGenericType':'org.eclipse.emf.ecore.impl.EGenericTypeImpl@6191a5e7 (expression: EClass)','changeable':'false','volatile':'true','transient':'true','unsettable':'false','derived':'true','eContainingClass':'CreateModel','containment':'false','container':'false','resolveProxies':'true','eReferenceType':'EClass'}}" 
},{
	 "id": "15", 
	 "label": "{'changeType': 'Preserve', 'type': 'object', 'className': 'EClass', 'attributes': {'id': '_XcT_I96tEei97MD7GK1RmA', 'name':'CreateModel','ePackage':'EclipseActions','abstract':'false','interface':'false','eIDAttribute':'referenceName','eStructuralFeatures':['modelName','path','root','computedRoot','rootURI'],'eGenericSuperTypes':['org.eclipse.emf.ecore.impl.EGenericTypeImpl@722e1183 (expression: EclipseAction)','org.eclipse.emf.ecore.impl.EGenericTypeImpl@3431eb18 (expression: ReferenceableObject)']}}" 
},{
	 "id": "16", 
	 "label": "{'changeType': 'Delete', 'type': 'object', 'className': 'EAttribute', 'attributes': {'id': '_X7B7rd6tEei97MD7GK1RmA', 'name':'rootURI','ordered':'true','unique':'true','lowerBound':'0','upperBound':'1','many':'false','required':'false','eType':'EString','eGenericType':'org.eclipse.emf.ecore.impl.EGenericTypeImpl@64cb328c (expression: EString)','changeable':'true','volatile':'false','transient':'false','unsettable':'false','derived':'false','eContainingClass':'CreateModel','iD':'false','eAttributeType':'EString'}}" 
},{
	 "id": "17", 
	 "label": "{'changeType': 'Preserve', 'type': 'object', 'className': 'EAttribute', 'attributes': {'id': '_XcT_Ed6tEei97MD7GK1RmA', 'name':'projectName','ordered':'true','unique':'true','lowerBound':'1','upperBound':'1','many':'false','required':'true','eType':'EString','eGenericType':'org.eclipse.emf.ecore.impl.EGenericTypeImpl@565f569f (expression: EString)','changeable':'true','volatile':'false','transient':'false','unsettable':'false','derived':'false','eContainingClass':'CreateProject','iD':'false','eAttributeType':'EString'}}" 
},{
	 "id": "18", 
	 "label": "{'changeType': 'Change', 'type': 'attributeValue', 'className': 'EAttribute', 'attributeName': 'lowerBound', 'valueBefore': '0', 'valueAfter': '1', 'attributes': {'id': '_XcT_Ed6tEei97MD7GK1RmA_0'}}" 
},{
	 "id": "19", 
	 "label": "{'changeType': 'Preserve', 'type': 'object', 'className': 'EAttribute', 'attributes': {'id': '_XcT_JN6tEei97MD7GK1RmA', 'name':'modelName','ordered':'true','unique':'true','lowerBound':'1','upperBound':'1','many':'false','required':'true','eType':'EString','eGenericType':'org.eclipse.emf.ecore.impl.EGenericTypeImpl@68119d29 (expression: EString)','changeable':'true','volatile':'false','transient':'false','unsettable':'false','derived':'false','eContainingClass':'CreateModel','iD':'false','eAttributeType':'EString'}}" 
},{
	 "id": "20", 
	 "label": "{'changeType': 'Change', 'type': 'attributeValue', 'className': 'EAttribute', 'attributeName': 'lowerBound', 'valueBefore': '0', 'valueAfter': '1', 'attributes': {'id': '_XcT_JN6tEei97MD7GK1RmA_1'}}" 
},{
	 "id": "21", 
	 "label": "{'changeType': 'Preserve', 'type': 'object', 'className': 'EAttribute', 'attributes': {'id': '_XcT_Jt6tEei97MD7GK1RmA', 'name':'path','ordered':'true','unique':'true','lowerBound':'1','upperBound':'1','many':'false','required':'true','eType':'EString','eGenericType':'org.eclipse.emf.ecore.impl.EGenericTypeImpl@51e364d4 (expression: EString)','changeable':'true','volatile':'false','transient':'false','unsettable':'false','derived':'false','eContainingClass':'CreateModel','iD':'false','eAttributeType':'EString'}}" 
},{
	 "id": "22", 
	 "label": "{'changeType': 'Change', 'type': 'attributeValue', 'className': 'EAttribute', 'attributeName': 'lowerBound', 'valueBefore': '0', 'valueAfter': '1', 'attributes': {'id': '_XcT_Jt6tEei97MD7GK1RmA_2'}}" 
},{
	 "id": "23", 
	 "label": "{'changeType': 'Preserve', 'type': 'object', 'className': 'EPackage', 'attributes': {'id': '_XcT-4N6tEei97MD7GK1RmA', 'name':'modelingBot','nsURI':'http://www.eclipse.org/emf/eef/mbot/1.0.0','nsPrefix':'eef-mbot','eFactoryInstance':'org.eclipse.emf.ecore.impl.EFactoryImpl@7e4c0140','eClassifiers':['Scenario','Action','Sequence','Wizard','DocumentedElement','ModelingBot','DetailsPage','PropertiesView','Processing','SequenceType'],'eSubpackages':['EEFActions','EclipseActions']}}" 
},{
	 "id": "24", 
	 "label": "{'changeType': 'Preserve', 'type': 'object', 'className': 'EClass', 'attributes': {'id': '_XcT-4t6tEei97MD7GK1RmA', 'name':'Action','ePackage':'modelingBot','abstract':'true','interface':'false','eGenericSuperTypes':['org.eclipse.emf.ecore.impl.EGenericTypeImpl@56d5992a (expression: DocumentedElement)','org.eclipse.emf.ecore.impl.EGenericTypeImpl@5f3867cb (expression: Processing)']}}" 
},{
	 "id": "25", 
	 "label": "{'changeType': 'Preserve', 'type': 'object', 'className': 'EClass', 'attributes': {'id': '_XcT-496tEei97MD7GK1RmA', 'name':'Sequence','ePackage':'modelingBot','abstract':'true','interface':'false','eStructuralFeatures':['actions','sequences','processings'],'eGenericSuperTypes':['org.eclipse.emf.ecore.impl.EGenericTypeImpl@62da61f2 (expression: DocumentedElement)','org.eclipse.emf.ecore.impl.EGenericTypeImpl@65b23f04 (expression: Processing)']}}" 
},{
	 "id": "26", 
	 "label": "{'changeType': 'Preserve', 'type': 'object', 'className': 'EReference', 'attributes': {'id': '_XcT-5N6tEei97MD7GK1RmA', 'name':'actions','ordered':'true','unique':'true','lowerBound':'0','upperBound':'-1','many':'true','required':'false','eType':'Action','eGenericType':'org.eclipse.emf.ecore.impl.EGenericTypeImpl@d23d9ac (expression: Action)','changeable':'true','volatile':'false','transient':'true','unsettable':'false','derived':'true','eContainingClass':'Sequence','containment':'true','container':'false','resolveProxies':'true','eReferenceType':'Action'}}" 
},{
	 "id": "27", 
	 "label": "{'changeType': 'Preserve', 'type': 'object', 'className': 'EReference', 'attributes': {'id': '_XcT-5d6tEei97MD7GK1RmA', 'name':'sequences','ordered':'true','unique':'true','lowerBound':'0','upperBound':'-1','many':'true','required':'false','eType':'Sequence','eGenericType':'org.eclipse.emf.ecore.impl.EGenericTypeImpl@47b90cb9 (expression: Sequence)','changeable':'true','volatile':'false','transient':'true','unsettable':'false','derived':'true','eContainingClass':'Sequence','containment':'true','container':'false','resolveProxies':'true','eReferenceType':'Sequence'}}" 
},{
	 "id": "28", 
	 "label": "{'changeType': 'Preserve', 'type': 'object', 'className': 'EReference', 'attributes': {'id': '_XcT-5t6tEei97MD7GK1RmA', 'name':'processings','ordered':'true','unique':'true','lowerBound':'0','upperBound':'-1','many':'true','required':'false','eType':'Processing','eGenericType':'org.eclipse.emf.ecore.impl.EGenericTypeImpl@1f54e651 (expression: Processing)','changeable':'true','volatile':'false','transient':'false','unsettable':'false','derived':'false','eContainingClass':'Sequence','containment':'true','container':'false','resolveProxies':'true','eReferenceType':'Processing'}}" 
},{
	 "id": "29", 
	 "label": "{'changeType': 'Preserve', 'type': 'object', 'className': 'EClass', 'attributes': {'id': '_XcT-596tEei97MD7GK1RmA', 'name':'Wizard','ePackage':'modelingBot','abstract':'false','interface':'false','eStructuralFeatures':['referenceableObject'],'eGenericSuperTypes':['org.eclipse.emf.ecore.impl.EGenericTypeImpl@61fcbac0 (expression: Sequence)']}}" 
},{
	 "id": "30", 
	 "label": "{'changeType': 'Preserve', 'type': 'object', 'className': 'EReference', 'attributes': {'id': '_X17YyN6tEei97MD7GK1RmA', 'name':'referenceableObject','ordered':'true','unique':'true','lowerBound':'0','upperBound':'1','many':'false','required':'false','eType':'ReferenceableObject','eGenericType':'org.eclipse.emf.ecore.impl.EGenericTypeImpl@52fe6897 (expression: ReferenceableObject)','changeable':'true','volatile':'false','transient':'false','unsettable':'false','derived':'false','eContainingClass':'Wizard','containment':'false','container':'false','resolveProxies':'true','eReferenceType':'ReferenceableObject'}}" 
},{
	 "id": "31", 
	 "label": "{'changeType': 'Preserve', 'type': 'object', 'className': 'EClass', 'attributes': {'id': '_XcT-6N6tEei97MD7GK1RmA', 'name':'DocumentedElement','ePackage':'modelingBot','abstract':'true','interface':'false','eStructuralFeatures':['name','documentation']}}" 
},{
	 "id": "32", 
	 "label": "{'changeType': 'Preserve', 'type': 'object', 'className': 'EAttribute', 'attributes': {'id': '_XcT-6d6tEei97MD7GK1RmA', 'name':'name','ordered':'true','unique':'true','lowerBound':'0','upperBound':'1','many':'false','required':'false','eType':'EString','eGenericType':'org.eclipse.emf.ecore.impl.EGenericTypeImpl@397b6b (expression: EString)','changeable':'true','volatile':'false','transient':'false','unsettable':'false','derived':'false','eContainingClass':'DocumentedElement','iD':'false','eAttributeType':'EString'}}" 
},{
	 "id": "33", 
	 "label": "{'changeType': 'Preserve', 'type': 'object', 'className': 'EAttribute', 'attributes': {'id': '_XcT-696tEei97MD7GK1RmA', 'name':'documentation','ordered':'true','unique':'true','lowerBound':'0','upperBound':'1','many':'false','required':'false','eType':'EString','eGenericType':'org.eclipse.emf.ecore.impl.EGenericTypeImpl@4e67e179 (expression: EString)','changeable':'true','volatile':'false','transient':'false','unsettable':'false','derived':'false','eContainingClass':'DocumentedElement','iD':'false','eAttributeType':'EString'}}" 
},{
	 "id": "34", 
	 "label": "{'changeType': 'Preserve', 'type': 'object', 'className': 'EClass', 'attributes': {'id': '_XcT-7d6tEei97MD7GK1RmA', 'name':'ModelingBot','ePackage':'modelingBot','abstract':'false','interface':'false','eStructuralFeatures':['propertiesEditionContext','sequences']}}" 
},{
	 "id": "35", 
	 "label": "{'changeType': 'Preserve', 'type': 'object', 'className': 'EReference', 'attributes': {'id': '_XcT-7t6tEei97MD7GK1RmA', 'name':'propertiesEditionContext','ordered':'true','unique':'true','lowerBound':'0','upperBound':'1','many':'false','required':'false','eType':'PropertiesEditionContext','eGenericType':'org.eclipse.emf.ecore.impl.EGenericTypeImpl@2bdb8687 (expression: PropertiesEditionContext)','changeable':'true','volatile':'false','transient':'false','unsettable':'false','derived':'false','eContainingClass':'ModelingBot','containment':'false','container':'false','resolveProxies':'true','eReferenceType':'PropertiesEditionContext'}}" 
},{
	 "id": "36", 
	 "label": "{'changeType': 'Preserve', 'type': 'object', 'className': 'EReference', 'attributes': {'id': '_XcT-8N6tEei97MD7GK1RmA', 'name':'sequences','ordered':'true','unique':'true','lowerBound':'0','upperBound':'-1','many':'true','required':'false','eType':'Sequence','eGenericType':'org.eclipse.emf.ecore.impl.EGenericTypeImpl@4e5cbfc0 (expression: Sequence)','changeable':'true','volatile':'false','transient':'false','unsettable':'false','derived':'false','eContainingClass':'ModelingBot','containment':'true','container':'false','resolveProxies':'true','eReferenceType':'Sequence'}}" 
},{
	 "id": "37", 
	 "label": "{'changeType': 'Preserve', 'type': 'object', 'className': 'EClass', 'attributes': {'id': '_XcT-8d6tEei97MD7GK1RmA', 'name':'DetailsPage','ePackage':'modelingBot','abstract':'false','interface':'false','eGenericSuperTypes':['org.eclipse.emf.ecore.impl.EGenericTypeImpl@28a98f66 (expression: Sequence)']}}" 
},{
	 "id": "38", 
	 "label": "{'changeType': 'Preserve', 'type': 'object', 'className': 'EClass', 'attributes': {'id': '_XcT-8t6tEei97MD7GK1RmA', 'name':'PropertiesView','ePackage':'modelingBot','abstract':'false','interface':'false','eStructuralFeatures':['id'],'eGenericSuperTypes':['org.eclipse.emf.ecore.impl.EGenericTypeImpl@6fbf4a90 (expression: Sequence)']}}" 
},{
	 "id": "39", 
	 "label": "{'changeType': 'Preserve', 'type': 'object', 'className': 'EAttribute', 'attributes': {'id': '_XcT-896tEei97MD7GK1RmA', 'name':'id','ordered':'true','unique':'true','lowerBound':'0','upperBound':'1','many':'false','required':'false','eType':'EString','eGenericType':'org.eclipse.emf.ecore.impl.EGenericTypeImpl@5ac43cd4 (expression: EString)','changeable':'true','volatile':'false','transient':'false','unsettable':'false','derived':'false','eContainingClass':'PropertiesView','iD':'false','eAttributeType':'EString'}}" 
},{
	 "id": "40", 
	 "label": "{'changeType': 'Preserve', 'type': 'object', 'className': 'EClass', 'attributes': {'id': '_XcT-9d6tEei97MD7GK1RmA', 'name':'Processing','ePackage':'modelingBot','abstract':'true','interface':'true'}}" 
},{
	 "id": "41", 
	 "label": "{'changeType': 'Preserve', 'type': 'object', 'className': 'EEnum', 'attributes': {'id': '_XgnQJt6tEei97MD7GK1RmA', 'name':'SequenceType','defaultValue':'DETAILS_PAGE','ePackage':'modelingBot','serializable':'true','eLiterals':['DETAILS_PAGE','WIZARD','PROPERTIES_VIEW']}}" 
},{
	 "id": "42", 
	 "label": "{'changeType': 'Preserve', 'type': 'object', 'className': 'EEnumLiteral', 'attributes': {'id': '_XgnQJ96tEei97MD7GK1RmA', 'name':'DETAILS_PAGE','value':'0','instance':'DETAILS_PAGE','literal':'DETAILS_PAGE','eEnum':'SequenceType'}}" 
},{
	 "id": "43", 
	 "label": "{'changeType': 'Preserve', 'type': 'object', 'className': 'EEnumLiteral', 'attributes': {'id': '_XgnQKN6tEei97MD7GK1RmA', 'name':'WIZARD','value':'1','instance':'WIZARD','literal':'WIZARD','eEnum':'SequenceType'}}" 
},{
	 "id": "44", 
	 "label": "{'changeType': 'Preserve', 'type': 'object', 'className': 'EEnumLiteral', 'attributes': {'id': '_XgnQKd6tEei97MD7GK1RmA', 'name':'PROPERTIES_VIEW','value':'2','instance':'PROPERTIES_VIEW','literal':'PROPERTIES_VIEW','eEnum':'SequenceType'}}" 
},{
	 "id": "45", 
	 "label": "{'changeType': 'Preserve', 'type': 'object', 'className': 'EPackage', 'attributes': {'id': '_XcT-9t6tEei97MD7GK1RmA', 'name':'EEFActions','nsURI':'http://www.eclipse.org/emf/eef/test/EEFActions/1.0.0','nsPrefix':'eef-test','eFactoryInstance':'org.eclipse.emf.ecore.impl.EFactoryImpl@5159736','eClassifiers':['EEFAction','EditAction','Add','Remove','SetAttribute','UnsetAttribute','Unset','Cancel','Check','OpenEEFEditor','SetReference','UnsetReference','MoveUp','MoveDown'],'eSuperPackage':'modelingBot'}}" 
},{
	 "id": "46", 
	 "label": "{'changeType': 'Preserve', 'type': 'object', 'className': 'EClass', 'attributes': {'id': '_XcT-996tEei97MD7GK1RmA', 'name':'EEFAction','ePackage':'EEFActions','abstract':'true','interface':'false','eGenericSuperTypes':['org.eclipse.emf.ecore.impl.EGenericTypeImpl@3c8417dd (expression: Action)']}}" 
},{
	 "id": "47", 
	 "label": "{'changeType': 'Preserve', 'type': 'object', 'className': 'EReference', 'attributes': {'id': '_XcT--d6tEei97MD7GK1RmA', 'name':'propertiesEditionElement','ordered':'true','unique':'true','lowerBound':'0','upperBound':'1','many':'false','required':'false','eType':'PropertiesEditionElement','eGenericType':'org.eclipse.emf.ecore.impl.EGenericTypeImpl@694872a1 (expression: PropertiesEditionElement)','changeable':'true','volatile':'false','transient':'false','unsettable':'false','derived':'false','eContainingClass':'EditAction','containment':'false','container':'false','resolveProxies':'true','eReferenceType':'PropertiesEditionElement'}}" 
},{
	 "id": "48", 
	 "label": "{'changeType': 'Preserve', 'type': 'object', 'className': 'EReference', 'attributes': {'id': '_XcT--96tEei97MD7GK1RmA', 'name':'referenceableObject','ordered':'true','unique':'true','lowerBound':'0','upperBound':'1','many':'false','required':'false','eType':'ReferenceableObject','eGenericType':'org.eclipse.emf.ecore.impl.EGenericTypeImpl@1df13952 (expression: ReferenceableObject)','changeable':'true','volatile':'false','transient':'false','unsettable':'false','derived':'false','eContainingClass':'EditAction','containment':'false','container':'false','resolveProxies':'true','eReferenceType':'ReferenceableObject'}}" 
},{
	 "id": "49", 
	 "label": "{'changeType': 'Preserve', 'type': 'object', 'className': 'EReference', 'attributes': {'id': '_Xeizod6tEei97MD7GK1RmA', 'name':'type','ordered':'true','unique':'true','lowerBound':'0','upperBound':'1','many':'false','required':'false','eType':'EClass','eGenericType':'org.eclipse.emf.ecore.impl.EGenericTypeImpl@11df590c (expression: EClass)','changeable':'true','volatile':'false','transient':'false','unsettable':'false','derived':'false','eContainingClass':'Add','containment':'false','container':'false','resolveProxies':'true','eReferenceType':'EClass'}}" 
},{
	 "id": "50", 
	 "label": "{'changeType': 'Preserve', 'type': 'object', 'className': 'EReference', 'attributes': {'id': '_XfcLgt6tEei97MD7GK1RmA', 'name':'eContainingFeature','ordered':'true','unique':'true','lowerBound':'0','upperBound':'1','many':'false','required':'false','eType':'EStructuralFeature','eGenericType':'org.eclipse.emf.ecore.impl.EGenericTypeImpl@2b4b8f7e (expression: EStructuralFeature)','changeable':'true','volatile':'false','transient':'false','unsettable':'false','derived':'false','eContainingClass':'Add','containment':'false','container':'false','resolveProxies':'true','eReferenceType':'EStructuralFeature'}}" 
},{
	 "id": "51", 
	 "label": "{'changeType': 'Preserve', 'type': 'object', 'className': 'EClass', 'attributes': {'id': '_XcT_Ad6tEei97MD7GK1RmA', 'name':'Remove','ePackage':'EEFActions','abstract':'false','interface':'false','eIDAttribute':'referenceName','eGenericSuperTypes':['org.eclipse.emf.ecore.impl.EGenericTypeImpl@2c9c594d (expression: EditAction)']}}" 
},{
	 "id": "52", 
	 "label": "{'changeType': 'Preserve', 'type': 'object', 'className': 'EAttribute', 'attributes': {'id': '_X17Y696tEei97MD7GK1RmA', 'name':'values','ordered':'true','unique':'true','lowerBound':'0','upperBound':'-1','many':'true','required':'false','eType':'EString','eGenericType':'org.eclipse.emf.ecore.impl.EGenericTypeImpl@62084bdd (expression: EString)','changeable':'true','volatile':'false','transient':'false','unsettable':'false','derived':'false','eContainingClass':'SetAttribute','iD':'false','eAttributeType':'EString'}}" 
},{
	 "id": "53", 
	 "label": "{'changeType': 'Preserve', 'type': 'object', 'className': 'EReference', 'attributes': {'id': '_XfcLiN6tEei97MD7GK1RmA', 'name':'eContainingFeature','ordered':'true','unique':'true','lowerBound':'0','upperBound':'1','many':'false','required':'false','eType':'EStructuralFeature','eGenericType':'org.eclipse.emf.ecore.impl.EGenericTypeImpl@59f3628e (expression: EStructuralFeature)','changeable':'true','volatile':'false','transient':'false','unsettable':'false','derived':'false','eContainingClass':'SetAttribute','containment':'false','container':'false','resolveProxies':'true','eReferenceType':'EStructuralFeature'}}" 
},{
	 "id": "54", 
	 "label": "{'changeType': 'Preserve', 'type': 'object', 'className': 'EClass', 'attributes': {'id': '_X17Y796tEei97MD7GK1RmA', 'name':'UnsetAttribute','ePackage':'EEFActions','abstract':'false','interface':'false','eIDAttribute':'referenceName','eStructuralFeatures':['values','eContainingFeature'],'eGenericSuperTypes':['org.eclipse.emf.ecore.impl.EGenericTypeImpl@3f5a66de (expression: EditAction)']}}" 
},{
	 "id": "55", 
	 "label": "{'changeType': 'Preserve', 'type': 'object', 'className': 'EAttribute', 'attributes': {'id': '_X17Y8N6tEei97MD7GK1RmA', 'name':'values','ordered':'true','unique':'true','lowerBound':'0','upperBound':'-1','many':'true','required':'false','eType':'EString','eGenericType':'org.eclipse.emf.ecore.impl.EGenericTypeImpl@52545123 (expression: EString)','changeable':'true','volatile':'false','transient':'false','unsettable':'false','derived':'false','eContainingClass':'UnsetAttribute','iD':'false','eAttributeType':'EString'}}" 
},{
	 "id": "56", 
	 "label": "{'changeType': 'Preserve', 'type': 'object', 'className': 'EReference', 'attributes': {'id': '_X17Y8t6tEei97MD7GK1RmA', 'name':'eContainingFeature','ordered':'true','unique':'true','lowerBound':'0','upperBound':'1','many':'false','required':'false','eType':'EStructuralFeature','eGenericType':'org.eclipse.emf.ecore.impl.EGenericTypeImpl@48b8180d (expression: EStructuralFeature)','changeable':'true','volatile':'false','transient':'false','unsettable':'false','derived':'false','eContainingClass':'UnsetAttribute','containment':'false','container':'false','resolveProxies':'true','eReferenceType':'EStructuralFeature'}}" 
},{
	 "id": "57", 
	 "label": "{'changeType': 'Preserve', 'type': 'object', 'className': 'EClass', 'attributes': {'id': '_XcT_Bd6tEei97MD7GK1RmA', 'name':'Unset','ePackage':'EEFActions','abstract':'false','interface':'false','eIDAttribute':'referenceName','eStructuralFeatures':['feature'],'eGenericSuperTypes':['org.eclipse.emf.ecore.impl.EGenericTypeImpl@7c348f42 (expression: EditAction)']}}" 
},{
	 "id": "58", 
	 "label": "{'changeType': 'Preserve', 'type': 'object', 'className': 'EReference', 'attributes': {'id': '_XfcLi96tEei97MD7GK1RmA', 'name':'feature','ordered':'true','unique':'true','lowerBound':'0','upperBound':'1','many':'false','required':'false','eType':'EStructuralFeature','eGenericType':'org.eclipse.emf.ecore.impl.EGenericTypeImpl@17a963f6 (expression: EStructuralFeature)','changeable':'true','volatile':'false','transient':'false','unsettable':'false','derived':'false','eContainingClass':'Unset','containment':'false','container':'false','resolveProxies':'true','eReferenceType':'EStructuralFeature'}}" 
},{
	 "id": "59", 
	 "label": "{'changeType': 'Preserve', 'type': 'object', 'className': 'EClass', 'attributes': {'id': '_XcT_Bt6tEei97MD7GK1RmA', 'name':'Cancel','ePackage':'EEFActions','abstract':'false','interface':'false','eStructuralFeatures':['processing'],'eGenericSuperTypes':['org.eclipse.emf.ecore.impl.EGenericTypeImpl@bb724c3 (expression: EEFAction)']}}" 
},{
	 "id": "60", 
	 "label": "{'changeType': 'Preserve', 'type': 'object', 'className': 'EReference', 'attributes': {'id': '_X17Y-N6tEei97MD7GK1RmA', 'name':'processing','ordered':'true','unique':'true','lowerBound':'0','upperBound':'1','many':'false','required':'false','eType':'Processing','eGenericType':'org.eclipse.emf.ecore.impl.EGenericTypeImpl@393a967 (expression: Processing)','changeable':'true','volatile':'false','transient':'false','unsettable':'false','derived':'false','eContainingClass':'Cancel','containment':'false','container':'false','resolveProxies':'true','eReferenceType':'Processing'}}" 
},{
	 "id": "61", 
	 "label": "{'changeType': 'Preserve', 'type': 'object', 'className': 'EClass', 'attributes': {'id': '_XcT_B96tEei97MD7GK1RmA', 'name':'Check','ePackage':'EEFActions','abstract':'false','interface':'false','eGenericSuperTypes':['org.eclipse.emf.ecore.impl.EGenericTypeImpl@6d367a4d (expression: EEFAction)']}}" 
},{
	 "id": "62", 
	 "label": "{'changeType': 'Preserve', 'type': 'object', 'className': 'EClass', 'attributes': {'id': '_XcT_CN6tEei97MD7GK1RmA', 'name':'OpenEEFEditor','ePackage':'EEFActions','abstract':'false','interface':'false','eStructuralFeatures':['editorName'],'eGenericSuperTypes':['org.eclipse.emf.ecore.impl.EGenericTypeImpl@62a5ca83 (expression: EEFAction)']}}" 
},{
	 "id": "63", 
	 "label": "{'changeType': 'Preserve', 'type': 'object', 'className': 'EAttribute', 'attributes': {'id': '_XcT_Cd6tEei97MD7GK1RmA', 'name':'editorName','ordered':'true','unique':'true','lowerBound':'0','upperBound':'1','many':'false','required':'false','eType':'EString','eGenericType':'org.eclipse.emf.ecore.impl.EGenericTypeImpl@4d9909e0 (expression: EString)','changeable':'true','volatile':'false','transient':'false','unsettable':'false','derived':'false','eContainingClass':'OpenEEFEditor','iD':'false','eAttributeType':'EString'}}" 
},{
	 "id": "64", 
	 "label": "{'changeType': 'Preserve', 'type': 'object', 'className': 'EClass', 'attributes': {'id': '_XcT_C96tEei97MD7GK1RmA', 'name':'SetReference','ePackage':'EEFActions','abstract':'false','interface':'false','eIDAttribute':'referenceName','eStructuralFeatures':['values','eContainingFeature'],'eGenericSuperTypes':['org.eclipse.emf.ecore.impl.EGenericTypeImpl@61c0e690 (expression: EditAction)']}}" 
},{
	 "id": "65", 
	 "label": "{'changeType': 'Preserve', 'type': 'object', 'className': 'EReference', 'attributes': {'id': '_X17Y_t6tEei97MD7GK1RmA', 'name':'values','ordered':'true','unique':'true','lowerBound':'0','upperBound':'-1','many':'true','required':'false','eType':'ReferenceableObject','eGenericType':'org.eclipse.emf.ecore.impl.EGenericTypeImpl@6852d09f (expression: ReferenceableObject)','changeable':'true','volatile':'false','transient':'false','unsettable':'false','derived':'false','eContainingClass':'SetReference','containment':'false','container':'false','resolveProxies':'true','eReferenceType':'ReferenceableObject'}}" 
},{
	 "id": "66", 
	 "label": "{'changeType': 'Preserve', 'type': 'object', 'className': 'EReference', 'attributes': {'id': '_Xi2r-d6tEei97MD7GK1RmA', 'name':'eContainingFeature','ordered':'true','unique':'true','lowerBound':'0','upperBound':'1','many':'false','required':'false','eType':'EStructuralFeature','eGenericType':'org.eclipse.emf.ecore.impl.EGenericTypeImpl@4d7d94c0 (expression: EStructuralFeature)','changeable':'true','volatile':'false','transient':'false','unsettable':'false','derived':'false','eContainingClass':'SetReference','containment':'false','container':'false','resolveProxies':'true','eReferenceType':'EStructuralFeature'}}" 
},{
	 "id": "67", 
	 "label": "{'changeType': 'Preserve', 'type': 'object', 'className': 'EClass', 'attributes': {'id': '_X17ZAt6tEei97MD7GK1RmA', 'name':'UnsetReference','ePackage':'EEFActions','abstract':'false','interface':'false','eIDAttribute':'referenceName','eStructuralFeatures':['feature','values'],'eGenericSuperTypes':['org.eclipse.emf.ecore.impl.EGenericTypeImpl@56a7c33d (expression: EditAction)']}}" 
},{
	 "id": "68", 
	 "label": "{'changeType': 'Preserve', 'type': 'object', 'className': 'EReference', 'attributes': {'id': '_X17ZA96tEei97MD7GK1RmA', 'name':'feature','ordered':'true','unique':'true','lowerBound':'0','upperBound':'1','many':'false','required':'false','eType':'EStructuralFeature','eGenericType':'org.eclipse.emf.ecore.impl.EGenericTypeImpl@24fba81d (expression: EStructuralFeature)','changeable':'true','volatile':'false','transient':'false','unsettable':'false','derived':'false','eContainingClass':'UnsetReference','containment':'false','container':'false','resolveProxies':'true','eReferenceType':'EStructuralFeature'}}" 
},{
	 "id": "69", 
	 "label": "{'changeType': 'Preserve', 'type': 'object', 'className': 'EReference', 'attributes': {'id': '_X17ZBd6tEei97MD7GK1RmA', 'name':'values','ordered':'true','unique':'true','lowerBound':'0','upperBound':'-1','many':'true','required':'false','eType':'ReferenceableObject','eGenericType':'org.eclipse.emf.ecore.impl.EGenericTypeImpl@1d371c43 (expression: ReferenceableObject)','changeable':'true','volatile':'false','transient':'false','unsettable':'false','derived':'false','eContainingClass':'UnsetReference','containment':'false','container':'false','resolveProxies':'true','eReferenceType':'ReferenceableObject'}}" 
},{
	 "id": "70", 
	 "label": "{'changeType': 'Preserve', 'type': 'object', 'className': 'EClass', 'attributes': {'id': '_X3kXyN6tEei97MD7GK1RmA', 'name':'MoveUp','ePackage':'EEFActions','abstract':'false','interface':'false','eIDAttribute':'referenceName','eGenericSuperTypes':['org.eclipse.emf.ecore.impl.EGenericTypeImpl@6ec1f70e (expression: EditAction)']}}" 
},{
	 "id": "71", 
	 "label": "{'changeType': 'Preserve', 'type': 'object', 'className': 'EClass', 'attributes': {'id': '_X3kXyd6tEei97MD7GK1RmA', 'name':'MoveDown','ePackage':'EEFActions','abstract':'false','interface':'false','eIDAttribute':'referenceName','eGenericSuperTypes':['org.eclipse.emf.ecore.impl.EGenericTypeImpl@3216385b (expression: EditAction)']}}" 
},{
	 "id": "72", 
	 "label": "{'changeType': 'Preserve', 'type': 'object', 'className': 'EPackage', 'attributes': {'id': '_XcT_Dt6tEei97MD7GK1RmA', 'name':'EclipseActions','nsURI':'http://www.eclipse.org/emf/eef/test/EclipseActions/1.0.0','nsPrefix':'eef-test','eFactoryInstance':'org.eclipse.emf.ecore.impl.EFactoryImpl@44274f1a','eClassifiers':['EclipseAction','CreateProject','OpenPerspective','CloseProject','Save','Undo','Redo','OpenProject','RemoveProject','CloseEditor','OpenEditor','CreateModel'],'eSuperPackage':'modelingBot'}}" 
},{
	 "id": "73", 
	 "label": "{'changeType': 'Preserve', 'type': 'object', 'className': 'EClass', 'attributes': {'id': '_XcT_D96tEei97MD7GK1RmA', 'name':'EclipseAction','ePackage':'EclipseActions','abstract':'true','interface':'false','eGenericSuperTypes':['org.eclipse.emf.ecore.impl.EGenericTypeImpl@7cee6e1d (expression: Action)']}}" 
},{
	 "id": "74", 
	 "label": "{'changeType': 'Preserve', 'type': 'object', 'className': 'EClass', 'attributes': {'id': '_XcT_EN6tEei97MD7GK1RmA', 'name':'CreateProject','ePackage':'EclipseActions','abstract':'false','interface':'false','eStructuralFeatures':['projectName'],'eGenericSuperTypes':['org.eclipse.emf.ecore.impl.EGenericTypeImpl@38607ace (expression: EclipseAction)']}}" 
},{
	 "id": "75", 
	 "label": "{'changeType': 'Preserve', 'type': 'object', 'className': 'EClass', 'attributes': {'id': '_XcT_E96tEei97MD7GK1RmA', 'name':'OpenPerspective','ePackage':'EclipseActions','abstract':'false','interface':'false','eStructuralFeatures':['type'],'eGenericSuperTypes':['org.eclipse.emf.ecore.impl.EGenericTypeImpl@5877f159 (expression: EclipseAction)']}}" 
},{
	 "id": "76", 
	 "label": "{'changeType': 'Preserve', 'type': 'object', 'className': 'EAttribute', 'attributes': {'id': '_XcT_FN6tEei97MD7GK1RmA', 'name':'type','ordered':'true','unique':'true','lowerBound':'0','upperBound':'1','many':'false','required':'false','eType':'EString','eGenericType':'org.eclipse.emf.ecore.impl.EGenericTypeImpl@5ffcfb01 (expression: EString)','changeable':'true','volatile':'false','transient':'false','unsettable':'false','derived':'false','eContainingClass':'OpenPerspective','iD':'false','eAttributeType':'EString'}}" 
},{
	 "id": "77", 
	 "label": "{'changeType': 'Preserve', 'type': 'object', 'className': 'EClass', 'attributes': {'id': '_XcT_Ft6tEei97MD7GK1RmA', 'name':'CloseProject','ePackage':'EclipseActions','abstract':'false','interface':'false','eStructuralFeatures':['projectName'],'eGenericSuperTypes':['org.eclipse.emf.ecore.impl.EGenericTypeImpl@9a28d7a (expression: EclipseAction)']}}" 
},{
	 "id": "78", 
	 "label": "{'changeType': 'Preserve', 'type': 'object', 'className': 'EAttribute', 'attributes': {'id': '_XcT_F96tEei97MD7GK1RmA', 'name':'projectName','ordered':'true','unique':'true','lowerBound':'0','upperBound':'1','many':'false','required':'false','eType':'EString','eGenericType':'org.eclipse.emf.ecore.impl.EGenericTypeImpl@1fa97e05 (expression: EString)','changeable':'true','volatile':'false','transient':'false','unsettable':'false','derived':'false','eContainingClass':'CloseProject','iD':'false','eAttributeType':'EString'}}" 
},{
	 "id": "79", 
	 "label": "{'changeType': 'Preserve', 'type': 'object', 'className': 'EClass', 'attributes': {'id': '_XcT_Gd6tEei97MD7GK1RmA', 'name':'Save','ePackage':'EclipseActions','abstract':'false','interface':'false','eGenericSuperTypes':['org.eclipse.emf.ecore.impl.EGenericTypeImpl@2ecf4dc5 (expression: EclipseAction)']}}" 
},{
	 "id": "80", 
	 "label": "{'changeType': 'Preserve', 'type': 'object', 'className': 'EClass', 'attributes': {'id': '_XcT_Gt6tEei97MD7GK1RmA', 'name':'Undo','ePackage':'EclipseActions','abstract':'false','interface':'false','eGenericSuperTypes':['org.eclipse.emf.ecore.impl.EGenericTypeImpl@70952b78 (expression: EclipseAction)']}}" 
},{
	 "id": "81", 
	 "label": "{'changeType': 'Preserve', 'type': 'object', 'className': 'EClass', 'attributes': {'id': '_XcT_G96tEei97MD7GK1RmA', 'name':'Redo','ePackage':'EclipseActions','abstract':'false','interface':'false','eGenericSuperTypes':['org.eclipse.emf.ecore.impl.EGenericTypeImpl@49ea423f (expression: EclipseAction)']}}" 
},{
	 "id": "82", 
	 "label": "{'changeType': 'Preserve', 'type': 'object', 'className': 'EClass', 'attributes': {'id': '_XcT_HN6tEei97MD7GK1RmA', 'name':'OpenProject','ePackage':'EclipseActions','abstract':'false','interface':'false','eStructuralFeatures':['projectName'],'eGenericSuperTypes':['org.eclipse.emf.ecore.impl.EGenericTypeImpl@7585065b (expression: EclipseAction)']}}" 
},{
	 "id": "83", 
	 "label": "{'changeType': 'Preserve', 'type': 'object', 'className': 'EAttribute', 'attributes': {'id': '_XcT_Hd6tEei97MD7GK1RmA', 'name':'projectName','ordered':'true','unique':'true','lowerBound':'0','upperBound':'1','many':'false','required':'false','eType':'EString','eGenericType':'org.eclipse.emf.ecore.impl.EGenericTypeImpl@fb2083d (expression: EString)','changeable':'true','volatile':'false','transient':'false','unsettable':'false','derived':'false','eContainingClass':'OpenProject','iD':'false','eAttributeType':'EString'}}" 
},{
	 "id": "84", 
	 "label": "{'changeType': 'Preserve', 'type': 'object', 'className': 'EClass', 'attributes': {'id': '_XcT_H96tEei97MD7GK1RmA', 'name':'RemoveProject','ePackage':'EclipseActions','abstract':'false','interface':'false','eStructuralFeatures':['projectName'],'eGenericSuperTypes':['org.eclipse.emf.ecore.impl.EGenericTypeImpl@6fc520b7 (expression: EclipseAction)']}}" 
},{
	 "id": "85", 
	 "label": "{'changeType': 'Preserve', 'type': 'object', 'className': 'EAttribute', 'attributes': {'id': '_XcT_IN6tEei97MD7GK1RmA', 'name':'projectName','ordered':'true','unique':'true','lowerBound':'0','upperBound':'1','many':'false','required':'false','eType':'EString','eGenericType':'org.eclipse.emf.ecore.impl.EGenericTypeImpl@7624f3d2 (expression: EString)','changeable':'true','volatile':'false','transient':'false','unsettable':'false','derived':'false','eContainingClass':'RemoveProject','iD':'false','eAttributeType':'EString'}}" 
},{
	 "id": "86", 
	 "label": "{'changeType': 'Preserve', 'type': 'object', 'className': 'EClass', 'attributes': {'id': '_XcT_It6tEei97MD7GK1RmA', 'name':'CloseEditor','ePackage':'EclipseActions','abstract':'false','interface':'false','eStructuralFeatures':['path'],'eGenericSuperTypes':['org.eclipse.emf.ecore.impl.EGenericTypeImpl@78be01fe (expression: EclipseAction)']}}" 
},{
	 "id": "87", 
	 "label": "{'changeType': 'Preserve', 'type': 'object', 'className': 'EAttribute', 'attributes': {'id': '_XhzjLt6tEei97MD7GK1RmA', 'name':'path','ordered':'true','unique':'true','lowerBound':'0','upperBound':'1','many':'false','required':'false','eType':'EString','eGenericType':'org.eclipse.emf.ecore.impl.EGenericTypeImpl@7da21f5 (expression: EString)','changeable':'true','volatile':'false','transient':'false','unsettable':'false','derived':'false','eContainingClass':'CloseEditor','iD':'false','eAttributeType':'EString'}}" 
},{
	 "id": "88", 
	 "label": "{'changeType': 'Preserve', 'type': 'object', 'className': 'EClass', 'attributes': {'id': '_X3kX4d6tEei97MD7GK1RmA', 'name':'OpenEditor','ePackage':'EclipseActions','abstract':'false','interface':'false','eStructuralFeatures':['editorName','root'],'eGenericSuperTypes':['org.eclipse.emf.ecore.impl.EGenericTypeImpl@73d75804 (expression: EclipseAction)']}}" 
},{
	 "id": "89", 
	 "label": "{'changeType': 'Preserve', 'type': 'object', 'className': 'EAttribute', 'attributes': {'id': '_X3kX4t6tEei97MD7GK1RmA', 'name':'editorName','ordered':'true','unique':'true','lowerBound':'0','upperBound':'1','many':'false','required':'false','eType':'EString','eGenericType':'org.eclipse.emf.ecore.impl.EGenericTypeImpl@7c28d827 (expression: EString)','changeable':'true','volatile':'false','transient':'false','unsettable':'false','derived':'false','eContainingClass':'OpenEditor','iD':'false','eAttributeType':'EString'}}" 
},{
	 "id": "90", 
	 "label": "{'changeType': 'Preserve', 'type': 'object', 'className': 'EReference', 'attributes': {'id': '_X3kX5N6tEei97MD7GK1RmA', 'name':'root','ordered':'true','unique':'true','lowerBound':'0','upperBound':'1','many':'false','required':'false','eType':'EClass','eGenericType':'org.eclipse.emf.ecore.impl.EGenericTypeImpl@3e284461 (expression: EClass)','changeable':'true','volatile':'false','transient':'false','unsettable':'false','derived':'false','eContainingClass':'OpenEditor','containment':'false','container':'false','resolveProxies':'true','eReferenceType':'EClass'}}" 
},{
	 "id": "91", 
	 "label": "{'changeType': 'Preserve', 'type': 'object', 'className': 'EReference', 'attributes': {'id': '_XcT_KN6tEei97MD7GK1RmA', 'name':'root','ordered':'true','unique':'true','lowerBound':'0','upperBound':'1','many':'false','required':'false','eType':'EClass','eGenericType':'org.eclipse.emf.ecore.impl.EGenericTypeImpl@4811f704 (expression: EClass)','changeable':'true','volatile':'false','transient':'false','unsettable':'false','derived':'false','eContainingClass':'CreateModel','containment':'false','container':'false','resolveProxies':'true','eReferenceType':'EClass'}}" 
}], 
 "links": [{
	 "source": "1", 
	 "target": "0", 
	 "label": "{'changeType': 'DELETE', 'type': 'reference', 'referenceTypeName': 'details'}" 
},{
	 "source": "1", 
	 "target": "2", 
	 "label": "{'changeType': 'DELETE', 'type': 'reference', 'referenceTypeName': 'references'}" 
},{
	 "source": "2", 
	 "target": "1", 
	 "label": "{'changeType': 'DELETE', 'type': 'reference', 'referenceTypeName': 'eAnnotations'}" 
},{
	 "source": "1", 
	 "target": "2", 
	 "label": "{'changeType': 'DELETE', 'type': 'reference', 'referenceTypeName': 'eModelElement'}" 
},{
	 "source": "4", 
	 "target": "3", 
	 "label": "{'changeType': 'DELETE', 'type': 'reference', 'referenceTypeName': 'eStructuralFeatures'}" 
},{
	 "source": "3", 
	 "target": "4", 
	 "label": "{'changeType': 'DELETE', 'type': 'reference', 'referenceTypeName': 'eContainingClass'}" 
},{
	 "source": "4", 
	 "target": "5", 
	 "label": "{'changeType': 'DELETE', 'type': 'reference', 'referenceTypeName': 'eStructuralFeatures'}" 
},{
	 "source": "5", 
	 "target": "4", 
	 "label": "{'changeType': 'DELETE', 'type': 'reference', 'referenceTypeName': 'eContainingClass'}" 
},{
	 "source": "7", 
	 "target": "6", 
	 "label": "{'changeType': 'DELETE', 'type': 'reference', 'referenceTypeName': 'eStructuralFeatures'}" 
},{
	 "source": "6", 
	 "target": "7", 
	 "label": "{'changeType': 'DELETE', 'type': 'reference', 'referenceTypeName': 'eContainingClass'}" 
},{
	 "source": "7", 
	 "target": "8", 
	 "label": "{'changeType': 'DELETE', 'type': 'reference', 'referenceTypeName': 'eStructuralFeatures'}" 
},{
	 "source": "8", 
	 "target": "7", 
	 "label": "{'changeType': 'DELETE', 'type': 'reference', 'referenceTypeName': 'eContainingClass'}" 
},{
	 "source": "7", 
	 "target": "9", 
	 "label": "{'changeType': 'DELETE', 'type': 'reference', 'referenceTypeName': 'eStructuralFeatures'}" 
},{
	 "source": "9", 
	 "target": "7", 
	 "label": "{'changeType': 'DELETE', 'type': 'reference', 'referenceTypeName': 'eContainingClass'}" 
},{
	 "source": "7", 
	 "target": "10", 
	 "label": "{'changeType': 'DELETE', 'type': 'reference', 'referenceTypeName': 'eStructuralFeatures'}" 
},{
	 "source": "10", 
	 "target": "7", 
	 "label": "{'changeType': 'DELETE', 'type': 'reference', 'referenceTypeName': 'eContainingClass'}" 
},{
	 "source": "12", 
	 "target": "11", 
	 "label": "{'changeType': 'DELETE', 'type': 'reference', 'referenceTypeName': 'eStructuralFeatures'}" 
},{
	 "source": "11", 
	 "target": "12", 
	 "label": "{'changeType': 'DELETE', 'type': 'reference', 'referenceTypeName': 'eContainingClass'}" 
},{
	 "source": "12", 
	 "target": "13", 
	 "label": "{'changeType': 'DELETE', 'type': 'reference', 'referenceTypeName': 'eStructuralFeatures'}" 
},{
	 "source": "13", 
	 "target": "12", 
	 "label": "{'changeType': 'DELETE', 'type': 'reference', 'referenceTypeName': 'eContainingClass'}" 
},{
	 "source": "15", 
	 "target": "14", 
	 "label": "{'changeType': 'DELETE', 'type': 'reference', 'referenceTypeName': 'eStructuralFeatures'}" 
},{
	 "source": "14", 
	 "target": "15", 
	 "label": "{'changeType': 'DELETE', 'type': 'reference', 'referenceTypeName': 'eContainingClass'}" 
},{
	 "source": "15", 
	 "target": "16", 
	 "label": "{'changeType': 'DELETE', 'type': 'reference', 'referenceTypeName': 'eStructuralFeatures'}" 
},{
	 "source": "16", 
	 "target": "15", 
	 "label": "{'changeType': 'DELETE', 'type': 'reference', 'referenceTypeName': 'eContainingClass'}" 
},{
	 "source": "17", 
	 "target": "18", 
	 "label": "{'changeType': 'Change', 'type': 'attribute'}" 
},{
	 "source": "19", 
	 "target": "20", 
	 "label": "{'changeType': 'Change', 'type': 'attribute'}" 
},{
	 "source": "21", 
	 "target": "22", 
	 "label": "{'changeType': 'Change', 'type': 'attribute'}" 
},{
	 "source": "2", 
	 "target": "23", 
	 "label": "{'changeType': 'Preserve', 'type': 'reference', 'referenceTypeName': 'eClassifiers'}" 
},{
	 "source": "23", 
	 "target": "2", 
	 "label": "{'changeType': 'Preserve', 'type': 'reference', 'referenceTypeName': 'ePackage'}" 
},{
	 "source": "24", 
	 "target": "23", 
	 "label": "{'changeType': 'Preserve', 'type': 'reference', 'referenceTypeName': 'eClassifiers'}" 
},{
	 "source": "23", 
	 "target": "24", 
	 "label": "{'changeType': 'Preserve', 'type': 'reference', 'referenceTypeName': 'ePackage'}" 
},{
	 "source": "25", 
	 "target": "23", 
	 "label": "{'changeType': 'Preserve', 'type': 'reference', 'referenceTypeName': 'eClassifiers'}" 
},{
	 "source": "23", 
	 "target": "25", 
	 "label": "{'changeType': 'Preserve', 'type': 'reference', 'referenceTypeName': 'ePackage'}" 
},{
	 "source": "26", 
	 "target": "25", 
	 "label": "{'changeType': 'Preserve', 'type': 'reference', 'referenceTypeName': 'eStructuralFeatures'}" 
},{
	 "source": "25", 
	 "target": "26", 
	 "label": "{'changeType': 'Preserve', 'type': 'reference', 'referenceTypeName': 'eContainingClass'}" 
},{
	 "source": "27", 
	 "target": "25", 
	 "label": "{'changeType': 'Preserve', 'type': 'reference', 'referenceTypeName': 'eStructuralFeatures'}" 
},{
	 "source": "25", 
	 "target": "27", 
	 "label": "{'changeType': 'Preserve', 'type': 'reference', 'referenceTypeName': 'eContainingClass'}" 
},{
	 "source": "28", 
	 "target": "25", 
	 "label": "{'changeType': 'Preserve', 'type': 'reference', 'referenceTypeName': 'eStructuralFeatures'}" 
},{
	 "source": "25", 
	 "target": "28", 
	 "label": "{'changeType': 'Preserve', 'type': 'reference', 'referenceTypeName': 'eContainingClass'}" 
},{
	 "source": "29", 
	 "target": "23", 
	 "label": "{'changeType': 'Preserve', 'type': 'reference', 'referenceTypeName': 'eClassifiers'}" 
},{
	 "source": "23", 
	 "target": "29", 
	 "label": "{'changeType': 'Preserve', 'type': 'reference', 'referenceTypeName': 'ePackage'}" 
},{
	 "source": "30", 
	 "target": "29", 
	 "label": "{'changeType': 'Preserve', 'type': 'reference', 'referenceTypeName': 'eStructuralFeatures'}" 
},{
	 "source": "29", 
	 "target": "30", 
	 "label": "{'changeType': 'Preserve', 'type': 'reference', 'referenceTypeName': 'eContainingClass'}" 
},{
	 "source": "31", 
	 "target": "23", 
	 "label": "{'changeType': 'Preserve', 'type': 'reference', 'referenceTypeName': 'eClassifiers'}" 
},{
	 "source": "23", 
	 "target": "31", 
	 "label": "{'changeType': 'Preserve', 'type': 'reference', 'referenceTypeName': 'ePackage'}" 
},{
	 "source": "32", 
	 "target": "31", 
	 "label": "{'changeType': 'Preserve', 'type': 'reference', 'referenceTypeName': 'eStructuralFeatures'}" 
},{
	 "source": "31", 
	 "target": "32", 
	 "label": "{'changeType': 'Preserve', 'type': 'reference', 'referenceTypeName': 'eContainingClass'}" 
},{
	 "source": "33", 
	 "target": "31", 
	 "label": "{'changeType': 'Preserve', 'type': 'reference', 'referenceTypeName': 'eStructuralFeatures'}" 
},{
	 "source": "31", 
	 "target": "33", 
	 "label": "{'changeType': 'Preserve', 'type': 'reference', 'referenceTypeName': 'eContainingClass'}" 
},{
	 "source": "34", 
	 "target": "23", 
	 "label": "{'changeType': 'Preserve', 'type': 'reference', 'referenceTypeName': 'eClassifiers'}" 
},{
	 "source": "23", 
	 "target": "34", 
	 "label": "{'changeType': 'Preserve', 'type': 'reference', 'referenceTypeName': 'ePackage'}" 
},{
	 "source": "35", 
	 "target": "34", 
	 "label": "{'changeType': 'Preserve', 'type': 'reference', 'referenceTypeName': 'eStructuralFeatures'}" 
},{
	 "source": "34", 
	 "target": "35", 
	 "label": "{'changeType': 'Preserve', 'type': 'reference', 'referenceTypeName': 'eContainingClass'}" 
},{
	 "source": "36", 
	 "target": "34", 
	 "label": "{'changeType': 'Preserve', 'type': 'reference', 'referenceTypeName': 'eStructuralFeatures'}" 
},{
	 "source": "34", 
	 "target": "36", 
	 "label": "{'changeType': 'Preserve', 'type': 'reference', 'referenceTypeName': 'eContainingClass'}" 
},{
	 "source": "37", 
	 "target": "23", 
	 "label": "{'changeType': 'Preserve', 'type': 'reference', 'referenceTypeName': 'eClassifiers'}" 
},{
	 "source": "23", 
	 "target": "37", 
	 "label": "{'changeType': 'Preserve', 'type': 'reference', 'referenceTypeName': 'ePackage'}" 
},{
	 "source": "38", 
	 "target": "23", 
	 "label": "{'changeType': 'Preserve', 'type': 'reference', 'referenceTypeName': 'eClassifiers'}" 
},{
	 "source": "23", 
	 "target": "38", 
	 "label": "{'changeType': 'Preserve', 'type': 'reference', 'referenceTypeName': 'ePackage'}" 
},{
	 "source": "39", 
	 "target": "38", 
	 "label": "{'changeType': 'Preserve', 'type': 'reference', 'referenceTypeName': 'eStructuralFeatures'}" 
},{
	 "source": "38", 
	 "target": "39", 
	 "label": "{'changeType': 'Preserve', 'type': 'reference', 'referenceTypeName': 'eContainingClass'}" 
},{
	 "source": "40", 
	 "target": "23", 
	 "label": "{'changeType': 'Preserve', 'type': 'reference', 'referenceTypeName': 'eClassifiers'}" 
},{
	 "source": "23", 
	 "target": "40", 
	 "label": "{'changeType': 'Preserve', 'type': 'reference', 'referenceTypeName': 'ePackage'}" 
},{
	 "source": "41", 
	 "target": "23", 
	 "label": "{'changeType': 'Preserve', 'type': 'reference', 'referenceTypeName': 'eClassifiers'}" 
},{
	 "source": "23", 
	 "target": "41", 
	 "label": "{'changeType': 'Preserve', 'type': 'reference', 'referenceTypeName': 'ePackage'}" 
},{
	 "source": "42", 
	 "target": "41", 
	 "label": "{'changeType': 'Preserve', 'type': 'reference', 'referenceTypeName': 'eLiterals'}" 
},{
	 "source": "41", 
	 "target": "42", 
	 "label": "{'changeType': 'Preserve', 'type': 'reference', 'referenceTypeName': 'eEnum'}" 
},{
	 "source": "43", 
	 "target": "41", 
	 "label": "{'changeType': 'Preserve', 'type': 'reference', 'referenceTypeName': 'eLiterals'}" 
},{
	 "source": "41", 
	 "target": "43", 
	 "label": "{'changeType': 'Preserve', 'type': 'reference', 'referenceTypeName': 'eEnum'}" 
},{
	 "source": "44", 
	 "target": "41", 
	 "label": "{'changeType': 'Preserve', 'type': 'reference', 'referenceTypeName': 'eLiterals'}" 
},{
	 "source": "41", 
	 "target": "44", 
	 "label": "{'changeType': 'Preserve', 'type': 'reference', 'referenceTypeName': 'eEnum'}" 
},{
	 "source": "45", 
	 "target": "23", 
	 "label": "{'changeType': 'Preserve', 'type': 'reference', 'referenceTypeName': 'eSubpackages'}" 
},{
	 "source": "23", 
	 "target": "45", 
	 "label": "{'changeType': 'Preserve', 'type': 'reference', 'referenceTypeName': 'eSuperPackage'}" 
},{
	 "source": "46", 
	 "target": "45", 
	 "label": "{'changeType': 'Preserve', 'type': 'reference', 'referenceTypeName': 'eClassifiers'}" 
},{
	 "source": "45", 
	 "target": "46", 
	 "label": "{'changeType': 'Preserve', 'type': 'reference', 'referenceTypeName': 'ePackage'}" 
},{
	 "source": "4", 
	 "target": "45", 
	 "label": "{'changeType': 'Preserve', 'type': 'reference', 'referenceTypeName': 'eClassifiers'}" 
},{
	 "source": "45", 
	 "target": "4", 
	 "label": "{'changeType': 'Preserve', 'type': 'reference', 'referenceTypeName': 'ePackage'}" 
},{
	 "source": "47", 
	 "target": "4", 
	 "label": "{'changeType': 'Preserve', 'type': 'reference', 'referenceTypeName': 'eStructuralFeatures'}" 
},{
	 "source": "4", 
	 "target": "47", 
	 "label": "{'changeType': 'Preserve', 'type': 'reference', 'referenceTypeName': 'eContainingClass'}" 
},{
	 "source": "48", 
	 "target": "4", 
	 "label": "{'changeType': 'Preserve', 'type': 'reference', 'referenceTypeName': 'eStructuralFeatures'}" 
},{
	 "source": "4", 
	 "target": "48", 
	 "label": "{'changeType': 'Preserve', 'type': 'reference', 'referenceTypeName': 'eContainingClass'}" 
},{
	 "source": "7", 
	 "target": "45", 
	 "label": "{'changeType': 'Preserve', 'type': 'reference', 'referenceTypeName': 'eClassifiers'}" 
},{
	 "source": "45", 
	 "target": "7", 
	 "label": "{'changeType': 'Preserve', 'type': 'reference', 'referenceTypeName': 'ePackage'}" 
},{
	 "source": "49", 
	 "target": "7", 
	 "label": "{'changeType': 'Preserve', 'type': 'reference', 'referenceTypeName': 'eStructuralFeatures'}" 
},{
	 "source": "7", 
	 "target": "49", 
	 "label": "{'changeType': 'Preserve', 'type': 'reference', 'referenceTypeName': 'eContainingClass'}" 
},{
	 "source": "50", 
	 "target": "7", 
	 "label": "{'changeType': 'Preserve', 'type': 'reference', 'referenceTypeName': 'eStructuralFeatures'}" 
},{
	 "source": "7", 
	 "target": "50", 
	 "label": "{'changeType': 'Preserve', 'type': 'reference', 'referenceTypeName': 'eContainingClass'}" 
},{
	 "source": "51", 
	 "target": "45", 
	 "label": "{'changeType': 'Preserve', 'type': 'reference', 'referenceTypeName': 'eClassifiers'}" 
},{
	 "source": "45", 
	 "target": "51", 
	 "label": "{'changeType': 'Preserve', 'type': 'reference', 'referenceTypeName': 'ePackage'}" 
},{
	 "source": "12", 
	 "target": "45", 
	 "label": "{'changeType': 'Preserve', 'type': 'reference', 'referenceTypeName': 'eClassifiers'}" 
},{
	 "source": "45", 
	 "target": "12", 
	 "label": "{'changeType': 'Preserve', 'type': 'reference', 'referenceTypeName': 'ePackage'}" 
},{
	 "source": "52", 
	 "target": "12", 
	 "label": "{'changeType': 'Preserve', 'type': 'reference', 'referenceTypeName': 'eStructuralFeatures'}" 
},{
	 "source": "12", 
	 "target": "52", 
	 "label": "{'changeType': 'Preserve', 'type': 'reference', 'referenceTypeName': 'eContainingClass'}" 
},{
	 "source": "53", 
	 "target": "12", 
	 "label": "{'changeType': 'Preserve', 'type': 'reference', 'referenceTypeName': 'eStructuralFeatures'}" 
},{
	 "source": "12", 
	 "target": "53", 
	 "label": "{'changeType': 'Preserve', 'type': 'reference', 'referenceTypeName': 'eContainingClass'}" 
},{
	 "source": "54", 
	 "target": "45", 
	 "label": "{'changeType': 'Preserve', 'type': 'reference', 'referenceTypeName': 'eClassifiers'}" 
},{
	 "source": "45", 
	 "target": "54", 
	 "label": "{'changeType': 'Preserve', 'type': 'reference', 'referenceTypeName': 'ePackage'}" 
},{
	 "source": "55", 
	 "target": "54", 
	 "label": "{'changeType': 'Preserve', 'type': 'reference', 'referenceTypeName': 'eStructuralFeatures'}" 
},{
	 "source": "54", 
	 "target": "55", 
	 "label": "{'changeType': 'Preserve', 'type': 'reference', 'referenceTypeName': 'eContainingClass'}" 
},{
	 "source": "56", 
	 "target": "54", 
	 "label": "{'changeType': 'Preserve', 'type': 'reference', 'referenceTypeName': 'eStructuralFeatures'}" 
},{
	 "source": "54", 
	 "target": "56", 
	 "label": "{'changeType': 'Preserve', 'type': 'reference', 'referenceTypeName': 'eContainingClass'}" 
},{
	 "source": "57", 
	 "target": "45", 
	 "label": "{'changeType': 'Preserve', 'type': 'reference', 'referenceTypeName': 'eClassifiers'}" 
},{
	 "source": "45", 
	 "target": "57", 
	 "label": "{'changeType': 'Preserve', 'type': 'reference', 'referenceTypeName': 'ePackage'}" 
},{
	 "source": "58", 
	 "target": "57", 
	 "label": "{'changeType': 'Preserve', 'type': 'reference', 'referenceTypeName': 'eStructuralFeatures'}" 
},{
	 "source": "57", 
	 "target": "58", 
	 "label": "{'changeType': 'Preserve', 'type': 'reference', 'referenceTypeName': 'eContainingClass'}" 
},{
	 "source": "59", 
	 "target": "45", 
	 "label": "{'changeType': 'Preserve', 'type': 'reference', 'referenceTypeName': 'eClassifiers'}" 
},{
	 "source": "45", 
	 "target": "59", 
	 "label": "{'changeType': 'Preserve', 'type': 'reference', 'referenceTypeName': 'ePackage'}" 
},{
	 "source": "60", 
	 "target": "59", 
	 "label": "{'changeType': 'Preserve', 'type': 'reference', 'referenceTypeName': 'eStructuralFeatures'}" 
},{
	 "source": "59", 
	 "target": "60", 
	 "label": "{'changeType': 'Preserve', 'type': 'reference', 'referenceTypeName': 'eContainingClass'}" 
},{
	 "source": "61", 
	 "target": "45", 
	 "label": "{'changeType': 'Preserve', 'type': 'reference', 'referenceTypeName': 'eClassifiers'}" 
},{
	 "source": "45", 
	 "target": "61", 
	 "label": "{'changeType': 'Preserve', 'type': 'reference', 'referenceTypeName': 'ePackage'}" 
},{
	 "source": "62", 
	 "target": "45", 
	 "label": "{'changeType': 'Preserve', 'type': 'reference', 'referenceTypeName': 'eClassifiers'}" 
},{
	 "source": "45", 
	 "target": "62", 
	 "label": "{'changeType': 'Preserve', 'type': 'reference', 'referenceTypeName': 'ePackage'}" 
},{
	 "source": "63", 
	 "target": "62", 
	 "label": "{'changeType': 'Preserve', 'type': 'reference', 'referenceTypeName': 'eStructuralFeatures'}" 
},{
	 "source": "62", 
	 "target": "63", 
	 "label": "{'changeType': 'Preserve', 'type': 'reference', 'referenceTypeName': 'eContainingClass'}" 
},{
	 "source": "64", 
	 "target": "45", 
	 "label": "{'changeType': 'Preserve', 'type': 'reference', 'referenceTypeName': 'eClassifiers'}" 
},{
	 "source": "45", 
	 "target": "64", 
	 "label": "{'changeType': 'Preserve', 'type': 'reference', 'referenceTypeName': 'ePackage'}" 
},{
	 "source": "65", 
	 "target": "64", 
	 "label": "{'changeType': 'Preserve', 'type': 'reference', 'referenceTypeName': 'eStructuralFeatures'}" 
},{
	 "source": "64", 
	 "target": "65", 
	 "label": "{'changeType': 'Preserve', 'type': 'reference', 'referenceTypeName': 'eContainingClass'}" 
},{
	 "source": "66", 
	 "target": "64", 
	 "label": "{'changeType': 'Preserve', 'type': 'reference', 'referenceTypeName': 'eStructuralFeatures'}" 
},{
	 "source": "64", 
	 "target": "66", 
	 "label": "{'changeType': 'Preserve', 'type': 'reference', 'referenceTypeName': 'eContainingClass'}" 
},{
	 "source": "67", 
	 "target": "45", 
	 "label": "{'changeType': 'Preserve', 'type': 'reference', 'referenceTypeName': 'eClassifiers'}" 
},{
	 "source": "45", 
	 "target": "67", 
	 "label": "{'changeType': 'Preserve', 'type': 'reference', 'referenceTypeName': 'ePackage'}" 
},{
	 "source": "68", 
	 "target": "67", 
	 "label": "{'changeType': 'Preserve', 'type': 'reference', 'referenceTypeName': 'eStructuralFeatures'}" 
},{
	 "source": "67", 
	 "target": "68", 
	 "label": "{'changeType': 'Preserve', 'type': 'reference', 'referenceTypeName': 'eContainingClass'}" 
},{
	 "source": "69", 
	 "target": "67", 
	 "label": "{'changeType': 'Preserve', 'type': 'reference', 'referenceTypeName': 'eStructuralFeatures'}" 
},{
	 "source": "67", 
	 "target": "69", 
	 "label": "{'changeType': 'Preserve', 'type': 'reference', 'referenceTypeName': 'eContainingClass'}" 
},{
	 "source": "70", 
	 "target": "45", 
	 "label": "{'changeType': 'Preserve', 'type': 'reference', 'referenceTypeName': 'eClassifiers'}" 
},{
	 "source": "45", 
	 "target": "70", 
	 "label": "{'changeType': 'Preserve', 'type': 'reference', 'referenceTypeName': 'ePackage'}" 
},{
	 "source": "71", 
	 "target": "45", 
	 "label": "{'changeType': 'Preserve', 'type': 'reference', 'referenceTypeName': 'eClassifiers'}" 
},{
	 "source": "45", 
	 "target": "71", 
	 "label": "{'changeType': 'Preserve', 'type': 'reference', 'referenceTypeName': 'ePackage'}" 
},{
	 "source": "72", 
	 "target": "23", 
	 "label": "{'changeType': 'Preserve', 'type': 'reference', 'referenceTypeName': 'eSubpackages'}" 
},{
	 "source": "23", 
	 "target": "72", 
	 "label": "{'changeType': 'Preserve', 'type': 'reference', 'referenceTypeName': 'eSuperPackage'}" 
},{
	 "source": "73", 
	 "target": "72", 
	 "label": "{'changeType': 'Preserve', 'type': 'reference', 'referenceTypeName': 'eClassifiers'}" 
},{
	 "source": "72", 
	 "target": "73", 
	 "label": "{'changeType': 'Preserve', 'type': 'reference', 'referenceTypeName': 'ePackage'}" 
},{
	 "source": "74", 
	 "target": "72", 
	 "label": "{'changeType': 'Preserve', 'type': 'reference', 'referenceTypeName': 'eClassifiers'}" 
},{
	 "source": "72", 
	 "target": "74", 
	 "label": "{'changeType': 'Preserve', 'type': 'reference', 'referenceTypeName': 'ePackage'}" 
},{
	 "source": "17", 
	 "target": "74", 
	 "label": "{'changeType': 'Preserve', 'type': 'reference', 'referenceTypeName': 'eStructuralFeatures'}" 
},{
	 "source": "74", 
	 "target": "17", 
	 "label": "{'changeType': 'Preserve', 'type': 'reference', 'referenceTypeName': 'eContainingClass'}" 
},{
	 "source": "75", 
	 "target": "72", 
	 "label": "{'changeType': 'Preserve', 'type': 'reference', 'referenceTypeName': 'eClassifiers'}" 
},{
	 "source": "72", 
	 "target": "75", 
	 "label": "{'changeType': 'Preserve', 'type': 'reference', 'referenceTypeName': 'ePackage'}" 
},{
	 "source": "76", 
	 "target": "75", 
	 "label": "{'changeType': 'Preserve', 'type': 'reference', 'referenceTypeName': 'eStructuralFeatures'}" 
},{
	 "source": "75", 
	 "target": "76", 
	 "label": "{'changeType': 'Preserve', 'type': 'reference', 'referenceTypeName': 'eContainingClass'}" 
},{
	 "source": "77", 
	 "target": "72", 
	 "label": "{'changeType': 'Preserve', 'type': 'reference', 'referenceTypeName': 'eClassifiers'}" 
},{
	 "source": "72", 
	 "target": "77", 
	 "label": "{'changeType': 'Preserve', 'type': 'reference', 'referenceTypeName': 'ePackage'}" 
},{
	 "source": "78", 
	 "target": "77", 
	 "label": "{'changeType': 'Preserve', 'type': 'reference', 'referenceTypeName': 'eStructuralFeatures'}" 
},{
	 "source": "77", 
	 "target": "78", 
	 "label": "{'changeType': 'Preserve', 'type': 'reference', 'referenceTypeName': 'eContainingClass'}" 
},{
	 "source": "79", 
	 "target": "72", 
	 "label": "{'changeType': 'Preserve', 'type': 'reference', 'referenceTypeName': 'eClassifiers'}" 
},{
	 "source": "72", 
	 "target": "79", 
	 "label": "{'changeType': 'Preserve', 'type': 'reference', 'referenceTypeName': 'ePackage'}" 
},{
	 "source": "80", 
	 "target": "72", 
	 "label": "{'changeType': 'Preserve', 'type': 'reference', 'referenceTypeName': 'eClassifiers'}" 
},{
	 "source": "72", 
	 "target": "80", 
	 "label": "{'changeType': 'Preserve', 'type': 'reference', 'referenceTypeName': 'ePackage'}" 
},{
	 "source": "81", 
	 "target": "72", 
	 "label": "{'changeType': 'Preserve', 'type': 'reference', 'referenceTypeName': 'eClassifiers'}" 
},{
	 "source": "72", 
	 "target": "81", 
	 "label": "{'changeType': 'Preserve', 'type': 'reference', 'referenceTypeName': 'ePackage'}" 
},{
	 "source": "82", 
	 "target": "72", 
	 "label": "{'changeType': 'Preserve', 'type': 'reference', 'referenceTypeName': 'eClassifiers'}" 
},{
	 "source": "72", 
	 "target": "82", 
	 "label": "{'changeType': 'Preserve', 'type': 'reference', 'referenceTypeName': 'ePackage'}" 
},{
	 "source": "83", 
	 "target": "82", 
	 "label": "{'changeType': 'Preserve', 'type': 'reference', 'referenceTypeName': 'eStructuralFeatures'}" 
},{
	 "source": "82", 
	 "target": "83", 
	 "label": "{'changeType': 'Preserve', 'type': 'reference', 'referenceTypeName': 'eContainingClass'}" 
},{
	 "source": "84", 
	 "target": "72", 
	 "label": "{'changeType': 'Preserve', 'type': 'reference', 'referenceTypeName': 'eClassifiers'}" 
},{
	 "source": "72", 
	 "target": "84", 
	 "label": "{'changeType': 'Preserve', 'type': 'reference', 'referenceTypeName': 'ePackage'}" 
},{
	 "source": "85", 
	 "target": "84", 
	 "label": "{'changeType': 'Preserve', 'type': 'reference', 'referenceTypeName': 'eStructuralFeatures'}" 
},{
	 "source": "84", 
	 "target": "85", 
	 "label": "{'changeType': 'Preserve', 'type': 'reference', 'referenceTypeName': 'eContainingClass'}" 
},{
	 "source": "86", 
	 "target": "72", 
	 "label": "{'changeType': 'Preserve', 'type': 'reference', 'referenceTypeName': 'eClassifiers'}" 
},{
	 "source": "72", 
	 "target": "86", 
	 "label": "{'changeType': 'Preserve', 'type': 'reference', 'referenceTypeName': 'ePackage'}" 
},{
	 "source": "87", 
	 "target": "86", 
	 "label": "{'changeType': 'Preserve', 'type': 'reference', 'referenceTypeName': 'eStructuralFeatures'}" 
},{
	 "source": "86", 
	 "target": "87", 
	 "label": "{'changeType': 'Preserve', 'type': 'reference', 'referenceTypeName': 'eContainingClass'}" 
},{
	 "source": "88", 
	 "target": "72", 
	 "label": "{'changeType': 'Preserve', 'type': 'reference', 'referenceTypeName': 'eClassifiers'}" 
},{
	 "source": "72", 
	 "target": "88", 
	 "label": "{'changeType': 'Preserve', 'type': 'reference', 'referenceTypeName': 'ePackage'}" 
},{
	 "source": "89", 
	 "target": "88", 
	 "label": "{'changeType': 'Preserve', 'type': 'reference', 'referenceTypeName': 'eStructuralFeatures'}" 
},{
	 "source": "88", 
	 "target": "89", 
	 "label": "{'changeType': 'Preserve', 'type': 'reference', 'referenceTypeName': 'eContainingClass'}" 
},{
	 "source": "90", 
	 "target": "88", 
	 "label": "{'changeType': 'Preserve', 'type': 'reference', 'referenceTypeName': 'eStructuralFeatures'}" 
},{
	 "source": "88", 
	 "target": "90", 
	 "label": "{'changeType': 'Preserve', 'type': 'reference', 'referenceTypeName': 'eContainingClass'}" 
},{
	 "source": "15", 
	 "target": "72", 
	 "label": "{'changeType': 'Preserve', 'type': 'reference', 'referenceTypeName': 'eClassifiers'}" 
},{
	 "source": "72", 
	 "target": "15", 
	 "label": "{'changeType': 'Preserve', 'type': 'reference', 'referenceTypeName': 'ePackage'}" 
},{
	 "source": "19", 
	 "target": "15", 
	 "label": "{'changeType': 'Preserve', 'type': 'reference', 'referenceTypeName': 'eStructuralFeatures'}" 
},{
	 "source": "15", 
	 "target": "19", 
	 "label": "{'changeType': 'Preserve', 'type': 'reference', 'referenceTypeName': 'eContainingClass'}" 
},{
	 "source": "21", 
	 "target": "15", 
	 "label": "{'changeType': 'Preserve', 'type': 'reference', 'referenceTypeName': 'eStructuralFeatures'}" 
},{
	 "source": "15", 
	 "target": "21", 
	 "label": "{'changeType': 'Preserve', 'type': 'reference', 'referenceTypeName': 'eContainingClass'}" 
},{
	 "source": "91", 
	 "target": "15", 
	 "label": "{'changeType': 'Preserve', 'type': 'reference', 'referenceTypeName': 'eStructuralFeatures'}" 
},{
	 "source": "15", 
	 "target": "91", 
	 "label": "{'changeType': 'Preserve', 'type': 'reference', 'referenceTypeName': 'eContainingClass'}" 
}]}