{"directed": true, "multigraph": false, "graph": {}, 
  "nodes": [{
	 "id": "0", 
	 "label": "{'changeType': 'Add', 'type': 'object', 'className': 'EAttribute', 'attributes': {'id': '_X7B7VN6tEei97MD7GK1RmA', 'name':'propertiesEditionElementURI','ordered':'true','unique':'true','lowerBound':'0','upperBound':'1','many':'false','required':'false','eType':'EString','eGenericType':'org.eclipse.emf.ecore.impl.EGenericTypeImpl@4f8205d1 (expression: EString)','changeable':'true','volatile':'false','transient':'false','unsettable':'false','derived':'false','eContainingClass':'EditAction','iD':'false','eAttributeType':'EString'}}" 
},{
	 "id": "1", 
	 "label": "{'changeType': 'Preserve', 'type': 'object', 'className': 'EClass', 'attributes': {'id': '_XcT--N6tEei97MD7GK1RmA', 'name':'EditAction','ePackage':'EEFActions','abstract':'true','interface':'false','eStructuralFeatures':['propertiesEditionElement','referenceableObject'],'eGenericSuperTypes':['org.eclipse.emf.ecore.impl.EGenericTypeImpl@70c8892c (expression: EEFAction)','org.eclipse.emf.ecore.impl.EGenericTypeImpl@5d95fa6e (expression: ReferenceableObject)']}}" 
},{
	 "id": "2", 
	 "label": "{'changeType': 'Add', 'type': 'object', 'className': 'EReference', 'attributes': {'id': '_X7B7Vt6tEei97MD7GK1RmA', 'name':'computedPropertiesEditionElement','ordered':'true','unique':'true','lowerBound':'1','upperBound':'1','many':'false','required':'true','eType':'PropertiesEditionElement','eGenericType':'org.eclipse.emf.ecore.impl.EGenericTypeImpl@21d72b57 (expression: PropertiesEditionElement)','changeable':'false','volatile':'true','transient':'true','unsettable':'false','derived':'true','eContainingClass':'EditAction','containment':'false','container':'false','resolveProxies':'true','eReferenceType':'PropertiesEditionElement'}}" 
},{
	 "id": "3", 
	 "label": "{'changeType': 'Add', 'type': 'object', 'className': 'EAttribute', 'attributes': {'id': '_X7B7Xt6tEei97MD7GK1RmA', 'name':'typeURI','ordered':'true','unique':'true','lowerBound':'0','upperBound':'1','many':'false','required':'false','eType':'EString','eGenericType':'org.eclipse.emf.ecore.impl.EGenericTypeImpl@4bf29e94 (expression: EString)','changeable':'true','volatile':'false','transient':'false','unsettable':'false','derived':'false','eContainingClass':'Add','iD':'false','eAttributeType':'EString'}}" 
},{
	 "id": "4", 
	 "label": "{'changeType': 'Preserve', 'type': 'object', 'className': 'EClass', 'attributes': {'id': '_XcT_AN6tEei97MD7GK1RmA', 'name':'Add','ePackage':'EEFActions','abstract':'false','interface':'false','eStructuralFeatures':['type','eContainingFeature'],'eGenericSuperTypes':['org.eclipse.emf.ecore.impl.EGenericTypeImpl@6b767c6c (expression: EditAction)']}}" 
},{
	 "id": "5", 
	 "label": "{'changeType': 'Add', 'type': 'object', 'className': 'EReference', 'attributes': {'id': '_X7B7YN6tEei97MD7GK1RmA', 'name':'computedType','ordered':'true','unique':'true','lowerBound':'1','upperBound':'1','many':'false','required':'true','eType':'EClass','eGenericType':'org.eclipse.emf.ecore.impl.EGenericTypeImpl@7ab99739 (expression: EClass)','changeable':'false','volatile':'true','transient':'true','unsettable':'false','derived':'true','eContainingClass':'Add','containment':'false','container':'false','resolveProxies':'true','eReferenceType':'EClass'}}" 
},{
	 "id": "6", 
	 "label": "{'changeType': 'Add', 'type': 'object', 'className': 'EAttribute', 'attributes': {'id': '_X7B7ZN6tEei97MD7GK1RmA', 'name':'eContainingFeatureURI','ordered':'true','unique':'true','lowerBound':'0','upperBound':'1','many':'false','required':'false','eType':'EString','eGenericType':'org.eclipse.emf.ecore.impl.EGenericTypeImpl@2f1029f6 (expression: EString)','changeable':'true','volatile':'false','transient':'false','unsettable':'false','derived':'false','eContainingClass':'Add','iD':'false','eAttributeType':'EString'}}" 
},{
	 "id": "7", 
	 "label": "{'changeType': 'Add', 'type': 'object', 'className': 'EReference', 'attributes': {'id': '_X7B7Zt6tEei97MD7GK1RmA', 'name':'computedEContainingFeature','ordered':'true','unique':'true','lowerBound':'1','upperBound':'1','many':'false','required':'true','eType':'EStructuralFeature','eGenericType':'org.eclipse.emf.ecore.impl.EGenericTypeImpl@39b1d483 (expression: EStructuralFeature)','changeable':'false','volatile':'true','transient':'true','unsettable':'false','derived':'true','eContainingClass':'Add','containment':'false','container':'false','resolveProxies':'true','eReferenceType':'EStructuralFeature'}}" 
},{
	 "id": "8", 
	 "label": "{'changeType': 'Add', 'type': 'object', 'className': 'EReference', 'attributes': {'id': '_X7B7q96tEei97MD7GK1RmA', 'name':'computedRoot','ordered':'true','unique':'true','lowerBound':'1','upperBound':'1','many':'false','required':'true','eType':'EClass','eGenericType':'org.eclipse.emf.ecore.impl.EGenericTypeImpl@1ea7fa8b (expression: EClass)','changeable':'false','volatile':'true','transient':'true','unsettable':'false','derived':'true','eContainingClass':'CreateModel','containment':'false','container':'false','resolveProxies':'true','eReferenceType':'EClass'}}" 
},{
	 "id": "9", 
	 "label": "{'changeType': 'Preserve', 'type': 'object', 'className': 'EClass', 'attributes': {'id': '_XcT_I96tEei97MD7GK1RmA', 'name':'CreateModel','ePackage':'EclipseActions','abstract':'false','interface':'false','eStructuralFeatures':['modelName','path','root'],'eGenericSuperTypes':['org.eclipse.emf.ecore.impl.EGenericTypeImpl@2c85c6e8 (expression: EclipseAction)','org.eclipse.emf.ecore.impl.EGenericTypeImpl@3bfd7217 (expression: ReferenceableObject)']}}" 
},{
	 "id": "10", 
	 "label": "{'changeType': 'Add', 'type': 'object', 'className': 'EAttribute', 'attributes': {'id': '_X7B7rd6tEei97MD7GK1RmA', 'name':'rootURI','ordered':'true','unique':'true','lowerBound':'0','upperBound':'1','many':'false','required':'false','eType':'EString','eGenericType':'org.eclipse.emf.ecore.impl.EGenericTypeImpl@6c6fc2d6 (expression: EString)','changeable':'true','volatile':'false','transient':'false','unsettable':'false','derived':'false','eContainingClass':'CreateModel','iD':'false','eAttributeType':'EString'}}" 
},{
	 "id": "11", 
	 "label": "{'changeType': 'Preserve', 'type': 'object', 'className': 'EReference', 'attributes': {'id': '_XfcLgt6tEei97MD7GK1RmA', 'name':'eContainingFeature','ordered':'true','unique':'true','lowerBound':'0','upperBound':'1','many':'false','required':'false','eType':'EStructuralFeature','eGenericType':'org.eclipse.emf.ecore.impl.EGenericTypeImpl@56e6df6d (expression: EStructuralFeature)','changeable':'true','volatile':'false','transient':'false','unsettable':'false','derived':'false','eContainingClass':'Add','containment':'false','container':'false','resolveProxies':'true','eReferenceType':'EStructuralFeature'}}" 
},{
	 "id": "12", 
	 "label": "{'changeType': 'Change', 'type': 'attributeValue', 'className': 'EReference', 'attributeName': 'lowerBound', 'valueBefore': '1', 'valueAfter': '0', 'attributes': {'id': '_XfcLgt6tEei97MD7GK1RmA_0'}}" 
},{
	 "id": "13", 
	 "label": "{'changeType': 'Preserve', 'type': 'object', 'className': 'EAttribute', 'attributes': {'id': '_XcT_Ed6tEei97MD7GK1RmA', 'name':'projectName','ordered':'true','unique':'true','lowerBound':'0','upperBound':'1','many':'false','required':'false','eType':'EString','eGenericType':'org.eclipse.emf.ecore.impl.EGenericTypeImpl@2705359d (expression: EString)','changeable':'true','volatile':'false','transient':'false','unsettable':'false','derived':'false','eContainingClass':'CreateProject','iD':'false','eAttributeType':'EString'}}" 
},{
	 "id": "14", 
	 "label": "{'changeType': 'Change', 'type': 'attributeValue', 'className': 'EAttribute', 'attributeName': 'lowerBound', 'valueBefore': '1', 'valueAfter': '0', 'attributes': {'id': '_XcT_Ed6tEei97MD7GK1RmA_1'}}" 
},{
	 "id": "15", 
	 "label": "{'changeType': 'Preserve', 'type': 'object', 'className': 'EAttribute', 'attributes': {'id': '_XcT_JN6tEei97MD7GK1RmA', 'name':'modelName','ordered':'true','unique':'true','lowerBound':'0','upperBound':'1','many':'false','required':'false','eType':'EString','eGenericType':'org.eclipse.emf.ecore.impl.EGenericTypeImpl@1ad13821 (expression: EString)','changeable':'true','volatile':'false','transient':'false','unsettable':'false','derived':'false','eContainingClass':'CreateModel','iD':'false','eAttributeType':'EString'}}" 
},{
	 "id": "16", 
	 "label": "{'changeType': 'Change', 'type': 'attributeValue', 'className': 'EAttribute', 'attributeName': 'lowerBound', 'valueBefore': '1', 'valueAfter': '0', 'attributes': {'id': '_XcT_JN6tEei97MD7GK1RmA_2'}}" 
},{
	 "id": "17", 
	 "label": "{'changeType': 'Preserve', 'type': 'object', 'className': 'EAttribute', 'attributes': {'id': '_XcT_Jt6tEei97MD7GK1RmA', 'name':'path','ordered':'true','unique':'true','lowerBound':'0','upperBound':'1','many':'false','required':'false','eType':'EString','eGenericType':'org.eclipse.emf.ecore.impl.EGenericTypeImpl@48dcabc4 (expression: EString)','changeable':'true','volatile':'false','transient':'false','unsettable':'false','derived':'false','eContainingClass':'CreateModel','iD':'false','eAttributeType':'EString'}}" 
},{
	 "id": "18", 
	 "label": "{'changeType': 'Change', 'type': 'attributeValue', 'className': 'EAttribute', 'attributeName': 'lowerBound', 'valueBefore': '1', 'valueAfter': '0', 'attributes': {'id': '_XcT_Jt6tEei97MD7GK1RmA_3'}}" 
},{
	 "id": "19", 
	 "label": "{'changeType': 'Preserve', 'type': 'object', 'className': 'EPackage', 'attributes': {'id': '_XcT-4N6tEei97MD7GK1RmA', 'name':'modelingBot','nsURI':'http://www.eclipse.org/emf/eef/mbot/1.0.0','nsPrefix':'eef-mbot','eFactoryInstance':'org.eclipse.emf.ecore.impl.EFactoryImpl@1a3b1272','eClassifiers':['Scenario','Action','Sequence','Wizard','DocumentedElement','ModelingBot','DetailsPage','PropertiesView','Processing','SequenceType'],'eSubpackages':['EEFActions','EclipseActions']}}" 
},{
	 "id": "20", 
	 "label": "{'changeType': 'Preserve', 'type': 'object', 'className': 'EClass', 'attributes': {'id': '_XcT-4d6tEei97MD7GK1RmA', 'eAnnotations':['org.eclipse.emf.ecore.impl.EAnnotationImpl@684b5630 (source: http://www.eclipse.org/emf/2002/Ecore)'],'name':'Scenario','ePackage':'modelingBot','abstract':'false','interface':'false','eGenericSuperTypes':['org.eclipse.emf.ecore.impl.EGenericTypeImpl@2c712a9a (expression: Sequence)']}}" 
},{
	 "id": "21", 
	 "label": "{'changeType': 'Preserve', 'type': 'object', 'className': 'EAnnotation', 'attributes': {'id': '_X6RtQt6tEei97MD7GK1RmA', 'source':'http://www.eclipse.org/emf/2002/Ecore','details':['org.eclipse.emf.ecore.impl.EStringToStringMapEntryImpl@778c8948 (key: constraints, value: JavaTestExistsForScenarioConstraint)'],'eModelElement':'Scenario','references':['Scenario']}}" 
},{
	 "id": "22", 
	 "label": "{'changeType': 'Preserve', 'type': 'object', 'className': 'EStringToStringMapEntry', 'attributes': {'id': '_X6RtQ96tEei97MD7GK1RmA', 'key':'constraints','value':'JavaTestExistsForScenarioConstraint'}}" 
},{
	 "id": "23", 
	 "label": "{'changeType': 'Preserve', 'type': 'object', 'className': 'EClass', 'attributes': {'id': '_XcT-4t6tEei97MD7GK1RmA', 'name':'Action','ePackage':'modelingBot','abstract':'true','interface':'false','eGenericSuperTypes':['org.eclipse.emf.ecore.impl.EGenericTypeImpl@15e265b (expression: DocumentedElement)','org.eclipse.emf.ecore.impl.EGenericTypeImpl@77611157 (expression: Processing)']}}" 
},{
	 "id": "24", 
	 "label": "{'changeType': 'Preserve', 'type': 'object', 'className': 'EClass', 'attributes': {'id': '_XcT-496tEei97MD7GK1RmA', 'name':'Sequence','ePackage':'modelingBot','abstract':'true','interface':'false','eStructuralFeatures':['actions','sequences','processings'],'eGenericSuperTypes':['org.eclipse.emf.ecore.impl.EGenericTypeImpl@bf841a7 (expression: DocumentedElement)','org.eclipse.emf.ecore.impl.EGenericTypeImpl@2e788fb8 (expression: Processing)']}}" 
},{
	 "id": "25", 
	 "label": "{'changeType': 'Preserve', 'type': 'object', 'className': 'EReference', 'attributes': {'id': '_XcT-5N6tEei97MD7GK1RmA', 'name':'actions','ordered':'true','unique':'true','lowerBound':'0','upperBound':'-1','many':'true','required':'false','eType':'Action','eGenericType':'org.eclipse.emf.ecore.impl.EGenericTypeImpl@96fc591 (expression: Action)','changeable':'true','volatile':'false','transient':'true','unsettable':'false','derived':'true','eContainingClass':'Sequence','containment':'true','container':'false','resolveProxies':'true','eReferenceType':'Action'}}" 
},{
	 "id": "26", 
	 "label": "{'changeType': 'Preserve', 'type': 'object', 'className': 'EReference', 'attributes': {'id': '_XcT-5d6tEei97MD7GK1RmA', 'name':'sequences','ordered':'true','unique':'true','lowerBound':'0','upperBound':'-1','many':'true','required':'false','eType':'Sequence','eGenericType':'org.eclipse.emf.ecore.impl.EGenericTypeImpl@4e070281 (expression: Sequence)','changeable':'true','volatile':'false','transient':'true','unsettable':'false','derived':'true','eContainingClass':'Sequence','containment':'true','container':'false','resolveProxies':'true','eReferenceType':'Sequence'}}" 
},{
	 "id": "27", 
	 "label": "{'changeType': 'Preserve', 'type': 'object', 'className': 'EReference', 'attributes': {'id': '_XcT-5t6tEei97MD7GK1RmA', 'name':'processings','ordered':'true','unique':'true','lowerBound':'0','upperBound':'-1','many':'true','required':'false','eType':'Processing','eGenericType':'org.eclipse.emf.ecore.impl.EGenericTypeImpl@5e6418d2 (expression: Processing)','changeable':'true','volatile':'false','transient':'false','unsettable':'false','derived':'false','eContainingClass':'Sequence','containment':'true','container':'false','resolveProxies':'true','eReferenceType':'Processing'}}" 
},{
	 "id": "28", 
	 "label": "{'changeType': 'Preserve', 'type': 'object', 'className': 'EClass', 'attributes': {'id': '_XcT-596tEei97MD7GK1RmA', 'name':'Wizard','ePackage':'modelingBot','abstract':'false','interface':'false','eStructuralFeatures':['referenceableObject'],'eGenericSuperTypes':['org.eclipse.emf.ecore.impl.EGenericTypeImpl@7b56d649 (expression: Sequence)']}}" 
},{
	 "id": "29", 
	 "label": "{'changeType': 'Preserve', 'type': 'object', 'className': 'EReference', 'attributes': {'id': '_X17YyN6tEei97MD7GK1RmA', 'name':'referenceableObject','ordered':'true','unique':'true','lowerBound':'0','upperBound':'1','many':'false','required':'false','eType':'ReferenceableObject','eGenericType':'org.eclipse.emf.ecore.impl.EGenericTypeImpl@53858b5b (expression: ReferenceableObject)','changeable':'true','volatile':'false','transient':'false','unsettable':'false','derived':'false','eContainingClass':'Wizard','containment':'false','container':'false','resolveProxies':'true','eReferenceType':'ReferenceableObject'}}" 
},{
	 "id": "30", 
	 "label": "{'changeType': 'Preserve', 'type': 'object', 'className': 'EClass', 'attributes': {'id': '_XcT-6N6tEei97MD7GK1RmA', 'name':'DocumentedElement','ePackage':'modelingBot','abstract':'true','interface':'false','eStructuralFeatures':['name','documentation']}}" 
},{
	 "id": "31", 
	 "label": "{'changeType': 'Preserve', 'type': 'object', 'className': 'EAttribute', 'attributes': {'id': '_XcT-6d6tEei97MD7GK1RmA', 'name':'name','ordered':'true','unique':'true','lowerBound':'0','upperBound':'1','many':'false','required':'false','eType':'EString','eGenericType':'org.eclipse.emf.ecore.impl.EGenericTypeImpl@4a888f9 (expression: EString)','changeable':'true','volatile':'false','transient':'false','unsettable':'false','derived':'false','eContainingClass':'DocumentedElement','iD':'false','eAttributeType':'EString'}}" 
},{
	 "id": "32", 
	 "label": "{'changeType': 'Preserve', 'type': 'object', 'className': 'EAttribute', 'attributes': {'id': '_XcT-696tEei97MD7GK1RmA', 'name':'documentation','ordered':'true','unique':'true','lowerBound':'0','upperBound':'1','many':'false','required':'false','eType':'EString','eGenericType':'org.eclipse.emf.ecore.impl.EGenericTypeImpl@73d8763 (expression: EString)','changeable':'true','volatile':'false','transient':'false','unsettable':'false','derived':'false','eContainingClass':'DocumentedElement','iD':'false','eAttributeType':'EString'}}" 
},{
	 "id": "33", 
	 "label": "{'changeType': 'Preserve', 'type': 'object', 'className': 'EClass', 'attributes': {'id': '_XcT-7d6tEei97MD7GK1RmA', 'name':'ModelingBot','ePackage':'modelingBot','abstract':'false','interface':'false','eStructuralFeatures':['propertiesEditionContext','sequences']}}" 
},{
	 "id": "34", 
	 "label": "{'changeType': 'Preserve', 'type': 'object', 'className': 'EReference', 'attributes': {'id': '_XcT-7t6tEei97MD7GK1RmA', 'name':'propertiesEditionContext','ordered':'true','unique':'true','lowerBound':'0','upperBound':'1','many':'false','required':'false','eType':'PropertiesEditionContext','eGenericType':'org.eclipse.emf.ecore.impl.EGenericTypeImpl@694efe4 (expression: PropertiesEditionContext)','changeable':'true','volatile':'false','transient':'false','unsettable':'false','derived':'false','eContainingClass':'ModelingBot','containment':'false','container':'false','resolveProxies':'true','eReferenceType':'PropertiesEditionContext'}}" 
},{
	 "id": "35", 
	 "label": "{'changeType': 'Preserve', 'type': 'object', 'className': 'EReference', 'attributes': {'id': '_XcT-8N6tEei97MD7GK1RmA', 'name':'sequences','ordered':'true','unique':'true','lowerBound':'0','upperBound':'-1','many':'true','required':'false','eType':'Sequence','eGenericType':'org.eclipse.emf.ecore.impl.EGenericTypeImpl@4a4d7f6a (expression: Sequence)','changeable':'true','volatile':'false','transient':'false','unsettable':'false','derived':'false','eContainingClass':'ModelingBot','containment':'true','container':'false','resolveProxies':'true','eReferenceType':'Sequence'}}" 
},{
	 "id": "36", 
	 "label": "{'changeType': 'Preserve', 'type': 'object', 'className': 'EClass', 'attributes': {'id': '_XcT-8d6tEei97MD7GK1RmA', 'name':'DetailsPage','ePackage':'modelingBot','abstract':'false','interface':'false','eGenericSuperTypes':['org.eclipse.emf.ecore.impl.EGenericTypeImpl@71a1a346 (expression: Sequence)']}}" 
},{
	 "id": "37", 
	 "label": "{'changeType': 'Preserve', 'type': 'object', 'className': 'EClass', 'attributes': {'id': '_XcT-8t6tEei97MD7GK1RmA', 'name':'PropertiesView','ePackage':'modelingBot','abstract':'false','interface':'false','eStructuralFeatures':['id'],'eGenericSuperTypes':['org.eclipse.emf.ecore.impl.EGenericTypeImpl@765fd732 (expression: Sequence)']}}" 
},{
	 "id": "38", 
	 "label": "{'changeType': 'Preserve', 'type': 'object', 'className': 'EAttribute', 'attributes': {'id': '_XcT-896tEei97MD7GK1RmA', 'name':'id','ordered':'true','unique':'true','lowerBound':'0','upperBound':'1','many':'false','required':'false','eType':'EString','eGenericType':'org.eclipse.emf.ecore.impl.EGenericTypeImpl@614f31b (expression: EString)','changeable':'true','volatile':'false','transient':'false','unsettable':'false','derived':'false','eContainingClass':'PropertiesView','iD':'false','eAttributeType':'EString'}}" 
},{
	 "id": "39", 
	 "label": "{'changeType': 'Preserve', 'type': 'object', 'className': 'EClass', 'attributes': {'id': '_XcT-9d6tEei97MD7GK1RmA', 'name':'Processing','ePackage':'modelingBot','abstract':'true','interface':'true'}}" 
},{
	 "id": "40", 
	 "label": "{'changeType': 'Preserve', 'type': 'object', 'className': 'EEnum', 'attributes': {'id': '_XgnQJt6tEei97MD7GK1RmA', 'name':'SequenceType','defaultValue':'DETAILS_PAGE','ePackage':'modelingBot','serializable':'true','eLiterals':['DETAILS_PAGE','WIZARD','PROPERTIES_VIEW']}}" 
},{
	 "id": "41", 
	 "label": "{'changeType': 'Preserve', 'type': 'object', 'className': 'EEnumLiteral', 'attributes': {'id': '_XgnQJ96tEei97MD7GK1RmA', 'name':'DETAILS_PAGE','value':'0','instance':'DETAILS_PAGE','literal':'DETAILS_PAGE','eEnum':'SequenceType'}}" 
},{
	 "id": "42", 
	 "label": "{'changeType': 'Preserve', 'type': 'object', 'className': 'EEnumLiteral', 'attributes': {'id': '_XgnQKN6tEei97MD7GK1RmA', 'name':'WIZARD','value':'1','instance':'WIZARD','literal':'WIZARD','eEnum':'SequenceType'}}" 
},{
	 "id": "43", 
	 "label": "{'changeType': 'Preserve', 'type': 'object', 'className': 'EEnumLiteral', 'attributes': {'id': '_XgnQKd6tEei97MD7GK1RmA', 'name':'PROPERTIES_VIEW','value':'2','instance':'PROPERTIES_VIEW','literal':'PROPERTIES_VIEW','eEnum':'SequenceType'}}" 
},{
	 "id": "44", 
	 "label": "{'changeType': 'Preserve', 'type': 'object', 'className': 'EPackage', 'attributes': {'id': '_XcT-9t6tEei97MD7GK1RmA', 'name':'EEFActions','nsURI':'http://www.eclipse.org/emf/eef/test/EEFActions/1.0.0','nsPrefix':'eef-test','eFactoryInstance':'org.eclipse.emf.ecore.impl.EFactoryImpl@11e78346','eClassifiers':['EEFAction','EditAction','Add','Remove','SetAttribute','UnsetAttribute','Unset','Cancel','Check','OpenEEFEditor','SetReference','UnsetReference','MoveUp','MoveDown'],'eSuperPackage':'modelingBot'}}" 
},{
	 "id": "45", 
	 "label": "{'changeType': 'Preserve', 'type': 'object', 'className': 'EClass', 'attributes': {'id': '_XcT-996tEei97MD7GK1RmA', 'name':'EEFAction','ePackage':'EEFActions','abstract':'true','interface':'false','eGenericSuperTypes':['org.eclipse.emf.ecore.impl.EGenericTypeImpl@6f916604 (expression: Action)']}}" 
},{
	 "id": "46", 
	 "label": "{'changeType': 'Preserve', 'type': 'object', 'className': 'EReference', 'attributes': {'id': '_XcT--d6tEei97MD7GK1RmA', 'name':'propertiesEditionElement','ordered':'true','unique':'true','lowerBound':'0','upperBound':'1','many':'false','required':'false','eType':'PropertiesEditionElement','eGenericType':'org.eclipse.emf.ecore.impl.EGenericTypeImpl@3fc28023 (expression: PropertiesEditionElement)','changeable':'true','volatile':'false','transient':'false','unsettable':'false','derived':'false','eContainingClass':'EditAction','containment':'false','container':'false','resolveProxies':'true','eReferenceType':'PropertiesEditionElement'}}" 
},{
	 "id": "47", 
	 "label": "{'changeType': 'Preserve', 'type': 'object', 'className': 'EReference', 'attributes': {'id': '_XcT--96tEei97MD7GK1RmA', 'name':'referenceableObject','ordered':'true','unique':'true','lowerBound':'0','upperBound':'1','many':'false','required':'false','eType':'ReferenceableObject','eGenericType':'org.eclipse.emf.ecore.impl.EGenericTypeImpl@79433284 (expression: ReferenceableObject)','changeable':'true','volatile':'false','transient':'false','unsettable':'false','derived':'false','eContainingClass':'EditAction','containment':'false','container':'false','resolveProxies':'true','eReferenceType':'ReferenceableObject'}}" 
},{
	 "id": "48", 
	 "label": "{'changeType': 'Preserve', 'type': 'object', 'className': 'EReference', 'attributes': {'id': '_Xeizod6tEei97MD7GK1RmA', 'name':'type','ordered':'true','unique':'true','lowerBound':'0','upperBound':'1','many':'false','required':'false','eType':'EClass','eGenericType':'org.eclipse.emf.ecore.impl.EGenericTypeImpl@3ffaaf7c (expression: EClass)','changeable':'true','volatile':'false','transient':'false','unsettable':'false','derived':'false','eContainingClass':'Add','containment':'false','container':'false','resolveProxies':'true','eReferenceType':'EClass'}}" 
},{
	 "id": "49", 
	 "label": "{'changeType': 'Preserve', 'type': 'object', 'className': 'EClass', 'attributes': {'id': '_XcT_Ad6tEei97MD7GK1RmA', 'name':'Remove','ePackage':'EEFActions','abstract':'false','interface':'false','eGenericSuperTypes':['org.eclipse.emf.ecore.impl.EGenericTypeImpl@8fc2b2a (expression: EditAction)']}}" 
},{
	 "id": "50", 
	 "label": "{'changeType': 'Preserve', 'type': 'object', 'className': 'EClass', 'attributes': {'id': '_XcT_At6tEei97MD7GK1RmA', 'name':'SetAttribute','ePackage':'EEFActions','abstract':'false','interface':'false','eStructuralFeatures':['values','eContainingFeature'],'eGenericSuperTypes':['org.eclipse.emf.ecore.impl.EGenericTypeImpl@3c408927 (expression: EditAction)']}}" 
},{
	 "id": "51", 
	 "label": "{'changeType': 'Preserve', 'type': 'object', 'className': 'EAttribute', 'attributes': {'id': '_X17Y696tEei97MD7GK1RmA', 'name':'values','ordered':'true','unique':'true','lowerBound':'0','upperBound':'-1','many':'true','required':'false','eType':'EString','eGenericType':'org.eclipse.emf.ecore.impl.EGenericTypeImpl@88c20ac (expression: EString)','changeable':'true','volatile':'false','transient':'false','unsettable':'false','derived':'false','eContainingClass':'SetAttribute','iD':'false','eAttributeType':'EString'}}" 
},{
	 "id": "52", 
	 "label": "{'changeType': 'Preserve', 'type': 'object', 'className': 'EReference', 'attributes': {'id': '_XfcLiN6tEei97MD7GK1RmA', 'name':'eContainingFeature','ordered':'true','unique':'true','lowerBound':'0','upperBound':'1','many':'false','required':'false','eType':'EStructuralFeature','eGenericType':'org.eclipse.emf.ecore.impl.EGenericTypeImpl@5760801 (expression: EStructuralFeature)','changeable':'true','volatile':'false','transient':'false','unsettable':'false','derived':'false','eContainingClass':'SetAttribute','containment':'false','container':'false','resolveProxies':'true','eReferenceType':'EStructuralFeature'}}" 
},{
	 "id": "53", 
	 "label": "{'changeType': 'Preserve', 'type': 'object', 'className': 'EClass', 'attributes': {'id': '_X17Y796tEei97MD7GK1RmA', 'name':'UnsetAttribute','ePackage':'EEFActions','abstract':'false','interface':'false','eStructuralFeatures':['values','eContainingFeature'],'eGenericSuperTypes':['org.eclipse.emf.ecore.impl.EGenericTypeImpl@aa6c124 (expression: EditAction)']}}" 
},{
	 "id": "54", 
	 "label": "{'changeType': 'Preserve', 'type': 'object', 'className': 'EAttribute', 'attributes': {'id': '_X17Y8N6tEei97MD7GK1RmA', 'name':'values','ordered':'true','unique':'true','lowerBound':'0','upperBound':'-1','many':'true','required':'false','eType':'EString','eGenericType':'org.eclipse.emf.ecore.impl.EGenericTypeImpl@3f5bc65a (expression: EString)','changeable':'true','volatile':'false','transient':'false','unsettable':'false','derived':'false','eContainingClass':'UnsetAttribute','iD':'false','eAttributeType':'EString'}}" 
},{
	 "id": "55", 
	 "label": "{'changeType': 'Preserve', 'type': 'object', 'className': 'EReference', 'attributes': {'id': '_X17Y8t6tEei97MD7GK1RmA', 'name':'eContainingFeature','ordered':'true','unique':'true','lowerBound':'0','upperBound':'1','many':'false','required':'false','eType':'EStructuralFeature','eGenericType':'org.eclipse.emf.ecore.impl.EGenericTypeImpl@50f8e55d (expression: EStructuralFeature)','changeable':'true','volatile':'false','transient':'false','unsettable':'false','derived':'false','eContainingClass':'UnsetAttribute','containment':'false','container':'false','resolveProxies':'true','eReferenceType':'EStructuralFeature'}}" 
},{
	 "id": "56", 
	 "label": "{'changeType': 'Preserve', 'type': 'object', 'className': 'EClass', 'attributes': {'id': '_XcT_Bd6tEei97MD7GK1RmA', 'name':'Unset','ePackage':'EEFActions','abstract':'false','interface':'false','eStructuralFeatures':['feature'],'eGenericSuperTypes':['org.eclipse.emf.ecore.impl.EGenericTypeImpl@7ceda2c3 (expression: EditAction)']}}" 
},{
	 "id": "57", 
	 "label": "{'changeType': 'Preserve', 'type': 'object', 'className': 'EReference', 'attributes': {'id': '_XfcLi96tEei97MD7GK1RmA', 'name':'feature','ordered':'true','unique':'true','lowerBound':'0','upperBound':'1','many':'false','required':'false','eType':'EStructuralFeature','eGenericType':'org.eclipse.emf.ecore.impl.EGenericTypeImpl@5a42aeb5 (expression: EStructuralFeature)','changeable':'true','volatile':'false','transient':'false','unsettable':'false','derived':'false','eContainingClass':'Unset','containment':'false','container':'false','resolveProxies':'true','eReferenceType':'EStructuralFeature'}}" 
},{
	 "id": "58", 
	 "label": "{'changeType': 'Preserve', 'type': 'object', 'className': 'EClass', 'attributes': {'id': '_XcT_Bt6tEei97MD7GK1RmA', 'name':'Cancel','ePackage':'EEFActions','abstract':'false','interface':'false','eStructuralFeatures':['processing'],'eGenericSuperTypes':['org.eclipse.emf.ecore.impl.EGenericTypeImpl@780f3bcd (expression: EEFAction)']}}" 
},{
	 "id": "59", 
	 "label": "{'changeType': 'Preserve', 'type': 'object', 'className': 'EReference', 'attributes': {'id': '_X17Y-N6tEei97MD7GK1RmA', 'name':'processing','ordered':'true','unique':'true','lowerBound':'0','upperBound':'1','many':'false','required':'false','eType':'Processing','eGenericType':'org.eclipse.emf.ecore.impl.EGenericTypeImpl@4144913d (expression: Processing)','changeable':'true','volatile':'false','transient':'false','unsettable':'false','derived':'false','eContainingClass':'Cancel','containment':'false','container':'false','resolveProxies':'true','eReferenceType':'Processing'}}" 
},{
	 "id": "60", 
	 "label": "{'changeType': 'Preserve', 'type': 'object', 'className': 'EClass', 'attributes': {'id': '_XcT_B96tEei97MD7GK1RmA', 'name':'Check','ePackage':'EEFActions','abstract':'false','interface':'false','eGenericSuperTypes':['org.eclipse.emf.ecore.impl.EGenericTypeImpl@20ff5cf (expression: EEFAction)']}}" 
},{
	 "id": "61", 
	 "label": "{'changeType': 'Preserve', 'type': 'object', 'className': 'EClass', 'attributes': {'id': '_XcT_CN6tEei97MD7GK1RmA', 'name':'OpenEEFEditor','ePackage':'EEFActions','abstract':'false','interface':'false','eStructuralFeatures':['editorName'],'eGenericSuperTypes':['org.eclipse.emf.ecore.impl.EGenericTypeImpl@c7a8350 (expression: EEFAction)']}}" 
},{
	 "id": "62", 
	 "label": "{'changeType': 'Preserve', 'type': 'object', 'className': 'EAttribute', 'attributes': {'id': '_XcT_Cd6tEei97MD7GK1RmA', 'name':'editorName','ordered':'true','unique':'true','lowerBound':'0','upperBound':'1','many':'false','required':'false','eType':'EString','eGenericType':'org.eclipse.emf.ecore.impl.EGenericTypeImpl@9b8711c (expression: EString)','changeable':'true','volatile':'false','transient':'false','unsettable':'false','derived':'false','eContainingClass':'OpenEEFEditor','iD':'false','eAttributeType':'EString'}}" 
},{
	 "id": "63", 
	 "label": "{'changeType': 'Preserve', 'type': 'object', 'className': 'EClass', 'attributes': {'id': '_XcT_C96tEei97MD7GK1RmA', 'name':'SetReference','ePackage':'EEFActions','abstract':'false','interface':'false','eStructuralFeatures':['values','eContainingFeature'],'eGenericSuperTypes':['org.eclipse.emf.ecore.impl.EGenericTypeImpl@29fb4434 (expression: EditAction)']}}" 
},{
	 "id": "64", 
	 "label": "{'changeType': 'Preserve', 'type': 'object', 'className': 'EReference', 'attributes': {'id': '_X17Y_t6tEei97MD7GK1RmA', 'name':'values','ordered':'true','unique':'true','lowerBound':'0','upperBound':'-1','many':'true','required':'false','eType':'ReferenceableObject','eGenericType':'org.eclipse.emf.ecore.impl.EGenericTypeImpl@35add6fd (expression: ReferenceableObject)','changeable':'true','volatile':'false','transient':'false','unsettable':'false','derived':'false','eContainingClass':'SetReference','containment':'false','container':'false','resolveProxies':'true','eReferenceType':'ReferenceableObject'}}" 
},{
	 "id": "65", 
	 "label": "{'changeType': 'Preserve', 'type': 'object', 'className': 'EReference', 'attributes': {'id': '_Xi2r-d6tEei97MD7GK1RmA', 'name':'eContainingFeature','ordered':'true','unique':'true','lowerBound':'0','upperBound':'1','many':'false','required':'false','eType':'EStructuralFeature','eGenericType':'org.eclipse.emf.ecore.impl.EGenericTypeImpl@2e65bd3f (expression: EStructuralFeature)','changeable':'true','volatile':'false','transient':'false','unsettable':'false','derived':'false','eContainingClass':'SetReference','containment':'false','container':'false','resolveProxies':'true','eReferenceType':'EStructuralFeature'}}" 
},{
	 "id": "66", 
	 "label": "{'changeType': 'Preserve', 'type': 'object', 'className': 'EClass', 'attributes': {'id': '_X17ZAt6tEei97MD7GK1RmA', 'name':'UnsetReference','ePackage':'EEFActions','abstract':'false','interface':'false','eStructuralFeatures':['feature','values'],'eGenericSuperTypes':['org.eclipse.emf.ecore.impl.EGenericTypeImpl@31733ad4 (expression: EditAction)']}}" 
},{
	 "id": "67", 
	 "label": "{'changeType': 'Preserve', 'type': 'object', 'className': 'EReference', 'attributes': {'id': '_X17ZA96tEei97MD7GK1RmA', 'name':'feature','ordered':'true','unique':'true','lowerBound':'0','upperBound':'1','many':'false','required':'false','eType':'EStructuralFeature','eGenericType':'org.eclipse.emf.ecore.impl.EGenericTypeImpl@bcbc2e6 (expression: EStructuralFeature)','changeable':'true','volatile':'false','transient':'false','unsettable':'false','derived':'false','eContainingClass':'UnsetReference','containment':'false','container':'false','resolveProxies':'true','eReferenceType':'EStructuralFeature'}}" 
},{
	 "id": "68", 
	 "label": "{'changeType': 'Preserve', 'type': 'object', 'className': 'EReference', 'attributes': {'id': '_X17ZBd6tEei97MD7GK1RmA', 'name':'values','ordered':'true','unique':'true','lowerBound':'0','upperBound':'-1','many':'true','required':'false','eType':'ReferenceableObject','eGenericType':'org.eclipse.emf.ecore.impl.EGenericTypeImpl@591451b8 (expression: ReferenceableObject)','changeable':'true','volatile':'false','transient':'false','unsettable':'false','derived':'false','eContainingClass':'UnsetReference','containment':'false','container':'false','resolveProxies':'true','eReferenceType':'ReferenceableObject'}}" 
},{
	 "id": "69", 
	 "label": "{'changeType': 'Preserve', 'type': 'object', 'className': 'EClass', 'attributes': {'id': '_X3kXyN6tEei97MD7GK1RmA', 'name':'MoveUp','ePackage':'EEFActions','abstract':'false','interface':'false','eGenericSuperTypes':['org.eclipse.emf.ecore.impl.EGenericTypeImpl@24254005 (expression: EditAction)']}}" 
},{
	 "id": "70", 
	 "label": "{'changeType': 'Preserve', 'type': 'object', 'className': 'EClass', 'attributes': {'id': '_X3kXyd6tEei97MD7GK1RmA', 'name':'MoveDown','ePackage':'EEFActions','abstract':'false','interface':'false','eGenericSuperTypes':['org.eclipse.emf.ecore.impl.EGenericTypeImpl@65628865 (expression: EditAction)']}}" 
},{
	 "id": "71", 
	 "label": "{'changeType': 'Preserve', 'type': 'object', 'className': 'EPackage', 'attributes': {'id': '_XcT_Dt6tEei97MD7GK1RmA', 'name':'EclipseActions','nsURI':'http://www.eclipse.org/emf/eef/test/EclipseActions/1.0.0','nsPrefix':'eef-test','eFactoryInstance':'org.eclipse.emf.ecore.impl.EFactoryImpl@2502202e','eClassifiers':['EclipseAction','CreateProject','OpenPerspective','CloseProject','Save','Undo','Redo','OpenProject','RemoveProject','CloseEditor','OpenEditor','CreateModel'],'eSuperPackage':'modelingBot'}}" 
},{
	 "id": "72", 
	 "label": "{'changeType': 'Preserve', 'type': 'object', 'className': 'EClass', 'attributes': {'id': '_XcT_D96tEei97MD7GK1RmA', 'name':'EclipseAction','ePackage':'EclipseActions','abstract':'true','interface':'false','eGenericSuperTypes':['org.eclipse.emf.ecore.impl.EGenericTypeImpl@63705aea (expression: Action)']}}" 
},{
	 "id": "73", 
	 "label": "{'changeType': 'Preserve', 'type': 'object', 'className': 'EClass', 'attributes': {'id': '_XcT_EN6tEei97MD7GK1RmA', 'name':'CreateProject','ePackage':'EclipseActions','abstract':'false','interface':'false','eStructuralFeatures':['projectName'],'eGenericSuperTypes':['org.eclipse.emf.ecore.impl.EGenericTypeImpl@eacc4a9 (expression: EclipseAction)']}}" 
},{
	 "id": "74", 
	 "label": "{'changeType': 'Preserve', 'type': 'object', 'className': 'EClass', 'attributes': {'id': '_XcT_E96tEei97MD7GK1RmA', 'name':'OpenPerspective','ePackage':'EclipseActions','abstract':'false','interface':'false','eStructuralFeatures':['type'],'eGenericSuperTypes':['org.eclipse.emf.ecore.impl.EGenericTypeImpl@5beae7b7 (expression: EclipseAction)']}}" 
},{
	 "id": "75", 
	 "label": "{'changeType': 'Preserve', 'type': 'object', 'className': 'EAttribute', 'attributes': {'id': '_XcT_FN6tEei97MD7GK1RmA', 'name':'type','ordered':'true','unique':'true','lowerBound':'0','upperBound':'1','many':'false','required':'false','eType':'EString','eGenericType':'org.eclipse.emf.ecore.impl.EGenericTypeImpl@fd1e639 (expression: EString)','changeable':'true','volatile':'false','transient':'false','unsettable':'false','derived':'false','eContainingClass':'OpenPerspective','iD':'false','eAttributeType':'EString'}}" 
},{
	 "id": "76", 
	 "label": "{'changeType': 'Preserve', 'type': 'object', 'className': 'EClass', 'attributes': {'id': '_XcT_Ft6tEei97MD7GK1RmA', 'name':'CloseProject','ePackage':'EclipseActions','abstract':'false','interface':'false','eStructuralFeatures':['projectName'],'eGenericSuperTypes':['org.eclipse.emf.ecore.impl.EGenericTypeImpl@6fcab346 (expression: EclipseAction)']}}" 
},{
	 "id": "77", 
	 "label": "{'changeType': 'Preserve', 'type': 'object', 'className': 'EAttribute', 'attributes': {'id': '_XcT_F96tEei97MD7GK1RmA', 'name':'projectName','ordered':'true','unique':'true','lowerBound':'0','upperBound':'1','many':'false','required':'false','eType':'EString','eGenericType':'org.eclipse.emf.ecore.impl.EGenericTypeImpl@5a7b2596 (expression: EString)','changeable':'true','volatile':'false','transient':'false','unsettable':'false','derived':'false','eContainingClass':'CloseProject','iD':'false','eAttributeType':'EString'}}" 
},{
	 "id": "78", 
	 "label": "{'changeType': 'Preserve', 'type': 'object', 'className': 'EClass', 'attributes': {'id': '_XcT_Gd6tEei97MD7GK1RmA', 'name':'Save','ePackage':'EclipseActions','abstract':'false','interface':'false','eGenericSuperTypes':['org.eclipse.emf.ecore.impl.EGenericTypeImpl@a541380 (expression: EclipseAction)']}}" 
},{
	 "id": "79", 
	 "label": "{'changeType': 'Preserve', 'type': 'object', 'className': 'EClass', 'attributes': {'id': '_XcT_Gt6tEei97MD7GK1RmA', 'name':'Undo','ePackage':'EclipseActions','abstract':'false','interface':'false','eGenericSuperTypes':['org.eclipse.emf.ecore.impl.EGenericTypeImpl@c982c82 (expression: EclipseAction)']}}" 
},{
	 "id": "80", 
	 "label": "{'changeType': 'Preserve', 'type': 'object', 'className': 'EClass', 'attributes': {'id': '_XcT_G96tEei97MD7GK1RmA', 'name':'Redo','ePackage':'EclipseActions','abstract':'false','interface':'false','eGenericSuperTypes':['org.eclipse.emf.ecore.impl.EGenericTypeImpl@60b0b54c (expression: EclipseAction)']}}" 
},{
	 "id": "81", 
	 "label": "{'changeType': 'Preserve', 'type': 'object', 'className': 'EClass', 'attributes': {'id': '_XcT_HN6tEei97MD7GK1RmA', 'name':'OpenProject','ePackage':'EclipseActions','abstract':'false','interface':'false','eStructuralFeatures':['projectName'],'eGenericSuperTypes':['org.eclipse.emf.ecore.impl.EGenericTypeImpl@455ee03e (expression: EclipseAction)']}}" 
},{
	 "id": "82", 
	 "label": "{'changeType': 'Preserve', 'type': 'object', 'className': 'EAttribute', 'attributes': {'id': '_XcT_Hd6tEei97MD7GK1RmA', 'name':'projectName','ordered':'true','unique':'true','lowerBound':'0','upperBound':'1','many':'false','required':'false','eType':'EString','eGenericType':'org.eclipse.emf.ecore.impl.EGenericTypeImpl@799615db (expression: EString)','changeable':'true','volatile':'false','transient':'false','unsettable':'false','derived':'false','eContainingClass':'OpenProject','iD':'false','eAttributeType':'EString'}}" 
},{
	 "id": "83", 
	 "label": "{'changeType': 'Preserve', 'type': 'object', 'className': 'EClass', 'attributes': {'id': '_XcT_H96tEei97MD7GK1RmA', 'name':'RemoveProject','ePackage':'EclipseActions','abstract':'false','interface':'false','eStructuralFeatures':['projectName'],'eGenericSuperTypes':['org.eclipse.emf.ecore.impl.EGenericTypeImpl@3a69fe83 (expression: EclipseAction)']}}" 
},{
	 "id": "84", 
	 "label": "{'changeType': 'Preserve', 'type': 'object', 'className': 'EAttribute', 'attributes': {'id': '_XcT_IN6tEei97MD7GK1RmA', 'name':'projectName','ordered':'true','unique':'true','lowerBound':'0','upperBound':'1','many':'false','required':'false','eType':'EString','eGenericType':'org.eclipse.emf.ecore.impl.EGenericTypeImpl@216d8735 (expression: EString)','changeable':'true','volatile':'false','transient':'false','unsettable':'false','derived':'false','eContainingClass':'RemoveProject','iD':'false','eAttributeType':'EString'}}" 
},{
	 "id": "85", 
	 "label": "{'changeType': 'Preserve', 'type': 'object', 'className': 'EClass', 'attributes': {'id': '_XcT_It6tEei97MD7GK1RmA', 'name':'CloseEditor','ePackage':'EclipseActions','abstract':'false','interface':'false','eStructuralFeatures':['path'],'eGenericSuperTypes':['org.eclipse.emf.ecore.impl.EGenericTypeImpl@7929a090 (expression: EclipseAction)']}}" 
},{
	 "id": "86", 
	 "label": "{'changeType': 'Preserve', 'type': 'object', 'className': 'EAttribute', 'attributes': {'id': '_XhzjLt6tEei97MD7GK1RmA', 'name':'path','ordered':'true','unique':'true','lowerBound':'0','upperBound':'1','many':'false','required':'false','eType':'EString','eGenericType':'org.eclipse.emf.ecore.impl.EGenericTypeImpl@3fded0a8 (expression: EString)','changeable':'true','volatile':'false','transient':'false','unsettable':'false','derived':'false','eContainingClass':'CloseEditor','iD':'false','eAttributeType':'EString'}}" 
},{
	 "id": "87", 
	 "label": "{'changeType': 'Preserve', 'type': 'object', 'className': 'EClass', 'attributes': {'id': '_X3kX4d6tEei97MD7GK1RmA', 'name':'OpenEditor','ePackage':'EclipseActions','abstract':'false','interface':'false','eStructuralFeatures':['editorName','root'],'eGenericSuperTypes':['org.eclipse.emf.ecore.impl.EGenericTypeImpl@957fd95 (expression: EclipseAction)']}}" 
},{
	 "id": "88", 
	 "label": "{'changeType': 'Preserve', 'type': 'object', 'className': 'EAttribute', 'attributes': {'id': '_X3kX4t6tEei97MD7GK1RmA', 'name':'editorName','ordered':'true','unique':'true','lowerBound':'0','upperBound':'1','many':'false','required':'false','eType':'EString','eGenericType':'org.eclipse.emf.ecore.impl.EGenericTypeImpl@fe2a2d6 (expression: EString)','changeable':'true','volatile':'false','transient':'false','unsettable':'false','derived':'false','eContainingClass':'OpenEditor','iD':'false','eAttributeType':'EString'}}" 
},{
	 "id": "89", 
	 "label": "{'changeType': 'Preserve', 'type': 'object', 'className': 'EReference', 'attributes': {'id': '_X3kX5N6tEei97MD7GK1RmA', 'name':'root','ordered':'true','unique':'true','lowerBound':'0','upperBound':'1','many':'false','required':'false','eType':'EClass','eGenericType':'org.eclipse.emf.ecore.impl.EGenericTypeImpl@73d7a0ca (expression: EClass)','changeable':'true','volatile':'false','transient':'false','unsettable':'false','derived':'false','eContainingClass':'OpenEditor','containment':'false','container':'false','resolveProxies':'true','eReferenceType':'EClass'}}" 
},{
	 "id": "90", 
	 "label": "{'changeType': 'Preserve', 'type': 'object', 'className': 'EReference', 'attributes': {'id': '_XcT_KN6tEei97MD7GK1RmA', 'name':'root','ordered':'true','unique':'true','lowerBound':'0','upperBound':'1','many':'false','required':'false','eType':'EClass','eGenericType':'org.eclipse.emf.ecore.impl.EGenericTypeImpl@3c7813b7 (expression: EClass)','changeable':'true','volatile':'false','transient':'false','unsettable':'false','derived':'false','eContainingClass':'CreateModel','containment':'false','container':'false','resolveProxies':'true','eReferenceType':'EClass'}}" 
}], 
 "links": [{
	 "source": "1", 
	 "target": "0", 
	 "label": "{'changeType': 'ADD', 'type': 'reference', 'referenceTypeName': 'eStructuralFeatures'}" 
},{
	 "source": "0", 
	 "target": "1", 
	 "label": "{'changeType': 'ADD', 'type': 'reference', 'referenceTypeName': 'eContainingClass'}" 
},{
	 "source": "1", 
	 "target": "2", 
	 "label": "{'changeType': 'ADD', 'type': 'reference', 'referenceTypeName': 'eStructuralFeatures'}" 
},{
	 "source": "2", 
	 "target": "1", 
	 "label": "{'changeType': 'ADD', 'type': 'reference', 'referenceTypeName': 'eContainingClass'}" 
},{
	 "source": "4", 
	 "target": "3", 
	 "label": "{'changeType': 'ADD', 'type': 'reference', 'referenceTypeName': 'eStructuralFeatures'}" 
},{
	 "source": "3", 
	 "target": "4", 
	 "label": "{'changeType': 'ADD', 'type': 'reference', 'referenceTypeName': 'eContainingClass'}" 
},{
	 "source": "4", 
	 "target": "5", 
	 "label": "{'changeType': 'ADD', 'type': 'reference', 'referenceTypeName': 'eStructuralFeatures'}" 
},{
	 "source": "5", 
	 "target": "4", 
	 "label": "{'changeType': 'ADD', 'type': 'reference', 'referenceTypeName': 'eContainingClass'}" 
},{
	 "source": "4", 
	 "target": "6", 
	 "label": "{'changeType': 'ADD', 'type': 'reference', 'referenceTypeName': 'eStructuralFeatures'}" 
},{
	 "source": "6", 
	 "target": "4", 
	 "label": "{'changeType': 'ADD', 'type': 'reference', 'referenceTypeName': 'eContainingClass'}" 
},{
	 "source": "4", 
	 "target": "7", 
	 "label": "{'changeType': 'ADD', 'type': 'reference', 'referenceTypeName': 'eStructuralFeatures'}" 
},{
	 "source": "7", 
	 "target": "4", 
	 "label": "{'changeType': 'ADD', 'type': 'reference', 'referenceTypeName': 'eContainingClass'}" 
},{
	 "source": "9", 
	 "target": "8", 
	 "label": "{'changeType': 'ADD', 'type': 'reference', 'referenceTypeName': 'eStructuralFeatures'}" 
},{
	 "source": "8", 
	 "target": "9", 
	 "label": "{'changeType': 'ADD', 'type': 'reference', 'referenceTypeName': 'eContainingClass'}" 
},{
	 "source": "9", 
	 "target": "10", 
	 "label": "{'changeType': 'ADD', 'type': 'reference', 'referenceTypeName': 'eStructuralFeatures'}" 
},{
	 "source": "10", 
	 "target": "9", 
	 "label": "{'changeType': 'ADD', 'type': 'reference', 'referenceTypeName': 'eContainingClass'}" 
},{
	 "source": "11", 
	 "target": "12", 
	 "label": "{'changeType': 'Change', 'type': 'attribute'}" 
},{
	 "source": "13", 
	 "target": "14", 
	 "label": "{'changeType': 'Change', 'type': 'attribute'}" 
},{
	 "source": "15", 
	 "target": "16", 
	 "label": "{'changeType': 'Change', 'type': 'attribute'}" 
},{
	 "source": "17", 
	 "target": "18", 
	 "label": "{'changeType': 'Change', 'type': 'attribute'}" 
},{
	 "source": "20", 
	 "target": "19", 
	 "label": "{'changeType': 'Preserve', 'type': 'reference', 'referenceTypeName': 'eClassifiers'}" 
},{
	 "source": "19", 
	 "target": "20", 
	 "label": "{'changeType': 'Preserve', 'type': 'reference', 'referenceTypeName': 'ePackage'}" 
},{
	 "source": "21", 
	 "target": "20", 
	 "label": "{'changeType': 'Preserve', 'type': 'reference', 'referenceTypeName': 'eAnnotations'}" 
},{
	 "source": "20", 
	 "target": "21", 
	 "label": "{'changeType': 'Preserve', 'type': 'reference', 'referenceTypeName': 'eModelElement'}" 
},{
	 "source": "22", 
	 "target": "21", 
	 "label": "{'changeType': 'Preserve', 'type': 'reference', 'referenceTypeName': 'details'}" 
},{
	 "source": "23", 
	 "target": "19", 
	 "label": "{'changeType': 'Preserve', 'type': 'reference', 'referenceTypeName': 'eClassifiers'}" 
},{
	 "source": "19", 
	 "target": "23", 
	 "label": "{'changeType': 'Preserve', 'type': 'reference', 'referenceTypeName': 'ePackage'}" 
},{
	 "source": "24", 
	 "target": "19", 
	 "label": "{'changeType': 'Preserve', 'type': 'reference', 'referenceTypeName': 'eClassifiers'}" 
},{
	 "source": "19", 
	 "target": "24", 
	 "label": "{'changeType': 'Preserve', 'type': 'reference', 'referenceTypeName': 'ePackage'}" 
},{
	 "source": "25", 
	 "target": "24", 
	 "label": "{'changeType': 'Preserve', 'type': 'reference', 'referenceTypeName': 'eStructuralFeatures'}" 
},{
	 "source": "24", 
	 "target": "25", 
	 "label": "{'changeType': 'Preserve', 'type': 'reference', 'referenceTypeName': 'eContainingClass'}" 
},{
	 "source": "26", 
	 "target": "24", 
	 "label": "{'changeType': 'Preserve', 'type': 'reference', 'referenceTypeName': 'eStructuralFeatures'}" 
},{
	 "source": "24", 
	 "target": "26", 
	 "label": "{'changeType': 'Preserve', 'type': 'reference', 'referenceTypeName': 'eContainingClass'}" 
},{
	 "source": "27", 
	 "target": "24", 
	 "label": "{'changeType': 'Preserve', 'type': 'reference', 'referenceTypeName': 'eStructuralFeatures'}" 
},{
	 "source": "24", 
	 "target": "27", 
	 "label": "{'changeType': 'Preserve', 'type': 'reference', 'referenceTypeName': 'eContainingClass'}" 
},{
	 "source": "28", 
	 "target": "19", 
	 "label": "{'changeType': 'Preserve', 'type': 'reference', 'referenceTypeName': 'eClassifiers'}" 
},{
	 "source": "19", 
	 "target": "28", 
	 "label": "{'changeType': 'Preserve', 'type': 'reference', 'referenceTypeName': 'ePackage'}" 
},{
	 "source": "29", 
	 "target": "28", 
	 "label": "{'changeType': 'Preserve', 'type': 'reference', 'referenceTypeName': 'eStructuralFeatures'}" 
},{
	 "source": "28", 
	 "target": "29", 
	 "label": "{'changeType': 'Preserve', 'type': 'reference', 'referenceTypeName': 'eContainingClass'}" 
},{
	 "source": "30", 
	 "target": "19", 
	 "label": "{'changeType': 'Preserve', 'type': 'reference', 'referenceTypeName': 'eClassifiers'}" 
},{
	 "source": "19", 
	 "target": "30", 
	 "label": "{'changeType': 'Preserve', 'type': 'reference', 'referenceTypeName': 'ePackage'}" 
},{
	 "source": "31", 
	 "target": "30", 
	 "label": "{'changeType': 'Preserve', 'type': 'reference', 'referenceTypeName': 'eStructuralFeatures'}" 
},{
	 "source": "30", 
	 "target": "31", 
	 "label": "{'changeType': 'Preserve', 'type': 'reference', 'referenceTypeName': 'eContainingClass'}" 
},{
	 "source": "32", 
	 "target": "30", 
	 "label": "{'changeType': 'Preserve', 'type': 'reference', 'referenceTypeName': 'eStructuralFeatures'}" 
},{
	 "source": "30", 
	 "target": "32", 
	 "label": "{'changeType': 'Preserve', 'type': 'reference', 'referenceTypeName': 'eContainingClass'}" 
},{
	 "source": "33", 
	 "target": "19", 
	 "label": "{'changeType': 'Preserve', 'type': 'reference', 'referenceTypeName': 'eClassifiers'}" 
},{
	 "source": "19", 
	 "target": "33", 
	 "label": "{'changeType': 'Preserve', 'type': 'reference', 'referenceTypeName': 'ePackage'}" 
},{
	 "source": "34", 
	 "target": "33", 
	 "label": "{'changeType': 'Preserve', 'type': 'reference', 'referenceTypeName': 'eStructuralFeatures'}" 
},{
	 "source": "33", 
	 "target": "34", 
	 "label": "{'changeType': 'Preserve', 'type': 'reference', 'referenceTypeName': 'eContainingClass'}" 
},{
	 "source": "35", 
	 "target": "33", 
	 "label": "{'changeType': 'Preserve', 'type': 'reference', 'referenceTypeName': 'eStructuralFeatures'}" 
},{
	 "source": "33", 
	 "target": "35", 
	 "label": "{'changeType': 'Preserve', 'type': 'reference', 'referenceTypeName': 'eContainingClass'}" 
},{
	 "source": "36", 
	 "target": "19", 
	 "label": "{'changeType': 'Preserve', 'type': 'reference', 'referenceTypeName': 'eClassifiers'}" 
},{
	 "source": "19", 
	 "target": "36", 
	 "label": "{'changeType': 'Preserve', 'type': 'reference', 'referenceTypeName': 'ePackage'}" 
},{
	 "source": "37", 
	 "target": "19", 
	 "label": "{'changeType': 'Preserve', 'type': 'reference', 'referenceTypeName': 'eClassifiers'}" 
},{
	 "source": "19", 
	 "target": "37", 
	 "label": "{'changeType': 'Preserve', 'type': 'reference', 'referenceTypeName': 'ePackage'}" 
},{
	 "source": "38", 
	 "target": "37", 
	 "label": "{'changeType': 'Preserve', 'type': 'reference', 'referenceTypeName': 'eStructuralFeatures'}" 
},{
	 "source": "37", 
	 "target": "38", 
	 "label": "{'changeType': 'Preserve', 'type': 'reference', 'referenceTypeName': 'eContainingClass'}" 
},{
	 "source": "39", 
	 "target": "19", 
	 "label": "{'changeType': 'Preserve', 'type': 'reference', 'referenceTypeName': 'eClassifiers'}" 
},{
	 "source": "19", 
	 "target": "39", 
	 "label": "{'changeType': 'Preserve', 'type': 'reference', 'referenceTypeName': 'ePackage'}" 
},{
	 "source": "40", 
	 "target": "19", 
	 "label": "{'changeType': 'Preserve', 'type': 'reference', 'referenceTypeName': 'eClassifiers'}" 
},{
	 "source": "19", 
	 "target": "40", 
	 "label": "{'changeType': 'Preserve', 'type': 'reference', 'referenceTypeName': 'ePackage'}" 
},{
	 "source": "41", 
	 "target": "40", 
	 "label": "{'changeType': 'Preserve', 'type': 'reference', 'referenceTypeName': 'eLiterals'}" 
},{
	 "source": "40", 
	 "target": "41", 
	 "label": "{'changeType': 'Preserve', 'type': 'reference', 'referenceTypeName': 'eEnum'}" 
},{
	 "source": "42", 
	 "target": "40", 
	 "label": "{'changeType': 'Preserve', 'type': 'reference', 'referenceTypeName': 'eLiterals'}" 
},{
	 "source": "40", 
	 "target": "42", 
	 "label": "{'changeType': 'Preserve', 'type': 'reference', 'referenceTypeName': 'eEnum'}" 
},{
	 "source": "43", 
	 "target": "40", 
	 "label": "{'changeType': 'Preserve', 'type': 'reference', 'referenceTypeName': 'eLiterals'}" 
},{
	 "source": "40", 
	 "target": "43", 
	 "label": "{'changeType': 'Preserve', 'type': 'reference', 'referenceTypeName': 'eEnum'}" 
},{
	 "source": "44", 
	 "target": "19", 
	 "label": "{'changeType': 'Preserve', 'type': 'reference', 'referenceTypeName': 'eSubpackages'}" 
},{
	 "source": "19", 
	 "target": "44", 
	 "label": "{'changeType': 'Preserve', 'type': 'reference', 'referenceTypeName': 'eSuperPackage'}" 
},{
	 "source": "45", 
	 "target": "44", 
	 "label": "{'changeType': 'Preserve', 'type': 'reference', 'referenceTypeName': 'eClassifiers'}" 
},{
	 "source": "44", 
	 "target": "45", 
	 "label": "{'changeType': 'Preserve', 'type': 'reference', 'referenceTypeName': 'ePackage'}" 
},{
	 "source": "1", 
	 "target": "44", 
	 "label": "{'changeType': 'Preserve', 'type': 'reference', 'referenceTypeName': 'eClassifiers'}" 
},{
	 "source": "44", 
	 "target": "1", 
	 "label": "{'changeType': 'Preserve', 'type': 'reference', 'referenceTypeName': 'ePackage'}" 
},{
	 "source": "46", 
	 "target": "1", 
	 "label": "{'changeType': 'Preserve', 'type': 'reference', 'referenceTypeName': 'eStructuralFeatures'}" 
},{
	 "source": "1", 
	 "target": "46", 
	 "label": "{'changeType': 'Preserve', 'type': 'reference', 'referenceTypeName': 'eContainingClass'}" 
},{
	 "source": "47", 
	 "target": "1", 
	 "label": "{'changeType': 'Preserve', 'type': 'reference', 'referenceTypeName': 'eStructuralFeatures'}" 
},{
	 "source": "1", 
	 "target": "47", 
	 "label": "{'changeType': 'Preserve', 'type': 'reference', 'referenceTypeName': 'eContainingClass'}" 
},{
	 "source": "4", 
	 "target": "44", 
	 "label": "{'changeType': 'Preserve', 'type': 'reference', 'referenceTypeName': 'eClassifiers'}" 
},{
	 "source": "44", 
	 "target": "4", 
	 "label": "{'changeType': 'Preserve', 'type': 'reference', 'referenceTypeName': 'ePackage'}" 
},{
	 "source": "48", 
	 "target": "4", 
	 "label": "{'changeType': 'Preserve', 'type': 'reference', 'referenceTypeName': 'eStructuralFeatures'}" 
},{
	 "source": "4", 
	 "target": "48", 
	 "label": "{'changeType': 'Preserve', 'type': 'reference', 'referenceTypeName': 'eContainingClass'}" 
},{
	 "source": "11", 
	 "target": "4", 
	 "label": "{'changeType': 'Preserve', 'type': 'reference', 'referenceTypeName': 'eStructuralFeatures'}" 
},{
	 "source": "4", 
	 "target": "11", 
	 "label": "{'changeType': 'Preserve', 'type': 'reference', 'referenceTypeName': 'eContainingClass'}" 
},{
	 "source": "49", 
	 "target": "44", 
	 "label": "{'changeType': 'Preserve', 'type': 'reference', 'referenceTypeName': 'eClassifiers'}" 
},{
	 "source": "44", 
	 "target": "49", 
	 "label": "{'changeType': 'Preserve', 'type': 'reference', 'referenceTypeName': 'ePackage'}" 
},{
	 "source": "50", 
	 "target": "44", 
	 "label": "{'changeType': 'Preserve', 'type': 'reference', 'referenceTypeName': 'eClassifiers'}" 
},{
	 "source": "44", 
	 "target": "50", 
	 "label": "{'changeType': 'Preserve', 'type': 'reference', 'referenceTypeName': 'ePackage'}" 
},{
	 "source": "51", 
	 "target": "50", 
	 "label": "{'changeType': 'Preserve', 'type': 'reference', 'referenceTypeName': 'eStructuralFeatures'}" 
},{
	 "source": "50", 
	 "target": "51", 
	 "label": "{'changeType': 'Preserve', 'type': 'reference', 'referenceTypeName': 'eContainingClass'}" 
},{
	 "source": "52", 
	 "target": "50", 
	 "label": "{'changeType': 'Preserve', 'type': 'reference', 'referenceTypeName': 'eStructuralFeatures'}" 
},{
	 "source": "50", 
	 "target": "52", 
	 "label": "{'changeType': 'Preserve', 'type': 'reference', 'referenceTypeName': 'eContainingClass'}" 
},{
	 "source": "53", 
	 "target": "44", 
	 "label": "{'changeType': 'Preserve', 'type': 'reference', 'referenceTypeName': 'eClassifiers'}" 
},{
	 "source": "44", 
	 "target": "53", 
	 "label": "{'changeType': 'Preserve', 'type': 'reference', 'referenceTypeName': 'ePackage'}" 
},{
	 "source": "54", 
	 "target": "53", 
	 "label": "{'changeType': 'Preserve', 'type': 'reference', 'referenceTypeName': 'eStructuralFeatures'}" 
},{
	 "source": "53", 
	 "target": "54", 
	 "label": "{'changeType': 'Preserve', 'type': 'reference', 'referenceTypeName': 'eContainingClass'}" 
},{
	 "source": "55", 
	 "target": "53", 
	 "label": "{'changeType': 'Preserve', 'type': 'reference', 'referenceTypeName': 'eStructuralFeatures'}" 
},{
	 "source": "53", 
	 "target": "55", 
	 "label": "{'changeType': 'Preserve', 'type': 'reference', 'referenceTypeName': 'eContainingClass'}" 
},{
	 "source": "56", 
	 "target": "44", 
	 "label": "{'changeType': 'Preserve', 'type': 'reference', 'referenceTypeName': 'eClassifiers'}" 
},{
	 "source": "44", 
	 "target": "56", 
	 "label": "{'changeType': 'Preserve', 'type': 'reference', 'referenceTypeName': 'ePackage'}" 
},{
	 "source": "57", 
	 "target": "56", 
	 "label": "{'changeType': 'Preserve', 'type': 'reference', 'referenceTypeName': 'eStructuralFeatures'}" 
},{
	 "source": "56", 
	 "target": "57", 
	 "label": "{'changeType': 'Preserve', 'type': 'reference', 'referenceTypeName': 'eContainingClass'}" 
},{
	 "source": "58", 
	 "target": "44", 
	 "label": "{'changeType': 'Preserve', 'type': 'reference', 'referenceTypeName': 'eClassifiers'}" 
},{
	 "source": "44", 
	 "target": "58", 
	 "label": "{'changeType': 'Preserve', 'type': 'reference', 'referenceTypeName': 'ePackage'}" 
},{
	 "source": "59", 
	 "target": "58", 
	 "label": "{'changeType': 'Preserve', 'type': 'reference', 'referenceTypeName': 'eStructuralFeatures'}" 
},{
	 "source": "58", 
	 "target": "59", 
	 "label": "{'changeType': 'Preserve', 'type': 'reference', 'referenceTypeName': 'eContainingClass'}" 
},{
	 "source": "60", 
	 "target": "44", 
	 "label": "{'changeType': 'Preserve', 'type': 'reference', 'referenceTypeName': 'eClassifiers'}" 
},{
	 "source": "44", 
	 "target": "60", 
	 "label": "{'changeType': 'Preserve', 'type': 'reference', 'referenceTypeName': 'ePackage'}" 
},{
	 "source": "61", 
	 "target": "44", 
	 "label": "{'changeType': 'Preserve', 'type': 'reference', 'referenceTypeName': 'eClassifiers'}" 
},{
	 "source": "44", 
	 "target": "61", 
	 "label": "{'changeType': 'Preserve', 'type': 'reference', 'referenceTypeName': 'ePackage'}" 
},{
	 "source": "62", 
	 "target": "61", 
	 "label": "{'changeType': 'Preserve', 'type': 'reference', 'referenceTypeName': 'eStructuralFeatures'}" 
},{
	 "source": "61", 
	 "target": "62", 
	 "label": "{'changeType': 'Preserve', 'type': 'reference', 'referenceTypeName': 'eContainingClass'}" 
},{
	 "source": "63", 
	 "target": "44", 
	 "label": "{'changeType': 'Preserve', 'type': 'reference', 'referenceTypeName': 'eClassifiers'}" 
},{
	 "source": "44", 
	 "target": "63", 
	 "label": "{'changeType': 'Preserve', 'type': 'reference', 'referenceTypeName': 'ePackage'}" 
},{
	 "source": "64", 
	 "target": "63", 
	 "label": "{'changeType': 'Preserve', 'type': 'reference', 'referenceTypeName': 'eStructuralFeatures'}" 
},{
	 "source": "63", 
	 "target": "64", 
	 "label": "{'changeType': 'Preserve', 'type': 'reference', 'referenceTypeName': 'eContainingClass'}" 
},{
	 "source": "65", 
	 "target": "63", 
	 "label": "{'changeType': 'Preserve', 'type': 'reference', 'referenceTypeName': 'eStructuralFeatures'}" 
},{
	 "source": "63", 
	 "target": "65", 
	 "label": "{'changeType': 'Preserve', 'type': 'reference', 'referenceTypeName': 'eContainingClass'}" 
},{
	 "source": "66", 
	 "target": "44", 
	 "label": "{'changeType': 'Preserve', 'type': 'reference', 'referenceTypeName': 'eClassifiers'}" 
},{
	 "source": "44", 
	 "target": "66", 
	 "label": "{'changeType': 'Preserve', 'type': 'reference', 'referenceTypeName': 'ePackage'}" 
},{
	 "source": "67", 
	 "target": "66", 
	 "label": "{'changeType': 'Preserve', 'type': 'reference', 'referenceTypeName': 'eStructuralFeatures'}" 
},{
	 "source": "66", 
	 "target": "67", 
	 "label": "{'changeType': 'Preserve', 'type': 'reference', 'referenceTypeName': 'eContainingClass'}" 
},{
	 "source": "68", 
	 "target": "66", 
	 "label": "{'changeType': 'Preserve', 'type': 'reference', 'referenceTypeName': 'eStructuralFeatures'}" 
},{
	 "source": "66", 
	 "target": "68", 
	 "label": "{'changeType': 'Preserve', 'type': 'reference', 'referenceTypeName': 'eContainingClass'}" 
},{
	 "source": "69", 
	 "target": "44", 
	 "label": "{'changeType': 'Preserve', 'type': 'reference', 'referenceTypeName': 'eClassifiers'}" 
},{
	 "source": "44", 
	 "target": "69", 
	 "label": "{'changeType': 'Preserve', 'type': 'reference', 'referenceTypeName': 'ePackage'}" 
},{
	 "source": "70", 
	 "target": "44", 
	 "label": "{'changeType': 'Preserve', 'type': 'reference', 'referenceTypeName': 'eClassifiers'}" 
},{
	 "source": "44", 
	 "target": "70", 
	 "label": "{'changeType': 'Preserve', 'type': 'reference', 'referenceTypeName': 'ePackage'}" 
},{
	 "source": "71", 
	 "target": "19", 
	 "label": "{'changeType': 'Preserve', 'type': 'reference', 'referenceTypeName': 'eSubpackages'}" 
},{
	 "source": "19", 
	 "target": "71", 
	 "label": "{'changeType': 'Preserve', 'type': 'reference', 'referenceTypeName': 'eSuperPackage'}" 
},{
	 "source": "72", 
	 "target": "71", 
	 "label": "{'changeType': 'Preserve', 'type': 'reference', 'referenceTypeName': 'eClassifiers'}" 
},{
	 "source": "71", 
	 "target": "72", 
	 "label": "{'changeType': 'Preserve', 'type': 'reference', 'referenceTypeName': 'ePackage'}" 
},{
	 "source": "73", 
	 "target": "71", 
	 "label": "{'changeType': 'Preserve', 'type': 'reference', 'referenceTypeName': 'eClassifiers'}" 
},{
	 "source": "71", 
	 "target": "73", 
	 "label": "{'changeType': 'Preserve', 'type': 'reference', 'referenceTypeName': 'ePackage'}" 
},{
	 "source": "13", 
	 "target": "73", 
	 "label": "{'changeType': 'Preserve', 'type': 'reference', 'referenceTypeName': 'eStructuralFeatures'}" 
},{
	 "source": "73", 
	 "target": "13", 
	 "label": "{'changeType': 'Preserve', 'type': 'reference', 'referenceTypeName': 'eContainingClass'}" 
},{
	 "source": "74", 
	 "target": "71", 
	 "label": "{'changeType': 'Preserve', 'type': 'reference', 'referenceTypeName': 'eClassifiers'}" 
},{
	 "source": "71", 
	 "target": "74", 
	 "label": "{'changeType': 'Preserve', 'type': 'reference', 'referenceTypeName': 'ePackage'}" 
},{
	 "source": "75", 
	 "target": "74", 
	 "label": "{'changeType': 'Preserve', 'type': 'reference', 'referenceTypeName': 'eStructuralFeatures'}" 
},{
	 "source": "74", 
	 "target": "75", 
	 "label": "{'changeType': 'Preserve', 'type': 'reference', 'referenceTypeName': 'eContainingClass'}" 
},{
	 "source": "76", 
	 "target": "71", 
	 "label": "{'changeType': 'Preserve', 'type': 'reference', 'referenceTypeName': 'eClassifiers'}" 
},{
	 "source": "71", 
	 "target": "76", 
	 "label": "{'changeType': 'Preserve', 'type': 'reference', 'referenceTypeName': 'ePackage'}" 
},{
	 "source": "77", 
	 "target": "76", 
	 "label": "{'changeType': 'Preserve', 'type': 'reference', 'referenceTypeName': 'eStructuralFeatures'}" 
},{
	 "source": "76", 
	 "target": "77", 
	 "label": "{'changeType': 'Preserve', 'type': 'reference', 'referenceTypeName': 'eContainingClass'}" 
},{
	 "source": "78", 
	 "target": "71", 
	 "label": "{'changeType': 'Preserve', 'type': 'reference', 'referenceTypeName': 'eClassifiers'}" 
},{
	 "source": "71", 
	 "target": "78", 
	 "label": "{'changeType': 'Preserve', 'type': 'reference', 'referenceTypeName': 'ePackage'}" 
},{
	 "source": "79", 
	 "target": "71", 
	 "label": "{'changeType': 'Preserve', 'type': 'reference', 'referenceTypeName': 'eClassifiers'}" 
},{
	 "source": "71", 
	 "target": "79", 
	 "label": "{'changeType': 'Preserve', 'type': 'reference', 'referenceTypeName': 'ePackage'}" 
},{
	 "source": "80", 
	 "target": "71", 
	 "label": "{'changeType': 'Preserve', 'type': 'reference', 'referenceTypeName': 'eClassifiers'}" 
},{
	 "source": "71", 
	 "target": "80", 
	 "label": "{'changeType': 'Preserve', 'type': 'reference', 'referenceTypeName': 'ePackage'}" 
},{
	 "source": "81", 
	 "target": "71", 
	 "label": "{'changeType': 'Preserve', 'type': 'reference', 'referenceTypeName': 'eClassifiers'}" 
},{
	 "source": "71", 
	 "target": "81", 
	 "label": "{'changeType': 'Preserve', 'type': 'reference', 'referenceTypeName': 'ePackage'}" 
},{
	 "source": "82", 
	 "target": "81", 
	 "label": "{'changeType': 'Preserve', 'type': 'reference', 'referenceTypeName': 'eStructuralFeatures'}" 
},{
	 "source": "81", 
	 "target": "82", 
	 "label": "{'changeType': 'Preserve', 'type': 'reference', 'referenceTypeName': 'eContainingClass'}" 
},{
	 "source": "83", 
	 "target": "71", 
	 "label": "{'changeType': 'Preserve', 'type': 'reference', 'referenceTypeName': 'eClassifiers'}" 
},{
	 "source": "71", 
	 "target": "83", 
	 "label": "{'changeType': 'Preserve', 'type': 'reference', 'referenceTypeName': 'ePackage'}" 
},{
	 "source": "84", 
	 "target": "83", 
	 "label": "{'changeType': 'Preserve', 'type': 'reference', 'referenceTypeName': 'eStructuralFeatures'}" 
},{
	 "source": "83", 
	 "target": "84", 
	 "label": "{'changeType': 'Preserve', 'type': 'reference', 'referenceTypeName': 'eContainingClass'}" 
},{
	 "source": "85", 
	 "target": "71", 
	 "label": "{'changeType': 'Preserve', 'type': 'reference', 'referenceTypeName': 'eClassifiers'}" 
},{
	 "source": "71", 
	 "target": "85", 
	 "label": "{'changeType': 'Preserve', 'type': 'reference', 'referenceTypeName': 'ePackage'}" 
},{
	 "source": "86", 
	 "target": "85", 
	 "label": "{'changeType': 'Preserve', 'type': 'reference', 'referenceTypeName': 'eStructuralFeatures'}" 
},{
	 "source": "85", 
	 "target": "86", 
	 "label": "{'changeType': 'Preserve', 'type': 'reference', 'referenceTypeName': 'eContainingClass'}" 
},{
	 "source": "87", 
	 "target": "71", 
	 "label": "{'changeType': 'Preserve', 'type': 'reference', 'referenceTypeName': 'eClassifiers'}" 
},{
	 "source": "71", 
	 "target": "87", 
	 "label": "{'changeType': 'Preserve', 'type': 'reference', 'referenceTypeName': 'ePackage'}" 
},{
	 "source": "88", 
	 "target": "87", 
	 "label": "{'changeType': 'Preserve', 'type': 'reference', 'referenceTypeName': 'eStructuralFeatures'}" 
},{
	 "source": "87", 
	 "target": "88", 
	 "label": "{'changeType': 'Preserve', 'type': 'reference', 'referenceTypeName': 'eContainingClass'}" 
},{
	 "source": "89", 
	 "target": "87", 
	 "label": "{'changeType': 'Preserve', 'type': 'reference', 'referenceTypeName': 'eStructuralFeatures'}" 
},{
	 "source": "87", 
	 "target": "89", 
	 "label": "{'changeType': 'Preserve', 'type': 'reference', 'referenceTypeName': 'eContainingClass'}" 
},{
	 "source": "9", 
	 "target": "71", 
	 "label": "{'changeType': 'Preserve', 'type': 'reference', 'referenceTypeName': 'eClassifiers'}" 
},{
	 "source": "71", 
	 "target": "9", 
	 "label": "{'changeType': 'Preserve', 'type': 'reference', 'referenceTypeName': 'ePackage'}" 
},{
	 "source": "15", 
	 "target": "9", 
	 "label": "{'changeType': 'Preserve', 'type': 'reference', 'referenceTypeName': 'eStructuralFeatures'}" 
},{
	 "source": "9", 
	 "target": "15", 
	 "label": "{'changeType': 'Preserve', 'type': 'reference', 'referenceTypeName': 'eContainingClass'}" 
},{
	 "source": "17", 
	 "target": "9", 
	 "label": "{'changeType': 'Preserve', 'type': 'reference', 'referenceTypeName': 'eStructuralFeatures'}" 
},{
	 "source": "9", 
	 "target": "17", 
	 "label": "{'changeType': 'Preserve', 'type': 'reference', 'referenceTypeName': 'eContainingClass'}" 
},{
	 "source": "90", 
	 "target": "9", 
	 "label": "{'changeType': 'Preserve', 'type': 'reference', 'referenceTypeName': 'eStructuralFeatures'}" 
},{
	 "source": "9", 
	 "target": "90", 
	 "label": "{'changeType': 'Preserve', 'type': 'reference', 'referenceTypeName': 'eContainingClass'}" 
}]}