{"directed": true, "multigraph": false, "graph": {}, 
  "nodes": [{
	 "id": "0", 
	 "label": "{'changeType': 'Delete', 'type': 'object', 'className': 'EStringToStringMapEntry', 'attributes': {'id': '_Zmohg96tEei97MD7GK1RmA', 'key':'documentation','value':'Helper method to access the code implementing the operations declared in the library'}}" 
},{
	 "id": "1", 
	 "label": "{'changeType': 'Delete', 'type': 'object', 'className': 'EAnnotation', 'attributes': {'id': '_Zmohgt6tEei97MD7GK1RmA', 'source':'http://www.eclipse.org/emf/2002/GenModel','details':['org.eclipse.emf.ecore.impl.EStringToStringMapEntryImpl@57f03dfe (key: documentation, value: Helper method to access the code implementing the operations declared in the library)'],'eModelElement':'getCode'}}" 
},{
	 "id": "2", 
	 "label": "{'changeType': 'Delete', 'type': 'object', 'className': 'EOperation', 'attributes': {'id': '_Zmohgd6tEei97MD7GK1RmA', 'eAnnotations':['org.eclipse.emf.ecore.impl.EAnnotationImpl@77381bf9 (source: http://www.eclipse.org/emf/2002/GenModel)'],'name':'getCode','ordered':'true','unique':'true','lowerBound':'0','upperBound':'1','many':'false','required':'false','eType':'EString','eGenericType':'org.eclipse.emf.ecore.impl.EGenericTypeImpl@1c8446e8 (expression: EString)','eContainingClass':'Library'}}" 
},{
	 "id": "3", 
	 "label": "{'changeType': 'Preserve', 'type': 'object', 'className': 'EClass', 'attributes': {'id': '_Zmohed6tEei97MD7GK1RmA', 'eAnnotations':['org.eclipse.emf.ecore.impl.EAnnotationImpl@4a39d684 (source: http://www.eclipse.org/emf/2002/GenModel)'],'name':'Library','ePackage':'declaration','abstract':'false','interface':'false','eOperations':['getOperation','getCode'],'eStructuralFeatures':['operations','implementation','label','libraries'],'eGenericSuperTypes':['org.eclipse.emf.ecore.impl.EGenericTypeImpl@4c7b8a3c (expression: IdentifiedElement)']}}" 
},{
	 "id": "4", 
	 "label": "{'changeType': 'Delete', 'type': 'object', 'className': 'EGenericType', 'attributes': {'id': '_ZnOXmN6tEei97MD7GK1RmA', 'eRawType':'EJavaObject'}}" 
},{
	 "id": "5", 
	 "label": "{'changeType': 'Delete', 'type': 'object', 'className': 'EGenericType', 'attributes': {'id': '//Operation/implementation/@eGenericType', 'eTypeArguments':['org.eclipse.emf.ecore.impl.EGenericTypeImpl@5e933a91 (expression: ?)'],'eRawType':'EJavaClass','eClassifier':'EJavaClass'}}" 
},{
	 "id": "6", 
	 "label": "{'changeType': 'Preserve', 'type': 'object', 'className': 'EAttribute', 'attributes': {'id': '_ZnOXlt6tEei97MD7GK1RmA', 'name':'implementation','ordered':'true','unique':'true','lowerBound':'1','upperBound':'1','many':'false','required':'true','eType':'EJavaClass','eGenericType':'org.eclipse.emf.ecore.impl.EGenericTypeImpl@44c511de (expression: EJavaClass<?>)','changeable':'true','volatile':'false','transient':'true','unsettable':'false','derived':'false','eContainingClass':'Operation','iD':'false','eAttributeType':'EJavaClass'}}" 
},{
	 "id": "7", 
	 "label": "{'changeType': 'Preserve', 'type': 'object', 'className': 'EPackage', 'attributes': {'id': '_ZmohYd6tEei97MD7GK1RmA', 'eAnnotations':['org.eclipse.emf.ecore.impl.EAnnotationImpl@2ab70fc7 (source: http://www.eclipse.org/emf/2002/GenModel)'],'name':'declaration','nsURI':'http://www.eclipse.org/emf/edapt/declaration/0.3','nsPrefix':'declaration','eFactoryInstance':'org.eclipse.emf.ecore.impl.EFactoryImpl@42f5318','eClassifiers':['IdentifiedElement','Library','Operation','Parameter','Constraint']}}" 
},{
	 "id": "8", 
	 "label": "{'changeType': 'Preserve', 'type': 'object', 'className': 'EAnnotation', 'attributes': {'id': '_ZmohYt6tEei97MD7GK1RmA', 'source':'http://www.eclipse.org/emf/2002/GenModel','details':['org.eclipse.emf.ecore.impl.EStringToStringMapEntryImpl@5cede8f6 (key: documentation, value: Metamodel for the declaration of operations)'],'eModelElement':'declaration'}}" 
},{
	 "id": "9", 
	 "label": "{'changeType': 'Preserve', 'type': 'object', 'className': 'EStringToStringMapEntry', 'attributes': {'id': '_ZmohY96tEei97MD7GK1RmA', 'key':'documentation','value':'Metamodel for the declaration of operations'}}" 
},{
	 "id": "10", 
	 "label": "{'changeType': 'Preserve', 'type': 'object', 'className': 'EClass', 'attributes': {'id': '_ZmohZN6tEei97MD7GK1RmA', 'eAnnotations':['org.eclipse.emf.ecore.impl.EAnnotationImpl@4e54e569 (source: http://www.eclipse.org/emf/2002/GenModel)'],'name':'IdentifiedElement','ePackage':'declaration','abstract':'true','interface':'false','eStructuralFeatures':['name','description']}}" 
},{
	 "id": "11", 
	 "label": "{'changeType': 'Preserve', 'type': 'object', 'className': 'EAnnotation', 'attributes': {'id': '_ZmohZd6tEei97MD7GK1RmA', 'source':'http://www.eclipse.org/emf/2002/GenModel','details':['org.eclipse.emf.ecore.impl.EStringToStringMapEntryImpl@5c8f0253 (key: documentation, value: Base class for elements which are identified by a name )'],'eModelElement':'IdentifiedElement'}}" 
},{
	 "id": "12", 
	 "label": "{'changeType': 'Preserve', 'type': 'object', 'className': 'EStringToStringMapEntry', 'attributes': {'id': '_ZmohZt6tEei97MD7GK1RmA', 'key':'documentation','value':'Base class for elements which are identified by a name '}}" 
},{
	 "id": "13", 
	 "label": "{'changeType': 'Preserve', 'type': 'object', 'className': 'EAttribute', 'attributes': {'id': '_ZmohZ96tEei97MD7GK1RmA', 'eAnnotations':['org.eclipse.emf.ecore.impl.EAnnotationImpl@2109f0bd (source: http://www.eclipse.org/emf/2002/GenModel)'],'name':'name','ordered':'true','unique':'true','lowerBound':'1','upperBound':'1','many':'false','required':'true','eType':'EString','eGenericType':'org.eclipse.emf.ecore.impl.EGenericTypeImpl@6c262892 (expression: EString)','changeable':'true','volatile':'false','transient':'false','unsettable':'false','derived':'false','eContainingClass':'IdentifiedElement','iD':'false','eAttributeType':'EString'}}" 
},{
	 "id": "14", 
	 "label": "{'changeType': 'Preserve', 'type': 'object', 'className': 'EAnnotation', 'attributes': {'id': '_ZmohaN6tEei97MD7GK1RmA', 'source':'http://www.eclipse.org/emf/2002/GenModel','details':['org.eclipse.emf.ecore.impl.EStringToStringMapEntryImpl@481f3658 (key: documentation, value: Identifier)'],'eModelElement':'name'}}" 
},{
	 "id": "15", 
	 "label": "{'changeType': 'Preserve', 'type': 'object', 'className': 'EStringToStringMapEntry', 'attributes': {'id': '_Zmohad6tEei97MD7GK1RmA', 'key':'documentation','value':'Identifier'}}" 
},{
	 "id": "16", 
	 "label": "{'changeType': 'Preserve', 'type': 'object', 'className': 'EAttribute', 'attributes': {'id': '_Zmohbt6tEei97MD7GK1RmA', 'eAnnotations':['org.eclipse.emf.ecore.impl.EAnnotationImpl@5a51e1d2 (source: http://www.eclipse.org/emf/2002/GenModel)'],'name':'description','ordered':'true','unique':'true','lowerBound':'0','upperBound':'1','many':'false','required':'false','eType':'EString','eGenericType':'org.eclipse.emf.ecore.impl.EGenericTypeImpl@36f26665 (expression: EString)','changeable':'true','volatile':'false','transient':'false','unsettable':'false','derived':'false','eContainingClass':'IdentifiedElement','iD':'false','eAttributeType':'EString'}}" 
},{
	 "id": "17", 
	 "label": "{'changeType': 'Preserve', 'type': 'object', 'className': 'EAnnotation', 'attributes': {'id': '_Zmohb96tEei97MD7GK1RmA', 'source':'http://www.eclipse.org/emf/2002/GenModel','details':['org.eclipse.emf.ecore.impl.EStringToStringMapEntryImpl@6bcdb136 (key: documentation, value: Description for the metamodeler to be able to understand the parameter)'],'eModelElement':'description'}}" 
},{
	 "id": "18", 
	 "label": "{'changeType': 'Preserve', 'type': 'object', 'className': 'EStringToStringMapEntry', 'attributes': {'id': '_ZmohcN6tEei97MD7GK1RmA', 'key':'documentation','value':'Description for the metamodeler to be able to understand the parameter'}}" 
},{
	 "id": "19", 
	 "label": "{'changeType': 'Preserve', 'type': 'object', 'className': 'EAnnotation', 'attributes': {'id': '_Zmohet6tEei97MD7GK1RmA', 'source':'http://www.eclipse.org/emf/2002/GenModel','details':['org.eclipse.emf.ecore.impl.EStringToStringMapEntryImpl@6f5d40e8 (key: documentation, value: Container for a set of coupled evolution operations)'],'eModelElement':'Library'}}" 
},{
	 "id": "20", 
	 "label": "{'changeType': 'Preserve', 'type': 'object', 'className': 'EStringToStringMapEntry', 'attributes': {'id': '_Zmohe96tEei97MD7GK1RmA', 'key':'documentation','value':'Container for a set of coupled evolution operations'}}" 
},{
	 "id": "21", 
	 "label": "{'changeType': 'Preserve', 'type': 'object', 'className': 'EOperation', 'attributes': {'id': '_ZmohfN6tEei97MD7GK1RmA', 'eAnnotations':['org.eclipse.emf.ecore.impl.EAnnotationImpl@6b3f713b (source: http://www.eclipse.org/emf/2002/GenModel)'],'name':'getOperation','ordered':'true','unique':'true','lowerBound':'0','upperBound':'1','many':'false','required':'false','eType':'Operation','eGenericType':'org.eclipse.emf.ecore.impl.EGenericTypeImpl@463a7b45 (expression: Operation)','eContainingClass':'Library','eParameters':['name']}}" 
},{
	 "id": "22", 
	 "label": "{'changeType': 'Preserve', 'type': 'object', 'className': 'EAnnotation', 'attributes': {'id': '_Zmohfd6tEei97MD7GK1RmA', 'source':'http://www.eclipse.org/emf/2002/GenModel','details':['org.eclipse.emf.ecore.impl.EStringToStringMapEntryImpl@6fb6172e (key: documentation, value: Helper method to determine the operation in the library with a certain name)'],'eModelElement':'getOperation'}}" 
},{
	 "id": "23", 
	 "label": "{'changeType': 'Preserve', 'type': 'object', 'className': 'EStringToStringMapEntry', 'attributes': {'id': '_Zmohft6tEei97MD7GK1RmA', 'key':'documentation','value':'Helper method to determine the operation in the library with a certain name'}}" 
},{
	 "id": "24", 
	 "label": "{'changeType': 'Preserve', 'type': 'object', 'className': 'EParameter', 'attributes': {'id': '_Zmohf96tEei97MD7GK1RmA', 'name':'name','ordered':'true','unique':'true','lowerBound':'0','upperBound':'1','many':'false','required':'false','eType':'EString','eGenericType':'org.eclipse.emf.ecore.impl.EGenericTypeImpl@38ce6e36 (expression: EString)','eOperation':'getOperation'}}" 
},{
	 "id": "25", 
	 "label": "{'changeType': 'Preserve', 'type': 'object', 'className': 'EReference', 'attributes': {'id': '_Zmohhd6tEei97MD7GK1RmA', 'eAnnotations':['org.eclipse.emf.ecore.impl.EAnnotationImpl@40e2bc87 (source: http://www.eclipse.org/emf/2002/GenModel)'],'name':'operations','ordered':'true','unique':'true','lowerBound':'0','upperBound':'-1','many':'true','required':'false','eType':'Operation','eGenericType':'org.eclipse.emf.ecore.impl.EGenericTypeImpl@6da18b9e (expression: Operation)','changeable':'true','volatile':'false','transient':'false','unsettable':'false','derived':'false','eContainingClass':'Library','containment':'true','container':'false','resolveProxies':'true','eOpposite':'library','eReferenceType':'Operation'}}" 
},{
	 "id": "26", 
	 "label": "{'changeType': 'Preserve', 'type': 'object', 'className': 'EAnnotation', 'attributes': {'id': '_Zmohht6tEei97MD7GK1RmA', 'source':'http://www.eclipse.org/emf/2002/GenModel','details':['org.eclipse.emf.ecore.impl.EStringToStringMapEntryImpl@16ab76a8 (key: documentation, value: Set of coupled evolution operations)'],'eModelElement':'operations'}}" 
},{
	 "id": "27", 
	 "label": "{'changeType': 'Preserve', 'type': 'object', 'className': 'EStringToStringMapEntry', 'attributes': {'id': '_Zmohh96tEei97MD7GK1RmA', 'key':'documentation','value':'Set of coupled evolution operations'}}" 
},{
	 "id": "28", 
	 "label": "{'changeType': 'Preserve', 'type': 'object', 'className': 'EAttribute', 'attributes': {'id': '_ZmohiN6tEei97MD7GK1RmA', 'eAnnotations':['org.eclipse.emf.ecore.impl.EAnnotationImpl@4bc58a12 (source: http://www.eclipse.org/emf/2002/GenModel)'],'name':'implementation','ordered':'true','unique':'true','lowerBound':'1','upperBound':'1','many':'false','required':'true','eType':'EString','eGenericType':'org.eclipse.emf.ecore.impl.EGenericTypeImpl@53c53a35 (expression: EString)','changeable':'true','volatile':'false','transient':'false','unsettable':'false','derived':'false','eContainingClass':'Library','iD':'false','eAttributeType':'EString'}}" 
},{
	 "id": "29", 
	 "label": "{'changeType': 'Preserve', 'type': 'object', 'className': 'EAnnotation', 'attributes': {'id': '_Zmohid6tEei97MD7GK1RmA', 'source':'http://www.eclipse.org/emf/2002/GenModel','details':['org.eclipse.emf.ecore.impl.EStringToStringMapEntryImpl@1e161169 (key: documentation, value: Relative path to the code implementing the operations of the library)'],'eModelElement':'implementation'}}" 
},{
	 "id": "30", 
	 "label": "{'changeType': 'Preserve', 'type': 'object', 'className': 'EStringToStringMapEntry', 'attributes': {'id': '_Zmohit6tEei97MD7GK1RmA', 'key':'documentation','value':'Relative path to the code implementing the operations of the library'}}" 
},{
	 "id": "31", 
	 "label": "{'changeType': 'Preserve', 'type': 'object', 'className': 'EAttribute', 'attributes': {'id': '_ZoIWUd6tEei97MD7GK1RmA', 'eAnnotations':['org.eclipse.emf.ecore.impl.EAnnotationImpl@2a834521 (source: http://www.eclipse.org/emf/2002/GenModel)'],'name':'label','ordered':'true','unique':'true','lowerBound':'1','upperBound':'1','many':'false','required':'true','eType':'EString','eGenericType':'org.eclipse.emf.ecore.impl.EGenericTypeImpl@7e5e1270 (expression: EString)','changeable':'true','volatile':'false','transient':'false','unsettable':'false','derived':'false','eContainingClass':'Library','iD':'false','eAttributeType':'EString'}}" 
},{
	 "id": "32", 
	 "label": "{'changeType': 'Preserve', 'type': 'object', 'className': 'EAnnotation', 'attributes': {'id': '_ZoIWUt6tEei97MD7GK1RmA', 'source':'http://www.eclipse.org/emf/2002/GenModel','details':['org.eclipse.emf.ecore.impl.EStringToStringMapEntryImpl@4b09441 (key: documentation, value: Label for an element)'],'eModelElement':'label'}}" 
},{
	 "id": "33", 
	 "label": "{'changeType': 'Preserve', 'type': 'object', 'className': 'EStringToStringMapEntry', 'attributes': {'id': '_ZoIWU96tEei97MD7GK1RmA', 'key':'documentation','value':'Label for an element'}}" 
},{
	 "id": "34", 
	 "label": "{'changeType': 'Preserve', 'type': 'object', 'className': 'EReference', 'attributes': {'id': '_ZoIWVd6tEei97MD7GK1RmA', 'name':'libraries','ordered':'true','unique':'true','lowerBound':'0','upperBound':'-1','many':'true','required':'false','eType':'Library','eGenericType':'org.eclipse.emf.ecore.impl.EGenericTypeImpl@d6a7b95 (expression: Library)','changeable':'true','volatile':'false','transient':'false','unsettable':'false','derived':'false','eContainingClass':'Library','containment':'true','container':'false','resolveProxies':'true','eReferenceType':'Library'}}" 
},{
	 "id": "35", 
	 "label": "{'changeType': 'Preserve', 'type': 'object', 'className': 'EClass', 'attributes': {'id': '_ZmohjN6tEei97MD7GK1RmA', 'eAnnotations':['org.eclipse.emf.ecore.impl.EAnnotationImpl@3a2833ab (source: http://www.eclipse.org/emf/2002/GenModel)'],'name':'Operation','ePackage':'declaration','abstract':'false','interface':'false','eOperations':['getParameter','getMainParameter','refines','getConstraint'],'eStructuralFeatures':['library','parameters','constraints','deprecated','before','after','implementation','label'],'eGenericSuperTypes':['org.eclipse.emf.ecore.impl.EGenericTypeImpl@33bbab8 (expression: IdentifiedElement)']}}" 
},{
	 "id": "36", 
	 "label": "{'changeType': 'Preserve', 'type': 'object', 'className': 'EAnnotation', 'attributes': {'id': '_Zmohjd6tEei97MD7GK1RmA', 'source':'http://www.eclipse.org/emf/2002/GenModel','details':['org.eclipse.emf.ecore.impl.EStringToStringMapEntryImpl@644041a8 (key: documentation, value: Coupled evolution operation)'],'eModelElement':'Operation'}}" 
},{
	 "id": "37", 
	 "label": "{'changeType': 'Preserve', 'type': 'object', 'className': 'EStringToStringMapEntry', 'attributes': {'id': '_Zmohjt6tEei97MD7GK1RmA', 'key':'documentation','value':'Coupled evolution operation'}}" 
},{
	 "id": "38", 
	 "label": "{'changeType': 'Preserve', 'type': 'object', 'className': 'EOperation', 'attributes': {'id': '_Zmohj96tEei97MD7GK1RmA', 'eAnnotations':['org.eclipse.emf.ecore.impl.EAnnotationImpl@7065df01 (source: http://www.eclipse.org/emf/2002/GenModel)'],'name':'getParameter','ordered':'true','unique':'true','lowerBound':'0','upperBound':'1','many':'false','required':'false','eType':'Parameter','eGenericType':'org.eclipse.emf.ecore.impl.EGenericTypeImpl@64a284a2 (expression: Parameter)','eContainingClass':'Operation','eParameters':['name']}}" 
},{
	 "id": "39", 
	 "label": "{'changeType': 'Preserve', 'type': 'object', 'className': 'EAnnotation', 'attributes': {'id': '_ZmohkN6tEei97MD7GK1RmA', 'source':'http://www.eclipse.org/emf/2002/GenModel','details':['org.eclipse.emf.ecore.impl.EStringToStringMapEntryImpl@b2b0fcd (key: documentation, value: Helper method to determine the parameter of the operation with a certain name)'],'eModelElement':'getParameter'}}" 
},{
	 "id": "40", 
	 "label": "{'changeType': 'Preserve', 'type': 'object', 'className': 'EStringToStringMapEntry', 'attributes': {'id': '_Zmohkd6tEei97MD7GK1RmA', 'key':'documentation','value':'Helper method to determine the parameter of the operation with a certain name'}}" 
},{
	 "id": "41", 
	 "label": "{'changeType': 'Preserve', 'type': 'object', 'className': 'EParameter', 'attributes': {'id': '_Zmohkt6tEei97MD7GK1RmA', 'name':'name','ordered':'true','unique':'true','lowerBound':'0','upperBound':'1','many':'false','required':'false','eType':'EString','eGenericType':'org.eclipse.emf.ecore.impl.EGenericTypeImpl@69a1fcbe (expression: EString)','eOperation':'getParameter'}}" 
},{
	 "id": "42", 
	 "label": "{'changeType': 'Preserve', 'type': 'object', 'className': 'EOperation', 'attributes': {'id': '_Zmohmd6tEei97MD7GK1RmA', 'eAnnotations':['org.eclipse.emf.ecore.impl.EAnnotationImpl@64e48f1a (source: http://www.eclipse.org/emf/2002/GenModel)'],'name':'getMainParameter','ordered':'true','unique':'true','lowerBound':'0','upperBound':'1','many':'false','required':'false','eType':'Parameter','eGenericType':'org.eclipse.emf.ecore.impl.EGenericTypeImpl@625332b4 (expression: Parameter)','eContainingClass':'Operation'}}" 
},{
	 "id": "43", 
	 "label": "{'changeType': 'Preserve', 'type': 'object', 'className': 'EAnnotation', 'attributes': {'id': '_Zmohmt6tEei97MD7GK1RmA', 'source':'http://www.eclipse.org/emf/2002/GenModel','details':['org.eclipse.emf.ecore.impl.EStringToStringMapEntryImpl@b9b49dd (key: documentation, value: Helper method to determine the main parameter of the operation, i.e. the parameter with main set to true)'],'eModelElement':'getMainParameter'}}" 
},{
	 "id": "44", 
	 "label": "{'changeType': 'Preserve', 'type': 'object', 'className': 'EStringToStringMapEntry', 'attributes': {'id': '_Zmohm96tEei97MD7GK1RmA', 'key':'documentation','value':'Helper method to determine the main parameter of the operation, i.e. the parameter with main set to true'}}" 
},{
	 "id": "45", 
	 "label": "{'changeType': 'Preserve', 'type': 'object', 'className': 'EOperation', 'attributes': {'id': '_ZmohnN6tEei97MD7GK1RmA', 'name':'refines','ordered':'true','unique':'true','lowerBound':'0','upperBound':'1','many':'false','required':'false','eType':'EBoolean','eGenericType':'org.eclipse.emf.ecore.impl.EGenericTypeImpl@4fa36eac (expression: EBoolean)','eContainingClass':'Operation'}}" 
},{
	 "id": "46", 
	 "label": "{'changeType': 'Preserve', 'type': 'object', 'className': 'EOperation', 'attributes': {'id': '_ZnrDXt6tEei97MD7GK1RmA', 'name':'getConstraint','ordered':'true','unique':'true','lowerBound':'0','upperBound':'1','many':'false','required':'false','eType':'Constraint','eGenericType':'org.eclipse.emf.ecore.impl.EGenericTypeImpl@77269de8 (expression: Constraint)','eContainingClass':'Operation','eParameters':['name']}}" 
},{
	 "id": "47", 
	 "label": "{'changeType': 'Preserve', 'type': 'object', 'className': 'EParameter', 'attributes': {'id': '_ZnrDX96tEei97MD7GK1RmA', 'name':'name','ordered':'true','unique':'true','lowerBound':'0','upperBound':'1','many':'false','required':'false','eType':'EString','eGenericType':'org.eclipse.emf.ecore.impl.EGenericTypeImpl@7be783bd (expression: EString)','eOperation':'getConstraint'}}" 
},{
	 "id": "48", 
	 "label": "{'changeType': 'Preserve', 'type': 'object', 'className': 'EReference', 'attributes': {'id': '_Zmohnt6tEei97MD7GK1RmA', 'eAnnotations':['org.eclipse.emf.ecore.impl.EAnnotationImpl@5d3f0f58 (source: http://www.eclipse.org/emf/2002/GenModel)'],'name':'library','ordered':'true','unique':'true','lowerBound':'1','upperBound':'1','many':'false','required':'true','eType':'Library','eGenericType':'org.eclipse.emf.ecore.impl.EGenericTypeImpl@5d48c2de (expression: Library)','changeable':'true','volatile':'false','transient':'false','unsettable':'false','derived':'false','eContainingClass':'Operation','containment':'false','container':'true','resolveProxies':'true','eOpposite':'operations','eReferenceType':'Library'}}" 
},{
	 "id": "49", 
	 "label": "{'changeType': 'Preserve', 'type': 'object', 'className': 'EAnnotation', 'attributes': {'id': '_Zmohn96tEei97MD7GK1RmA', 'source':'http://www.eclipse.org/emf/2002/GenModel','details':['org.eclipse.emf.ecore.impl.EStringToStringMapEntryImpl@1a828529 (key: documentation, value: Library to which the operation belongs)'],'eModelElement':'library'}}" 
},{
	 "id": "50", 
	 "label": "{'changeType': 'Preserve', 'type': 'object', 'className': 'EStringToStringMapEntry', 'attributes': {'id': '_ZmohoN6tEei97MD7GK1RmA', 'key':'documentation','value':'Library to which the operation belongs'}}" 
},{
	 "id": "51", 
	 "label": "{'changeType': 'Preserve', 'type': 'object', 'className': 'EReference', 'attributes': {'id': '_Zmohod6tEei97MD7GK1RmA', 'eAnnotations':['org.eclipse.emf.ecore.impl.EAnnotationImpl@484f352 (source: http://www.eclipse.org/emf/2002/GenModel)'],'name':'parameters','ordered':'true','unique':'true','lowerBound':'0','upperBound':'-1','many':'true','required':'false','eType':'Parameter','eGenericType':'org.eclipse.emf.ecore.impl.EGenericTypeImpl@163a15e9 (expression: Parameter)','changeable':'true','volatile':'false','transient':'false','unsettable':'false','derived':'false','eContainingClass':'Operation','containment':'true','container':'false','resolveProxies':'true','eOpposite':'operation','eReferenceType':'Parameter'}}" 
},{
	 "id": "52", 
	 "label": "{'changeType': 'Preserve', 'type': 'object', 'className': 'EAnnotation', 'attributes': {'id': '_Zmohot6tEei97MD7GK1RmA', 'source':'http://www.eclipse.org/emf/2002/GenModel','details':['org.eclipse.emf.ecore.impl.EStringToStringMapEntryImpl@21e46955 (key: documentation, value: A list of parameters of the coupled evolution operations)'],'eModelElement':'parameters'}}" 
},{
	 "id": "53", 
	 "label": "{'changeType': 'Preserve', 'type': 'object', 'className': 'EStringToStringMapEntry', 'attributes': {'id': '_Zmoho96tEei97MD7GK1RmA', 'key':'documentation','value':'A list of parameters of the coupled evolution operations'}}" 
},{
	 "id": "54", 
	 "label": "{'changeType': 'Preserve', 'type': 'object', 'className': 'EReference', 'attributes': {'id': '_ZmohpN6tEei97MD7GK1RmA', 'eAnnotations':['org.eclipse.emf.ecore.impl.EAnnotationImpl@3c71910f (source: http://www.eclipse.org/emf/2002/GenModel)'],'name':'constraints','ordered':'true','unique':'true','lowerBound':'0','upperBound':'-1','many':'true','required':'false','eType':'Constraint','eGenericType':'org.eclipse.emf.ecore.impl.EGenericTypeImpl@664d1418 (expression: Constraint)','changeable':'true','volatile':'false','transient':'false','unsettable':'false','derived':'false','eContainingClass':'Operation','containment':'true','container':'false','resolveProxies':'true','eOpposite':'operation','eReferenceType':'Constraint'}}" 
},{
	 "id": "55", 
	 "label": "{'changeType': 'Preserve', 'type': 'object', 'className': 'EAnnotation', 'attributes': {'id': '_Zmohpd6tEei97MD7GK1RmA', 'source':'http://www.eclipse.org/emf/2002/GenModel','details':['org.eclipse.emf.ecore.impl.EStringToStringMapEntryImpl@1fccebb0 (key: documentation, value: A list of constraints restricting the executability of the coupled evolution operation)'],'eModelElement':'constraints'}}" 
},{
	 "id": "56", 
	 "label": "{'changeType': 'Preserve', 'type': 'object', 'className': 'EStringToStringMapEntry', 'attributes': {'id': '_Zmohpt6tEei97MD7GK1RmA', 'key':'documentation','value':'A list of constraints restricting the executability of the coupled evolution operation'}}" 
},{
	 "id": "57", 
	 "label": "{'changeType': 'Preserve', 'type': 'object', 'className': 'EAttribute', 'attributes': {'id': '_Zmohqt6tEei97MD7GK1RmA', 'eAnnotations':['org.eclipse.emf.ecore.impl.EAnnotationImpl@3adafa9f (source: http://www.eclipse.org/emf/2002/GenModel)'],'name':'deprecated','ordered':'true','unique':'true','lowerBound':'0','upperBound':'1','many':'false','required':'false','eType':'EBoolean','eGenericType':'org.eclipse.emf.ecore.impl.EGenericTypeImpl@72fa06ab (expression: EBoolean)','changeable':'true','volatile':'false','transient':'false','defaultValueLiteral':'false','defaultValue':'false','unsettable':'false','derived':'false','eContainingClass':'Operation','iD':'false','eAttributeType':'EBoolean'}}" 
},{
	 "id": "58", 
	 "label": "{'changeType': 'Preserve', 'type': 'object', 'className': 'EAnnotation', 'attributes': {'id': '_Zmohq96tEei97MD7GK1RmA', 'source':'http://www.eclipse.org/emf/2002/GenModel','details':['org.eclipse.emf.ecore.impl.EStringToStringMapEntryImpl@a93ed22 (key: documentation, value: Whether this operation should no longer be used)'],'eModelElement':'deprecated'}}" 
},{
	 "id": "59", 
	 "label": "{'changeType': 'Preserve', 'type': 'object', 'className': 'EStringToStringMapEntry', 'attributes': {'id': '_ZmohrN6tEei97MD7GK1RmA', 'key':'documentation','value':'Whether this operation should no longer be used'}}" 
},{
	 "id": "60", 
	 "label": "{'changeType': 'Preserve', 'type': 'object', 'className': 'EAttribute', 'attributes': {'id': '_Zmohst6tEei97MD7GK1RmA', 'name':'before','ordered':'true','unique':'true','lowerBound':'0','upperBound':'1','many':'false','required':'false','eType':'EString','eGenericType':'org.eclipse.emf.ecore.impl.EGenericTypeImpl@65e28bc (expression: EString)','changeable':'true','volatile':'false','transient':'false','unsettable':'false','derived':'false','eContainingClass':'Operation','iD':'false','eAttributeType':'EString'}}" 
},{
	 "id": "61", 
	 "label": "{'changeType': 'Preserve', 'type': 'object', 'className': 'EAttribute', 'attributes': {'id': '_ZmohtN6tEei97MD7GK1RmA', 'name':'after','ordered':'true','unique':'true','lowerBound':'0','upperBound':'1','many':'false','required':'false','eType':'EString','eGenericType':'org.eclipse.emf.ecore.impl.EGenericTypeImpl@31dcbc2b (expression: EString)','changeable':'true','volatile':'false','transient':'false','unsettable':'false','derived':'false','eContainingClass':'Operation','iD':'false','eAttributeType':'EString'}}" 
},{
	 "id": "62", 
	 "label": "{'changeType': 'Preserve', 'type': 'object', 'className': 'EAttribute', 'attributes': {'id': '_Zmohdd6tEei97MD7GK1RmA', 'eAnnotations':['org.eclipse.emf.ecore.impl.EAnnotationImpl@7788da30 (source: http://www.eclipse.org/emf/2002/GenModel)'],'name':'label','ordered':'true','unique':'true','lowerBound':'1','upperBound':'1','many':'false','required':'true','eType':'EString','eGenericType':'org.eclipse.emf.ecore.impl.EGenericTypeImpl@5c2f98b8 (expression: EString)','changeable':'true','volatile':'false','transient':'false','unsettable':'false','derived':'false','eContainingClass':'Operation','iD':'false','eAttributeType':'EString'}}" 
},{
	 "id": "63", 
	 "label": "{'changeType': 'Preserve', 'type': 'object', 'className': 'EAnnotation', 'attributes': {'id': '_Zmohdt6tEei97MD7GK1RmA', 'source':'http://www.eclipse.org/emf/2002/GenModel','details':['org.eclipse.emf.ecore.impl.EStringToStringMapEntryImpl@1b2f6efe (key: documentation, value: Label for an element)'],'eModelElement':'label'}}" 
},{
	 "id": "64", 
	 "label": "{'changeType': 'Preserve', 'type': 'object', 'className': 'EStringToStringMapEntry', 'attributes': {'id': '_Zmohd96tEei97MD7GK1RmA', 'key':'documentation','value':'Label for an element'}}" 
},{
	 "id": "65", 
	 "label": "{'changeType': 'Preserve', 'type': 'object', 'className': 'EClass', 'attributes': {'id': '_Zmohvd6tEei97MD7GK1RmA', 'eAnnotations':['org.eclipse.emf.ecore.impl.EAnnotationImpl@509c661e (source: http://www.eclipse.org/emf/2002/GenModel)'],'name':'Parameter','ePackage':'declaration','abstract':'false','interface':'false','eStructuralFeatures':['operation','required','main','many','classifier','classifierName'],'eGenericSuperTypes':['org.eclipse.emf.ecore.impl.EGenericTypeImpl@30a4a66a (expression: IdentifiedElement)']}}" 
},{
	 "id": "66", 
	 "label": "{'changeType': 'Preserve', 'type': 'object', 'className': 'EAnnotation', 'attributes': {'id': '_Zmohvt6tEei97MD7GK1RmA', 'source':'http://www.eclipse.org/emf/2002/GenModel','details':['org.eclipse.emf.ecore.impl.EStringToStringMapEntryImpl@7056deed (key: documentation, value: A parameter of an operation)'],'eModelElement':'Parameter'}}" 
},{
	 "id": "67", 
	 "label": "{'changeType': 'Preserve', 'type': 'object', 'className': 'EStringToStringMapEntry', 'attributes': {'id': '_Zmohv96tEei97MD7GK1RmA', 'key':'documentation','value':'A parameter of an operation'}}" 
},{
	 "id": "68", 
	 "label": "{'changeType': 'Preserve', 'type': 'object', 'className': 'EReference', 'attributes': {'id': '_ZmohwN6tEei97MD7GK1RmA', 'eAnnotations':['org.eclipse.emf.ecore.impl.EAnnotationImpl@32ca9197 (source: http://www.eclipse.org/emf/2002/GenModel)'],'name':'operation','ordered':'true','unique':'true','lowerBound':'1','upperBound':'1','many':'false','required':'true','eType':'Operation','eGenericType':'org.eclipse.emf.ecore.impl.EGenericTypeImpl@1d5bb25 (expression: Operation)','changeable':'true','volatile':'false','transient':'false','unsettable':'false','derived':'false','eContainingClass':'Parameter','containment':'false','container':'true','resolveProxies':'true','eOpposite':'parameters','eReferenceType':'Operation'}}" 
},{
	 "id": "69", 
	 "label": "{'changeType': 'Preserve', 'type': 'object', 'className': 'EAnnotation', 'attributes': {'id': '_Zmohwd6tEei97MD7GK1RmA', 'source':'http://www.eclipse.org/emf/2002/GenModel','details':['org.eclipse.emf.ecore.impl.EStringToStringMapEntryImpl@74ad8095 (key: documentation, value: Operation to which the parameter belongs)'],'eModelElement':'operation'}}" 
},{
	 "id": "70", 
	 "label": "{'changeType': 'Preserve', 'type': 'object', 'className': 'EStringToStringMapEntry', 'attributes': {'id': '_Zmohwt6tEei97MD7GK1RmA', 'key':'documentation','value':'Operation to which the parameter belongs'}}" 
},{
	 "id": "71", 
	 "label": "{'changeType': 'Preserve', 'type': 'object', 'className': 'EAttribute', 'attributes': {'id': '_Zmohw96tEei97MD7GK1RmA', 'eAnnotations':['org.eclipse.emf.ecore.impl.EAnnotationImpl@72b15c07 (source: http://www.eclipse.org/emf/2002/GenModel)'],'name':'required','ordered':'true','unique':'true','lowerBound':'0','upperBound':'1','many':'false','required':'false','eType':'EBoolean','eGenericType':'org.eclipse.emf.ecore.impl.EGenericTypeImpl@ca0bec0 (expression: EBoolean)','changeable':'true','volatile':'false','transient':'false','defaultValueLiteral':'true','defaultValue':'true','unsettable':'false','derived':'false','eContainingClass':'Parameter','iD':'false','eAttributeType':'EBoolean'}}" 
},{
	 "id": "72", 
	 "label": "{'changeType': 'Preserve', 'type': 'object', 'className': 'EAnnotation', 'attributes': {'id': '_ZmohxN6tEei97MD7GK1RmA', 'source':'http://www.eclipse.org/emf/2002/GenModel','details':['org.eclipse.emf.ecore.impl.EStringToStringMapEntryImpl@14912def (key: documentation, value: Whether the parameter is required to be set for allowing an operation to be executed)'],'eModelElement':'required'}}" 
},{
	 "id": "73", 
	 "label": "{'changeType': 'Preserve', 'type': 'object', 'className': 'EStringToStringMapEntry', 'attributes': {'id': '_Zmohxd6tEei97MD7GK1RmA', 'key':'documentation','value':'Whether the parameter is required to be set for allowing an operation to be executed'}}" 
},{
	 "id": "74", 
	 "label": "{'changeType': 'Preserve', 'type': 'object', 'className': 'EAttribute', 'attributes': {'id': '_Zmohy96tEei97MD7GK1RmA', 'eAnnotations':['org.eclipse.emf.ecore.impl.EAnnotationImpl@248b1300 (source: http://www.eclipse.org/emf/2002/GenModel)'],'name':'main','ordered':'true','unique':'true','lowerBound':'0','upperBound':'1','many':'false','required':'false','eType':'EBoolean','eGenericType':'org.eclipse.emf.ecore.impl.EGenericTypeImpl@30375378 (expression: EBoolean)','changeable':'true','volatile':'false','transient':'false','defaultValue':'false','unsettable':'false','derived':'false','eContainingClass':'Parameter','iD':'false','eAttributeType':'EBoolean'}}" 
},{
	 "id": "75", 
	 "label": "{'changeType': 'Preserve', 'type': 'object', 'className': 'EAnnotation', 'attributes': {'id': '_ZmohzN6tEei97MD7GK1RmA', 'source':'http://www.eclipse.org/emf/2002/GenModel','details':['org.eclipse.emf.ecore.impl.EStringToStringMapEntryImpl@3968bc2b (key: documentation, value: Whether the parameter is determined by selection (at most one parameter for unambiguousness))'],'eModelElement':'main'}}" 
},{
	 "id": "76", 
	 "label": "{'changeType': 'Preserve', 'type': 'object', 'className': 'EStringToStringMapEntry', 'attributes': {'id': '_Zmohzd6tEei97MD7GK1RmA', 'key':'documentation','value':'Whether the parameter is determined by selection (at most one parameter for unambiguousness)'}}" 
},{
	 "id": "77", 
	 "label": "{'changeType': 'Preserve', 'type': 'object', 'className': 'EAttribute', 'attributes': {'id': '_Zmoh4t6tEei97MD7GK1RmA', 'eAnnotations':['org.eclipse.emf.ecore.impl.EAnnotationImpl@1d802b9 (source: http://www.eclipse.org/emf/2002/GenModel)'],'name':'many','ordered':'true','unique':'true','lowerBound':'0','upperBound':'1','many':'false','required':'false','eType':'EBoolean','eGenericType':'org.eclipse.emf.ecore.impl.EGenericTypeImpl@770b5f03 (expression: EBoolean)','changeable':'true','volatile':'false','transient':'false','defaultValue':'false','unsettable':'false','derived':'false','eContainingClass':'Parameter','iD':'false','eAttributeType':'EBoolean'}}" 
},{
	 "id": "78", 
	 "label": "{'changeType': 'Preserve', 'type': 'object', 'className': 'EAnnotation', 'attributes': {'id': '_Zmoh496tEei97MD7GK1RmA', 'source':'http://www.eclipse.org/emf/2002/GenModel','details':['org.eclipse.emf.ecore.impl.EStringToStringMapEntryImpl@7d2d6f4d (key: documentation, value: Whether the type is multi-valued)'],'eModelElement':'many'}}" 
},{
	 "id": "79", 
	 "label": "{'changeType': 'Preserve', 'type': 'object', 'className': 'EStringToStringMapEntry', 'attributes': {'id': '_Zmoh5N6tEei97MD7GK1RmA', 'key':'documentation','value':'Whether the type is multi-valued'}}" 
},{
	 "id": "80", 
	 "label": "{'changeType': 'Preserve', 'type': 'object', 'className': 'EReference', 'attributes': {'id': '_Zmoh5t6tEei97MD7GK1RmA', 'eAnnotations':['org.eclipse.emf.ecore.impl.EAnnotationImpl@731d7222 (source: http://www.eclipse.org/emf/2002/GenModel)'],'name':'classifier','ordered':'true','unique':'true','lowerBound':'1','upperBound':'1','many':'false','required':'true','eType':'EClassifier','eGenericType':'org.eclipse.emf.ecore.impl.EGenericTypeImpl@480294e4 (expression: EClassifier)','changeable':'true','volatile':'true','transient':'true','unsettable':'false','derived':'true','eContainingClass':'Parameter','containment':'false','container':'false','resolveProxies':'true','eReferenceType':'EClassifier'}}" 
},{
	 "id": "81", 
	 "label": "{'changeType': 'Preserve', 'type': 'object', 'className': 'EAnnotation', 'attributes': {'id': '_Zmoh596tEei97MD7GK1RmA', 'source':'http://www.eclipse.org/emf/2002/GenModel','details':['org.eclipse.emf.ecore.impl.EStringToStringMapEntryImpl@655c3c0b (key: documentation, value: Classifier for which the type stands (the value of this reference is derived from the type's name))'],'eModelElement':'classifier'}}" 
},{
	 "id": "82", 
	 "label": "{'changeType': 'Preserve', 'type': 'object', 'className': 'EStringToStringMapEntry', 'attributes': {'id': '_Zmoh6N6tEei97MD7GK1RmA', 'key':'documentation','value':'Classifier for which the type stands (the value of this reference is derived from the type's name)'}}" 
},{
	 "id": "83", 
	 "label": "{'changeType': 'Preserve', 'type': 'object', 'className': 'EAttribute', 'attributes': {'id': '_Zmoh6t6tEei97MD7GK1RmA', 'eAnnotations':['org.eclipse.emf.ecore.impl.EAnnotationImpl@69a60f7a (source: http://www.eclipse.org/emf/2002/GenModel)'],'name':'classifierName','ordered':'true','unique':'true','lowerBound':'1','upperBound':'1','many':'false','required':'true','eType':'EString','eGenericType':'org.eclipse.emf.ecore.impl.EGenericTypeImpl@31e7c6d2 (expression: EString)','changeable':'true','volatile':'false','transient':'false','unsettable':'false','derived':'false','eContainingClass':'Parameter','iD':'false','eAttributeType':'EString'}}" 
},{
	 "id": "84", 
	 "label": "{'changeType': 'Preserve', 'type': 'object', 'className': 'EAnnotation', 'attributes': {'id': '_Zmoh696tEei97MD7GK1RmA', 'source':'http://www.eclipse.org/emf/2002/GenModel','details':['org.eclipse.emf.ecore.impl.EStringToStringMapEntryImpl@6d1eca21 (key: documentation, value: Name of the classifier for which the type stands)'],'eModelElement':'classifierName'}}" 
},{
	 "id": "85", 
	 "label": "{'changeType': 'Preserve', 'type': 'object', 'className': 'EStringToStringMapEntry', 'attributes': {'id': '_Zmoh7N6tEei97MD7GK1RmA', 'key':'documentation','value':'Name of the classifier for which the type stands'}}" 
},{
	 "id": "86", 
	 "label": "{'changeType': 'Preserve', 'type': 'object', 'className': 'EClass', 'attributes': {'id': '_Zmoh1d6tEei97MD7GK1RmA', 'eAnnotations':['org.eclipse.emf.ecore.impl.EAnnotationImpl@151b918b (source: http://www.eclipse.org/emf/2002/GenModel)'],'name':'Constraint','ePackage':'declaration','abstract':'false','interface':'false','eStructuralFeatures':['operation','restricts'],'eGenericSuperTypes':['org.eclipse.emf.ecore.impl.EGenericTypeImpl@e4f1da1 (expression: IdentifiedElement)']}}" 
},{
	 "id": "87", 
	 "label": "{'changeType': 'Preserve', 'type': 'object', 'className': 'EAnnotation', 'attributes': {'id': '_Zmoh1t6tEei97MD7GK1RmA', 'source':'http://www.eclipse.org/emf/2002/GenModel','details':['org.eclipse.emf.ecore.impl.EStringToStringMapEntryImpl@1a4514ac (key: documentation, value: A constraint which determines whether an operation can be executed with a setting of parameters)'],'eModelElement':'Constraint'}}" 
},{
	 "id": "88", 
	 "label": "{'changeType': 'Preserve', 'type': 'object', 'className': 'EStringToStringMapEntry', 'attributes': {'id': '_Zmoh196tEei97MD7GK1RmA', 'key':'documentation','value':'A constraint which determines whether an operation can be executed with a setting of parameters'}}" 
},{
	 "id": "89", 
	 "label": "{'changeType': 'Preserve', 'type': 'object', 'className': 'EReference', 'attributes': {'id': '_Zmoh2N6tEei97MD7GK1RmA', 'eAnnotations':['org.eclipse.emf.ecore.impl.EAnnotationImpl@2a24e948 (source: http://www.eclipse.org/emf/2002/GenModel)'],'name':'operation','ordered':'true','unique':'true','lowerBound':'1','upperBound':'1','many':'false','required':'true','eType':'Operation','eGenericType':'org.eclipse.emf.ecore.impl.EGenericTypeImpl@637abb65 (expression: Operation)','changeable':'true','volatile':'false','transient':'false','unsettable':'false','derived':'false','eContainingClass':'Constraint','containment':'false','container':'true','resolveProxies':'true','eOpposite':'constraints','eReferenceType':'Operation'}}" 
},{
	 "id": "90", 
	 "label": "{'changeType': 'Preserve', 'type': 'object', 'className': 'EAnnotation', 'attributes': {'id': '_Zmoh2d6tEei97MD7GK1RmA', 'source':'http://www.eclipse.org/emf/2002/GenModel','details':['org.eclipse.emf.ecore.impl.EStringToStringMapEntryImpl@187668d4 (key: documentation, value: Operation to which the parameter belongs)'],'eModelElement':'operation'}}" 
},{
	 "id": "91", 
	 "label": "{'changeType': 'Preserve', 'type': 'object', 'className': 'EStringToStringMapEntry', 'attributes': {'id': '_Zmoh2t6tEei97MD7GK1RmA', 'key':'documentation','value':'Operation to which the parameter belongs'}}" 
},{
	 "id": "92", 
	 "label": "{'changeType': 'Preserve', 'type': 'object', 'className': 'EReference', 'attributes': {'id': '_ZnrDmd6tEei97MD7GK1RmA', 'name':'restricts','ordered':'true','unique':'true','lowerBound':'0','upperBound':'1','many':'false','required':'false','eType':'Parameter','eGenericType':'org.eclipse.emf.ecore.impl.EGenericTypeImpl@4bd9a5df (expression: Parameter)','changeable':'true','volatile':'false','transient':'false','unsettable':'false','derived':'false','eContainingClass':'Constraint','containment':'false','container':'false','resolveProxies':'true','eReferenceType':'Parameter'}}" 
}], 
 "links": [{
	 "source": "1", 
	 "target": "0", 
	 "label": "{'changeType': 'DELETE', 'type': 'reference', 'referenceTypeName': 'details'}" 
},{
	 "source": "2", 
	 "target": "1", 
	 "label": "{'changeType': 'DELETE', 'type': 'reference', 'referenceTypeName': 'eAnnotations'}" 
},{
	 "source": "1", 
	 "target": "2", 
	 "label": "{'changeType': 'DELETE', 'type': 'reference', 'referenceTypeName': 'eModelElement'}" 
},{
	 "source": "3", 
	 "target": "2", 
	 "label": "{'changeType': 'DELETE', 'type': 'reference', 'referenceTypeName': 'eOperations'}" 
},{
	 "source": "2", 
	 "target": "3", 
	 "label": "{'changeType': 'DELETE', 'type': 'reference', 'referenceTypeName': 'eContainingClass'}" 
},{
	 "source": "5", 
	 "target": "4", 
	 "label": "{'changeType': 'DELETE', 'type': 'reference', 'referenceTypeName': 'eTypeArguments'}" 
},{
	 "source": "6", 
	 "target": "5", 
	 "label": "{'changeType': 'DELETE', 'type': 'reference', 'referenceTypeName': 'eGenericType'}" 
},{
	 "source": "8", 
	 "target": "7", 
	 "label": "{'changeType': 'Preserve', 'type': 'reference', 'referenceTypeName': 'eAnnotations'}" 
},{
	 "source": "7", 
	 "target": "8", 
	 "label": "{'changeType': 'Preserve', 'type': 'reference', 'referenceTypeName': 'eModelElement'}" 
},{
	 "source": "9", 
	 "target": "8", 
	 "label": "{'changeType': 'Preserve', 'type': 'reference', 'referenceTypeName': 'details'}" 
},{
	 "source": "10", 
	 "target": "7", 
	 "label": "{'changeType': 'Preserve', 'type': 'reference', 'referenceTypeName': 'eClassifiers'}" 
},{
	 "source": "7", 
	 "target": "10", 
	 "label": "{'changeType': 'Preserve', 'type': 'reference', 'referenceTypeName': 'ePackage'}" 
},{
	 "source": "11", 
	 "target": "10", 
	 "label": "{'changeType': 'Preserve', 'type': 'reference', 'referenceTypeName': 'eAnnotations'}" 
},{
	 "source": "10", 
	 "target": "11", 
	 "label": "{'changeType': 'Preserve', 'type': 'reference', 'referenceTypeName': 'eModelElement'}" 
},{
	 "source": "12", 
	 "target": "11", 
	 "label": "{'changeType': 'Preserve', 'type': 'reference', 'referenceTypeName': 'details'}" 
},{
	 "source": "13", 
	 "target": "10", 
	 "label": "{'changeType': 'Preserve', 'type': 'reference', 'referenceTypeName': 'eStructuralFeatures'}" 
},{
	 "source": "10", 
	 "target": "13", 
	 "label": "{'changeType': 'Preserve', 'type': 'reference', 'referenceTypeName': 'eContainingClass'}" 
},{
	 "source": "14", 
	 "target": "13", 
	 "label": "{'changeType': 'Preserve', 'type': 'reference', 'referenceTypeName': 'eAnnotations'}" 
},{
	 "source": "13", 
	 "target": "14", 
	 "label": "{'changeType': 'Preserve', 'type': 'reference', 'referenceTypeName': 'eModelElement'}" 
},{
	 "source": "15", 
	 "target": "14", 
	 "label": "{'changeType': 'Preserve', 'type': 'reference', 'referenceTypeName': 'details'}" 
},{
	 "source": "16", 
	 "target": "10", 
	 "label": "{'changeType': 'Preserve', 'type': 'reference', 'referenceTypeName': 'eStructuralFeatures'}" 
},{
	 "source": "10", 
	 "target": "16", 
	 "label": "{'changeType': 'Preserve', 'type': 'reference', 'referenceTypeName': 'eContainingClass'}" 
},{
	 "source": "17", 
	 "target": "16", 
	 "label": "{'changeType': 'Preserve', 'type': 'reference', 'referenceTypeName': 'eAnnotations'}" 
},{
	 "source": "16", 
	 "target": "17", 
	 "label": "{'changeType': 'Preserve', 'type': 'reference', 'referenceTypeName': 'eModelElement'}" 
},{
	 "source": "18", 
	 "target": "17", 
	 "label": "{'changeType': 'Preserve', 'type': 'reference', 'referenceTypeName': 'details'}" 
},{
	 "source": "3", 
	 "target": "7", 
	 "label": "{'changeType': 'Preserve', 'type': 'reference', 'referenceTypeName': 'eClassifiers'}" 
},{
	 "source": "7", 
	 "target": "3", 
	 "label": "{'changeType': 'Preserve', 'type': 'reference', 'referenceTypeName': 'ePackage'}" 
},{
	 "source": "19", 
	 "target": "3", 
	 "label": "{'changeType': 'Preserve', 'type': 'reference', 'referenceTypeName': 'eAnnotations'}" 
},{
	 "source": "3", 
	 "target": "19", 
	 "label": "{'changeType': 'Preserve', 'type': 'reference', 'referenceTypeName': 'eModelElement'}" 
},{
	 "source": "20", 
	 "target": "19", 
	 "label": "{'changeType': 'Preserve', 'type': 'reference', 'referenceTypeName': 'details'}" 
},{
	 "source": "21", 
	 "target": "3", 
	 "label": "{'changeType': 'Preserve', 'type': 'reference', 'referenceTypeName': 'eOperations'}" 
},{
	 "source": "3", 
	 "target": "21", 
	 "label": "{'changeType': 'Preserve', 'type': 'reference', 'referenceTypeName': 'eContainingClass'}" 
},{
	 "source": "22", 
	 "target": "21", 
	 "label": "{'changeType': 'Preserve', 'type': 'reference', 'referenceTypeName': 'eAnnotations'}" 
},{
	 "source": "21", 
	 "target": "22", 
	 "label": "{'changeType': 'Preserve', 'type': 'reference', 'referenceTypeName': 'eModelElement'}" 
},{
	 "source": "23", 
	 "target": "22", 
	 "label": "{'changeType': 'Preserve', 'type': 'reference', 'referenceTypeName': 'details'}" 
},{
	 "source": "24", 
	 "target": "21", 
	 "label": "{'changeType': 'Preserve', 'type': 'reference', 'referenceTypeName': 'eParameters'}" 
},{
	 "source": "21", 
	 "target": "24", 
	 "label": "{'changeType': 'Preserve', 'type': 'reference', 'referenceTypeName': 'eOperation'}" 
},{
	 "source": "25", 
	 "target": "3", 
	 "label": "{'changeType': 'Preserve', 'type': 'reference', 'referenceTypeName': 'eStructuralFeatures'}" 
},{
	 "source": "3", 
	 "target": "25", 
	 "label": "{'changeType': 'Preserve', 'type': 'reference', 'referenceTypeName': 'eContainingClass'}" 
},{
	 "source": "26", 
	 "target": "25", 
	 "label": "{'changeType': 'Preserve', 'type': 'reference', 'referenceTypeName': 'eAnnotations'}" 
},{
	 "source": "25", 
	 "target": "26", 
	 "label": "{'changeType': 'Preserve', 'type': 'reference', 'referenceTypeName': 'eModelElement'}" 
},{
	 "source": "27", 
	 "target": "26", 
	 "label": "{'changeType': 'Preserve', 'type': 'reference', 'referenceTypeName': 'details'}" 
},{
	 "source": "28", 
	 "target": "3", 
	 "label": "{'changeType': 'Preserve', 'type': 'reference', 'referenceTypeName': 'eStructuralFeatures'}" 
},{
	 "source": "3", 
	 "target": "28", 
	 "label": "{'changeType': 'Preserve', 'type': 'reference', 'referenceTypeName': 'eContainingClass'}" 
},{
	 "source": "29", 
	 "target": "28", 
	 "label": "{'changeType': 'Preserve', 'type': 'reference', 'referenceTypeName': 'eAnnotations'}" 
},{
	 "source": "28", 
	 "target": "29", 
	 "label": "{'changeType': 'Preserve', 'type': 'reference', 'referenceTypeName': 'eModelElement'}" 
},{
	 "source": "30", 
	 "target": "29", 
	 "label": "{'changeType': 'Preserve', 'type': 'reference', 'referenceTypeName': 'details'}" 
},{
	 "source": "31", 
	 "target": "3", 
	 "label": "{'changeType': 'Preserve', 'type': 'reference', 'referenceTypeName': 'eStructuralFeatures'}" 
},{
	 "source": "3", 
	 "target": "31", 
	 "label": "{'changeType': 'Preserve', 'type': 'reference', 'referenceTypeName': 'eContainingClass'}" 
},{
	 "source": "32", 
	 "target": "31", 
	 "label": "{'changeType': 'Preserve', 'type': 'reference', 'referenceTypeName': 'eAnnotations'}" 
},{
	 "source": "31", 
	 "target": "32", 
	 "label": "{'changeType': 'Preserve', 'type': 'reference', 'referenceTypeName': 'eModelElement'}" 
},{
	 "source": "33", 
	 "target": "32", 
	 "label": "{'changeType': 'Preserve', 'type': 'reference', 'referenceTypeName': 'details'}" 
},{
	 "source": "34", 
	 "target": "3", 
	 "label": "{'changeType': 'Preserve', 'type': 'reference', 'referenceTypeName': 'eStructuralFeatures'}" 
},{
	 "source": "3", 
	 "target": "34", 
	 "label": "{'changeType': 'Preserve', 'type': 'reference', 'referenceTypeName': 'eContainingClass'}" 
},{
	 "source": "35", 
	 "target": "7", 
	 "label": "{'changeType': 'Preserve', 'type': 'reference', 'referenceTypeName': 'eClassifiers'}" 
},{
	 "source": "7", 
	 "target": "35", 
	 "label": "{'changeType': 'Preserve', 'type': 'reference', 'referenceTypeName': 'ePackage'}" 
},{
	 "source": "36", 
	 "target": "35", 
	 "label": "{'changeType': 'Preserve', 'type': 'reference', 'referenceTypeName': 'eAnnotations'}" 
},{
	 "source": "35", 
	 "target": "36", 
	 "label": "{'changeType': 'Preserve', 'type': 'reference', 'referenceTypeName': 'eModelElement'}" 
},{
	 "source": "37", 
	 "target": "36", 
	 "label": "{'changeType': 'Preserve', 'type': 'reference', 'referenceTypeName': 'details'}" 
},{
	 "source": "38", 
	 "target": "35", 
	 "label": "{'changeType': 'Preserve', 'type': 'reference', 'referenceTypeName': 'eOperations'}" 
},{
	 "source": "35", 
	 "target": "38", 
	 "label": "{'changeType': 'Preserve', 'type': 'reference', 'referenceTypeName': 'eContainingClass'}" 
},{
	 "source": "39", 
	 "target": "38", 
	 "label": "{'changeType': 'Preserve', 'type': 'reference', 'referenceTypeName': 'eAnnotations'}" 
},{
	 "source": "38", 
	 "target": "39", 
	 "label": "{'changeType': 'Preserve', 'type': 'reference', 'referenceTypeName': 'eModelElement'}" 
},{
	 "source": "40", 
	 "target": "39", 
	 "label": "{'changeType': 'Preserve', 'type': 'reference', 'referenceTypeName': 'details'}" 
},{
	 "source": "41", 
	 "target": "38", 
	 "label": "{'changeType': 'Preserve', 'type': 'reference', 'referenceTypeName': 'eParameters'}" 
},{
	 "source": "38", 
	 "target": "41", 
	 "label": "{'changeType': 'Preserve', 'type': 'reference', 'referenceTypeName': 'eOperation'}" 
},{
	 "source": "42", 
	 "target": "35", 
	 "label": "{'changeType': 'Preserve', 'type': 'reference', 'referenceTypeName': 'eOperations'}" 
},{
	 "source": "35", 
	 "target": "42", 
	 "label": "{'changeType': 'Preserve', 'type': 'reference', 'referenceTypeName': 'eContainingClass'}" 
},{
	 "source": "43", 
	 "target": "42", 
	 "label": "{'changeType': 'Preserve', 'type': 'reference', 'referenceTypeName': 'eAnnotations'}" 
},{
	 "source": "42", 
	 "target": "43", 
	 "label": "{'changeType': 'Preserve', 'type': 'reference', 'referenceTypeName': 'eModelElement'}" 
},{
	 "source": "44", 
	 "target": "43", 
	 "label": "{'changeType': 'Preserve', 'type': 'reference', 'referenceTypeName': 'details'}" 
},{
	 "source": "45", 
	 "target": "35", 
	 "label": "{'changeType': 'Preserve', 'type': 'reference', 'referenceTypeName': 'eOperations'}" 
},{
	 "source": "35", 
	 "target": "45", 
	 "label": "{'changeType': 'Preserve', 'type': 'reference', 'referenceTypeName': 'eContainingClass'}" 
},{
	 "source": "46", 
	 "target": "35", 
	 "label": "{'changeType': 'Preserve', 'type': 'reference', 'referenceTypeName': 'eOperations'}" 
},{
	 "source": "35", 
	 "target": "46", 
	 "label": "{'changeType': 'Preserve', 'type': 'reference', 'referenceTypeName': 'eContainingClass'}" 
},{
	 "source": "47", 
	 "target": "46", 
	 "label": "{'changeType': 'Preserve', 'type': 'reference', 'referenceTypeName': 'eParameters'}" 
},{
	 "source": "46", 
	 "target": "47", 
	 "label": "{'changeType': 'Preserve', 'type': 'reference', 'referenceTypeName': 'eOperation'}" 
},{
	 "source": "48", 
	 "target": "35", 
	 "label": "{'changeType': 'Preserve', 'type': 'reference', 'referenceTypeName': 'eStructuralFeatures'}" 
},{
	 "source": "35", 
	 "target": "48", 
	 "label": "{'changeType': 'Preserve', 'type': 'reference', 'referenceTypeName': 'eContainingClass'}" 
},{
	 "source": "49", 
	 "target": "48", 
	 "label": "{'changeType': 'Preserve', 'type': 'reference', 'referenceTypeName': 'eAnnotations'}" 
},{
	 "source": "48", 
	 "target": "49", 
	 "label": "{'changeType': 'Preserve', 'type': 'reference', 'referenceTypeName': 'eModelElement'}" 
},{
	 "source": "50", 
	 "target": "49", 
	 "label": "{'changeType': 'Preserve', 'type': 'reference', 'referenceTypeName': 'details'}" 
},{
	 "source": "51", 
	 "target": "35", 
	 "label": "{'changeType': 'Preserve', 'type': 'reference', 'referenceTypeName': 'eStructuralFeatures'}" 
},{
	 "source": "35", 
	 "target": "51", 
	 "label": "{'changeType': 'Preserve', 'type': 'reference', 'referenceTypeName': 'eContainingClass'}" 
},{
	 "source": "52", 
	 "target": "51", 
	 "label": "{'changeType': 'Preserve', 'type': 'reference', 'referenceTypeName': 'eAnnotations'}" 
},{
	 "source": "51", 
	 "target": "52", 
	 "label": "{'changeType': 'Preserve', 'type': 'reference', 'referenceTypeName': 'eModelElement'}" 
},{
	 "source": "53", 
	 "target": "52", 
	 "label": "{'changeType': 'Preserve', 'type': 'reference', 'referenceTypeName': 'details'}" 
},{
	 "source": "54", 
	 "target": "35", 
	 "label": "{'changeType': 'Preserve', 'type': 'reference', 'referenceTypeName': 'eStructuralFeatures'}" 
},{
	 "source": "35", 
	 "target": "54", 
	 "label": "{'changeType': 'Preserve', 'type': 'reference', 'referenceTypeName': 'eContainingClass'}" 
},{
	 "source": "55", 
	 "target": "54", 
	 "label": "{'changeType': 'Preserve', 'type': 'reference', 'referenceTypeName': 'eAnnotations'}" 
},{
	 "source": "54", 
	 "target": "55", 
	 "label": "{'changeType': 'Preserve', 'type': 'reference', 'referenceTypeName': 'eModelElement'}" 
},{
	 "source": "56", 
	 "target": "55", 
	 "label": "{'changeType': 'Preserve', 'type': 'reference', 'referenceTypeName': 'details'}" 
},{
	 "source": "57", 
	 "target": "35", 
	 "label": "{'changeType': 'Preserve', 'type': 'reference', 'referenceTypeName': 'eStructuralFeatures'}" 
},{
	 "source": "35", 
	 "target": "57", 
	 "label": "{'changeType': 'Preserve', 'type': 'reference', 'referenceTypeName': 'eContainingClass'}" 
},{
	 "source": "58", 
	 "target": "57", 
	 "label": "{'changeType': 'Preserve', 'type': 'reference', 'referenceTypeName': 'eAnnotations'}" 
},{
	 "source": "57", 
	 "target": "58", 
	 "label": "{'changeType': 'Preserve', 'type': 'reference', 'referenceTypeName': 'eModelElement'}" 
},{
	 "source": "59", 
	 "target": "58", 
	 "label": "{'changeType': 'Preserve', 'type': 'reference', 'referenceTypeName': 'details'}" 
},{
	 "source": "60", 
	 "target": "35", 
	 "label": "{'changeType': 'Preserve', 'type': 'reference', 'referenceTypeName': 'eStructuralFeatures'}" 
},{
	 "source": "35", 
	 "target": "60", 
	 "label": "{'changeType': 'Preserve', 'type': 'reference', 'referenceTypeName': 'eContainingClass'}" 
},{
	 "source": "61", 
	 "target": "35", 
	 "label": "{'changeType': 'Preserve', 'type': 'reference', 'referenceTypeName': 'eStructuralFeatures'}" 
},{
	 "source": "35", 
	 "target": "61", 
	 "label": "{'changeType': 'Preserve', 'type': 'reference', 'referenceTypeName': 'eContainingClass'}" 
},{
	 "source": "6", 
	 "target": "35", 
	 "label": "{'changeType': 'Preserve', 'type': 'reference', 'referenceTypeName': 'eStructuralFeatures'}" 
},{
	 "source": "35", 
	 "target": "6", 
	 "label": "{'changeType': 'Preserve', 'type': 'reference', 'referenceTypeName': 'eContainingClass'}" 
},{
	 "source": "62", 
	 "target": "35", 
	 "label": "{'changeType': 'Preserve', 'type': 'reference', 'referenceTypeName': 'eStructuralFeatures'}" 
},{
	 "source": "35", 
	 "target": "62", 
	 "label": "{'changeType': 'Preserve', 'type': 'reference', 'referenceTypeName': 'eContainingClass'}" 
},{
	 "source": "63", 
	 "target": "62", 
	 "label": "{'changeType': 'Preserve', 'type': 'reference', 'referenceTypeName': 'eAnnotations'}" 
},{
	 "source": "62", 
	 "target": "63", 
	 "label": "{'changeType': 'Preserve', 'type': 'reference', 'referenceTypeName': 'eModelElement'}" 
},{
	 "source": "64", 
	 "target": "63", 
	 "label": "{'changeType': 'Preserve', 'type': 'reference', 'referenceTypeName': 'details'}" 
},{
	 "source": "65", 
	 "target": "7", 
	 "label": "{'changeType': 'Preserve', 'type': 'reference', 'referenceTypeName': 'eClassifiers'}" 
},{
	 "source": "7", 
	 "target": "65", 
	 "label": "{'changeType': 'Preserve', 'type': 'reference', 'referenceTypeName': 'ePackage'}" 
},{
	 "source": "66", 
	 "target": "65", 
	 "label": "{'changeType': 'Preserve', 'type': 'reference', 'referenceTypeName': 'eAnnotations'}" 
},{
	 "source": "65", 
	 "target": "66", 
	 "label": "{'changeType': 'Preserve', 'type': 'reference', 'referenceTypeName': 'eModelElement'}" 
},{
	 "source": "67", 
	 "target": "66", 
	 "label": "{'changeType': 'Preserve', 'type': 'reference', 'referenceTypeName': 'details'}" 
},{
	 "source": "68", 
	 "target": "65", 
	 "label": "{'changeType': 'Preserve', 'type': 'reference', 'referenceTypeName': 'eStructuralFeatures'}" 
},{
	 "source": "65", 
	 "target": "68", 
	 "label": "{'changeType': 'Preserve', 'type': 'reference', 'referenceTypeName': 'eContainingClass'}" 
},{
	 "source": "69", 
	 "target": "68", 
	 "label": "{'changeType': 'Preserve', 'type': 'reference', 'referenceTypeName': 'eAnnotations'}" 
},{
	 "source": "68", 
	 "target": "69", 
	 "label": "{'changeType': 'Preserve', 'type': 'reference', 'referenceTypeName': 'eModelElement'}" 
},{
	 "source": "70", 
	 "target": "69", 
	 "label": "{'changeType': 'Preserve', 'type': 'reference', 'referenceTypeName': 'details'}" 
},{
	 "source": "71", 
	 "target": "65", 
	 "label": "{'changeType': 'Preserve', 'type': 'reference', 'referenceTypeName': 'eStructuralFeatures'}" 
},{
	 "source": "65", 
	 "target": "71", 
	 "label": "{'changeType': 'Preserve', 'type': 'reference', 'referenceTypeName': 'eContainingClass'}" 
},{
	 "source": "72", 
	 "target": "71", 
	 "label": "{'changeType': 'Preserve', 'type': 'reference', 'referenceTypeName': 'eAnnotations'}" 
},{
	 "source": "71", 
	 "target": "72", 
	 "label": "{'changeType': 'Preserve', 'type': 'reference', 'referenceTypeName': 'eModelElement'}" 
},{
	 "source": "73", 
	 "target": "72", 
	 "label": "{'changeType': 'Preserve', 'type': 'reference', 'referenceTypeName': 'details'}" 
},{
	 "source": "74", 
	 "target": "65", 
	 "label": "{'changeType': 'Preserve', 'type': 'reference', 'referenceTypeName': 'eStructuralFeatures'}" 
},{
	 "source": "65", 
	 "target": "74", 
	 "label": "{'changeType': 'Preserve', 'type': 'reference', 'referenceTypeName': 'eContainingClass'}" 
},{
	 "source": "75", 
	 "target": "74", 
	 "label": "{'changeType': 'Preserve', 'type': 'reference', 'referenceTypeName': 'eAnnotations'}" 
},{
	 "source": "74", 
	 "target": "75", 
	 "label": "{'changeType': 'Preserve', 'type': 'reference', 'referenceTypeName': 'eModelElement'}" 
},{
	 "source": "76", 
	 "target": "75", 
	 "label": "{'changeType': 'Preserve', 'type': 'reference', 'referenceTypeName': 'details'}" 
},{
	 "source": "77", 
	 "target": "65", 
	 "label": "{'changeType': 'Preserve', 'type': 'reference', 'referenceTypeName': 'eStructuralFeatures'}" 
},{
	 "source": "65", 
	 "target": "77", 
	 "label": "{'changeType': 'Preserve', 'type': 'reference', 'referenceTypeName': 'eContainingClass'}" 
},{
	 "source": "78", 
	 "target": "77", 
	 "label": "{'changeType': 'Preserve', 'type': 'reference', 'referenceTypeName': 'eAnnotations'}" 
},{
	 "source": "77", 
	 "target": "78", 
	 "label": "{'changeType': 'Preserve', 'type': 'reference', 'referenceTypeName': 'eModelElement'}" 
},{
	 "source": "79", 
	 "target": "78", 
	 "label": "{'changeType': 'Preserve', 'type': 'reference', 'referenceTypeName': 'details'}" 
},{
	 "source": "80", 
	 "target": "65", 
	 "label": "{'changeType': 'Preserve', 'type': 'reference', 'referenceTypeName': 'eStructuralFeatures'}" 
},{
	 "source": "65", 
	 "target": "80", 
	 "label": "{'changeType': 'Preserve', 'type': 'reference', 'referenceTypeName': 'eContainingClass'}" 
},{
	 "source": "81", 
	 "target": "80", 
	 "label": "{'changeType': 'Preserve', 'type': 'reference', 'referenceTypeName': 'eAnnotations'}" 
},{
	 "source": "80", 
	 "target": "81", 
	 "label": "{'changeType': 'Preserve', 'type': 'reference', 'referenceTypeName': 'eModelElement'}" 
},{
	 "source": "82", 
	 "target": "81", 
	 "label": "{'changeType': 'Preserve', 'type': 'reference', 'referenceTypeName': 'details'}" 
},{
	 "source": "83", 
	 "target": "65", 
	 "label": "{'changeType': 'Preserve', 'type': 'reference', 'referenceTypeName': 'eStructuralFeatures'}" 
},{
	 "source": "65", 
	 "target": "83", 
	 "label": "{'changeType': 'Preserve', 'type': 'reference', 'referenceTypeName': 'eContainingClass'}" 
},{
	 "source": "84", 
	 "target": "83", 
	 "label": "{'changeType': 'Preserve', 'type': 'reference', 'referenceTypeName': 'eAnnotations'}" 
},{
	 "source": "83", 
	 "target": "84", 
	 "label": "{'changeType': 'Preserve', 'type': 'reference', 'referenceTypeName': 'eModelElement'}" 
},{
	 "source": "85", 
	 "target": "84", 
	 "label": "{'changeType': 'Preserve', 'type': 'reference', 'referenceTypeName': 'details'}" 
},{
	 "source": "86", 
	 "target": "7", 
	 "label": "{'changeType': 'Preserve', 'type': 'reference', 'referenceTypeName': 'eClassifiers'}" 
},{
	 "source": "7", 
	 "target": "86", 
	 "label": "{'changeType': 'Preserve', 'type': 'reference', 'referenceTypeName': 'ePackage'}" 
},{
	 "source": "87", 
	 "target": "86", 
	 "label": "{'changeType': 'Preserve', 'type': 'reference', 'referenceTypeName': 'eAnnotations'}" 
},{
	 "source": "86", 
	 "target": "87", 
	 "label": "{'changeType': 'Preserve', 'type': 'reference', 'referenceTypeName': 'eModelElement'}" 
},{
	 "source": "88", 
	 "target": "87", 
	 "label": "{'changeType': 'Preserve', 'type': 'reference', 'referenceTypeName': 'details'}" 
},{
	 "source": "89", 
	 "target": "86", 
	 "label": "{'changeType': 'Preserve', 'type': 'reference', 'referenceTypeName': 'eStructuralFeatures'}" 
},{
	 "source": "86", 
	 "target": "89", 
	 "label": "{'changeType': 'Preserve', 'type': 'reference', 'referenceTypeName': 'eContainingClass'}" 
},{
	 "source": "90", 
	 "target": "89", 
	 "label": "{'changeType': 'Preserve', 'type': 'reference', 'referenceTypeName': 'eAnnotations'}" 
},{
	 "source": "89", 
	 "target": "90", 
	 "label": "{'changeType': 'Preserve', 'type': 'reference', 'referenceTypeName': 'eModelElement'}" 
},{
	 "source": "91", 
	 "target": "90", 
	 "label": "{'changeType': 'Preserve', 'type': 'reference', 'referenceTypeName': 'details'}" 
},{
	 "source": "92", 
	 "target": "86", 
	 "label": "{'changeType': 'Preserve', 'type': 'reference', 'referenceTypeName': 'eStructuralFeatures'}" 
},{
	 "source": "86", 
	 "target": "92", 
	 "label": "{'changeType': 'Preserve', 'type': 'reference', 'referenceTypeName': 'eContainingClass'}" 
}]}