{"directed": true, "multigraph": false, "graph": {}, 
  "nodes": [{
	 "id": "0", 
	 "label": "{'changeType': 'Add', 'type': 'object', 'className': 'EGenericType', 'attributes': {'id': '_ZnOXmN6tEei97MD7GK1RmA', 'eRawType':'EJavaObject'}}" 
},{
	 "id": "1", 
	 "label": "{'changeType': 'Add', 'type': 'object', 'className': 'EGenericType', 'attributes': {'id': '//Operation/implementation/@eGenericType', 'eTypeArguments':['org.eclipse.emf.ecore.impl.EGenericTypeImpl@4ba3a7c7 (expression: ?)'],'eRawType':'EJavaClass','eClassifier':'EJavaClass'}}" 
},{
	 "id": "2", 
	 "label": "{'changeType': 'Add', 'type': 'object', 'className': 'EAttribute', 'attributes': {'id': '_ZnOXlt6tEei97MD7GK1RmA', 'name':'implementation','ordered':'true','unique':'true','lowerBound':'1','upperBound':'1','many':'false','required':'true','eType':'EJavaClass','eGenericType':'org.eclipse.emf.ecore.impl.EGenericTypeImpl@2d47cbf4 (expression: EJavaClass<?>)','changeable':'true','volatile':'false','transient':'true','unsettable':'false','derived':'false','eContainingClass':'Operation','iD':'false','eAttributeType':'EJavaClass'}}" 
},{
	 "id": "3", 
	 "label": "{'changeType': 'Preserve', 'type': 'object', 'className': 'EClass', 'attributes': {'id': '_ZmohjN6tEei97MD7GK1RmA', 'eAnnotations':['org.eclipse.emf.ecore.impl.EAnnotationImpl@4d646e81 (source: http://www.eclipse.org/emf/2002/GenModel)'],'name':'Operation','ePackage':'declaration','abstract':'false','interface':'false','eOperations':['getParameter','getVariable','getMainParameter','refines'],'eStructuralFeatures':['library','parameters','constraints','variables','deprecated','deleting','before','after'],'eGenericSuperTypes':['org.eclipse.emf.ecore.impl.EGenericTypeImpl@78f5bcbd (expression: IdentifiedElement)','org.eclipse.emf.ecore.impl.EGenericTypeImpl@211093bb (expression: DescribedElement)','org.eclipse.emf.ecore.impl.EGenericTypeImpl@5d9dfea2 (expression: LabeledElement)']}}" 
},{
	 "id": "4", 
	 "label": "{'changeType': 'Preserve', 'type': 'object', 'className': 'EPackage', 'attributes': {'id': '_ZmohYd6tEei97MD7GK1RmA', 'eAnnotations':['org.eclipse.emf.ecore.impl.EAnnotationImpl@21968c9 (source: http://www.eclipse.org/emf/2002/GenModel)'],'name':'declaration','nsURI':'http://www.eclipse.org/emf/edapt/declaration/0.3','nsPrefix':'declaration','eFactoryInstance':'org.eclipse.emf.ecore.impl.EFactoryImpl@3494d6b6','eClassifiers':['IdentifiedElement','DescribedElement','LabeledElement','Library','Operation','Placeholder','Parameter','Variable','Constraint','TypedElement']}}" 
},{
	 "id": "5", 
	 "label": "{'changeType': 'Preserve', 'type': 'object', 'className': 'EAnnotation', 'attributes': {'id': '_ZmohYt6tEei97MD7GK1RmA', 'source':'http://www.eclipse.org/emf/2002/GenModel','details':['org.eclipse.emf.ecore.impl.EStringToStringMapEntryImpl@1bb7ebfe (key: documentation, value: Metamodel for the declaration of operations)'],'eModelElement':'declaration'}}" 
},{
	 "id": "6", 
	 "label": "{'changeType': 'Preserve', 'type': 'object', 'className': 'EStringToStringMapEntry', 'attributes': {'id': '_ZmohY96tEei97MD7GK1RmA', 'key':'documentation','value':'Metamodel for the declaration of operations'}}" 
},{
	 "id": "7", 
	 "label": "{'changeType': 'Preserve', 'type': 'object', 'className': 'EClass', 'attributes': {'id': '_ZmohZN6tEei97MD7GK1RmA', 'eAnnotations':['org.eclipse.emf.ecore.impl.EAnnotationImpl@19e699ce (source: http://www.eclipse.org/emf/2002/GenModel)'],'name':'IdentifiedElement','ePackage':'declaration','abstract':'true','interface':'false','eStructuralFeatures':['name']}}" 
},{
	 "id": "8", 
	 "label": "{'changeType': 'Preserve', 'type': 'object', 'className': 'EAnnotation', 'attributes': {'id': '_ZmohZd6tEei97MD7GK1RmA', 'source':'http://www.eclipse.org/emf/2002/GenModel','details':['org.eclipse.emf.ecore.impl.EStringToStringMapEntryImpl@50f0e51b (key: documentation, value: Base class for elements which are identified by a name )'],'eModelElement':'IdentifiedElement'}}" 
},{
	 "id": "9", 
	 "label": "{'changeType': 'Preserve', 'type': 'object', 'className': 'EStringToStringMapEntry', 'attributes': {'id': '_ZmohZt6tEei97MD7GK1RmA', 'key':'documentation','value':'Base class for elements which are identified by a name '}}" 
},{
	 "id": "10", 
	 "label": "{'changeType': 'Preserve', 'type': 'object', 'className': 'EAttribute', 'attributes': {'id': '_ZmohZ96tEei97MD7GK1RmA', 'eAnnotations':['org.eclipse.emf.ecore.impl.EAnnotationImpl@2b105930 (source: http://www.eclipse.org/emf/2002/GenModel)'],'name':'name','ordered':'true','unique':'true','lowerBound':'1','upperBound':'1','many':'false','required':'true','eType':'EString','eGenericType':'org.eclipse.emf.ecore.impl.EGenericTypeImpl@511a7891 (expression: EString)','changeable':'true','volatile':'false','transient':'false','unsettable':'false','derived':'false','eContainingClass':'IdentifiedElement','iD':'false','eAttributeType':'EString'}}" 
},{
	 "id": "11", 
	 "label": "{'changeType': 'Preserve', 'type': 'object', 'className': 'EAnnotation', 'attributes': {'id': '_ZmohaN6tEei97MD7GK1RmA', 'source':'http://www.eclipse.org/emf/2002/GenModel','details':['org.eclipse.emf.ecore.impl.EStringToStringMapEntryImpl@6159d75 (key: documentation, value: Identifier)'],'eModelElement':'name'}}" 
},{
	 "id": "12", 
	 "label": "{'changeType': 'Preserve', 'type': 'object', 'className': 'EStringToStringMapEntry', 'attributes': {'id': '_Zmohad6tEei97MD7GK1RmA', 'key':'documentation','value':'Identifier'}}" 
},{
	 "id": "13", 
	 "label": "{'changeType': 'Preserve', 'type': 'object', 'className': 'EClass', 'attributes': {'id': '_Zmoha96tEei97MD7GK1RmA', 'eAnnotations':['org.eclipse.emf.ecore.impl.EAnnotationImpl@6c253d0d (source: http://www.eclipse.org/emf/2002/GenModel)'],'name':'DescribedElement','ePackage':'declaration','abstract':'true','interface':'false','eStructuralFeatures':['description']}}" 
},{
	 "id": "14", 
	 "label": "{'changeType': 'Preserve', 'type': 'object', 'className': 'EAnnotation', 'attributes': {'id': '_ZmohbN6tEei97MD7GK1RmA', 'source':'http://www.eclipse.org/emf/2002/GenModel','details':['org.eclipse.emf.ecore.impl.EStringToStringMapEntryImpl@4671fbc9 (key: documentation, value: Base class for elements having a description)'],'eModelElement':'DescribedElement'}}" 
},{
	 "id": "15", 
	 "label": "{'changeType': 'Preserve', 'type': 'object', 'className': 'EStringToStringMapEntry', 'attributes': {'id': '_Zmohbd6tEei97MD7GK1RmA', 'key':'documentation','value':'Base class for elements having a description'}}" 
},{
	 "id": "16", 
	 "label": "{'changeType': 'Preserve', 'type': 'object', 'className': 'EAttribute', 'attributes': {'id': '_Zmohbt6tEei97MD7GK1RmA', 'eAnnotations':['org.eclipse.emf.ecore.impl.EAnnotationImpl@28beffe8 (source: http://www.eclipse.org/emf/2002/GenModel)'],'name':'description','ordered':'true','unique':'true','lowerBound':'0','upperBound':'1','many':'false','required':'false','eType':'EString','eGenericType':'org.eclipse.emf.ecore.impl.EGenericTypeImpl@24d0737b (expression: EString)','changeable':'true','volatile':'false','transient':'false','unsettable':'false','derived':'false','eContainingClass':'DescribedElement','iD':'false','eAttributeType':'EString'}}" 
},{
	 "id": "17", 
	 "label": "{'changeType': 'Preserve', 'type': 'object', 'className': 'EAnnotation', 'attributes': {'id': '_Zmohb96tEei97MD7GK1RmA', 'source':'http://www.eclipse.org/emf/2002/GenModel','details':['org.eclipse.emf.ecore.impl.EStringToStringMapEntryImpl@6d3672a7 (key: documentation, value: Description for the metamodeler to be able to understand the parameter)'],'eModelElement':'description'}}" 
},{
	 "id": "18", 
	 "label": "{'changeType': 'Preserve', 'type': 'object', 'className': 'EStringToStringMapEntry', 'attributes': {'id': '_ZmohcN6tEei97MD7GK1RmA', 'key':'documentation','value':'Description for the metamodeler to be able to understand the parameter'}}" 
},{
	 "id": "19", 
	 "label": "{'changeType': 'Preserve', 'type': 'object', 'className': 'EClass', 'attributes': {'id': '_Zmohct6tEei97MD7GK1RmA', 'eAnnotations':['org.eclipse.emf.ecore.impl.EAnnotationImpl@51a2a3fa (source: http://www.eclipse.org/emf/2002/GenModel)'],'name':'LabeledElement','ePackage':'declaration','abstract':'true','interface':'false','eStructuralFeatures':['label']}}" 
},{
	 "id": "20", 
	 "label": "{'changeType': 'Preserve', 'type': 'object', 'className': 'EAnnotation', 'attributes': {'id': '_Zmohc96tEei97MD7GK1RmA', 'source':'http://www.eclipse.org/emf/2002/GenModel','details':['org.eclipse.emf.ecore.impl.EStringToStringMapEntryImpl@f5f4023 (key: documentation, value: Base class for elements having a label)'],'eModelElement':'LabeledElement'}}" 
},{
	 "id": "21", 
	 "label": "{'changeType': 'Preserve', 'type': 'object', 'className': 'EStringToStringMapEntry', 'attributes': {'id': '_ZmohdN6tEei97MD7GK1RmA', 'key':'documentation','value':'Base class for elements having a label'}}" 
},{
	 "id": "22", 
	 "label": "{'changeType': 'Preserve', 'type': 'object', 'className': 'EAttribute', 'attributes': {'id': '_Zmohdd6tEei97MD7GK1RmA', 'eAnnotations':['org.eclipse.emf.ecore.impl.EAnnotationImpl@448077e8 (source: http://www.eclipse.org/emf/2002/GenModel)'],'name':'label','ordered':'true','unique':'true','lowerBound':'1','upperBound':'1','many':'false','required':'true','eType':'EString','eGenericType':'org.eclipse.emf.ecore.impl.EGenericTypeImpl@75d2b785 (expression: EString)','changeable':'true','volatile':'false','transient':'false','unsettable':'false','derived':'false','eContainingClass':'LabeledElement','iD':'false','eAttributeType':'EString'}}" 
},{
	 "id": "23", 
	 "label": "{'changeType': 'Preserve', 'type': 'object', 'className': 'EAnnotation', 'attributes': {'id': '_Zmohdt6tEei97MD7GK1RmA', 'source':'http://www.eclipse.org/emf/2002/GenModel','details':['org.eclipse.emf.ecore.impl.EStringToStringMapEntryImpl@79a1f1 (key: documentation, value: Label for an element)'],'eModelElement':'label'}}" 
},{
	 "id": "24", 
	 "label": "{'changeType': 'Preserve', 'type': 'object', 'className': 'EStringToStringMapEntry', 'attributes': {'id': '_Zmohd96tEei97MD7GK1RmA', 'key':'documentation','value':'Label for an element'}}" 
},{
	 "id": "25", 
	 "label": "{'changeType': 'Preserve', 'type': 'object', 'className': 'EClass', 'attributes': {'id': '_Zmohed6tEei97MD7GK1RmA', 'eAnnotations':['org.eclipse.emf.ecore.impl.EAnnotationImpl@7a4f392 (source: http://www.eclipse.org/emf/2002/GenModel)'],'name':'Library','ePackage':'declaration','abstract':'false','interface':'false','eOperations':['getOperation','getCode'],'eStructuralFeatures':['operations','implementation']}}" 
},{
	 "id": "26", 
	 "label": "{'changeType': 'Preserve', 'type': 'object', 'className': 'EAnnotation', 'attributes': {'id': '_Zmohet6tEei97MD7GK1RmA', 'source':'http://www.eclipse.org/emf/2002/GenModel','details':['org.eclipse.emf.ecore.impl.EStringToStringMapEntryImpl@4a9facbe (key: documentation, value: Container for a set of coupled evolution operations)'],'eModelElement':'Library'}}" 
},{
	 "id": "27", 
	 "label": "{'changeType': 'Preserve', 'type': 'object', 'className': 'EStringToStringMapEntry', 'attributes': {'id': '_Zmohe96tEei97MD7GK1RmA', 'key':'documentation','value':'Container for a set of coupled evolution operations'}}" 
},{
	 "id": "28", 
	 "label": "{'changeType': 'Preserve', 'type': 'object', 'className': 'EOperation', 'attributes': {'id': '_ZmohfN6tEei97MD7GK1RmA', 'eAnnotations':['org.eclipse.emf.ecore.impl.EAnnotationImpl@d70d420 (source: http://www.eclipse.org/emf/2002/GenModel)'],'name':'getOperation','ordered':'true','unique':'true','lowerBound':'0','upperBound':'1','many':'false','required':'false','eType':'Operation','eGenericType':'org.eclipse.emf.ecore.impl.EGenericTypeImpl@72cec9b5 (expression: Operation)','eContainingClass':'Library','eParameters':['name']}}" 
},{
	 "id": "29", 
	 "label": "{'changeType': 'Preserve', 'type': 'object', 'className': 'EAnnotation', 'attributes': {'id': '_Zmohfd6tEei97MD7GK1RmA', 'source':'http://www.eclipse.org/emf/2002/GenModel','details':['org.eclipse.emf.ecore.impl.EStringToStringMapEntryImpl@2d689e7f (key: documentation, value: Helper method to determine the operation in the library with a certain name)'],'eModelElement':'getOperation'}}" 
},{
	 "id": "30", 
	 "label": "{'changeType': 'Preserve', 'type': 'object', 'className': 'EStringToStringMapEntry', 'attributes': {'id': '_Zmohft6tEei97MD7GK1RmA', 'key':'documentation','value':'Helper method to determine the operation in the library with a certain name'}}" 
},{
	 "id": "31", 
	 "label": "{'changeType': 'Preserve', 'type': 'object', 'className': 'EParameter', 'attributes': {'id': '_Zmohf96tEei97MD7GK1RmA', 'name':'name','ordered':'true','unique':'true','lowerBound':'0','upperBound':'1','many':'false','required':'false','eType':'EString','eGenericType':'org.eclipse.emf.ecore.impl.EGenericTypeImpl@3ab3746f (expression: EString)','eOperation':'getOperation'}}" 
},{
	 "id": "32", 
	 "label": "{'changeType': 'Preserve', 'type': 'object', 'className': 'EOperation', 'attributes': {'id': '_Zmohgd6tEei97MD7GK1RmA', 'eAnnotations':['org.eclipse.emf.ecore.impl.EAnnotationImpl@581b8df9 (source: http://www.eclipse.org/emf/2002/GenModel)'],'name':'getCode','ordered':'true','unique':'true','lowerBound':'0','upperBound':'1','many':'false','required':'false','eType':'EString','eGenericType':'org.eclipse.emf.ecore.impl.EGenericTypeImpl@4ad57668 (expression: EString)','eContainingClass':'Library'}}" 
},{
	 "id": "33", 
	 "label": "{'changeType': 'Preserve', 'type': 'object', 'className': 'EAnnotation', 'attributes': {'id': '_Zmohgt6tEei97MD7GK1RmA', 'source':'http://www.eclipse.org/emf/2002/GenModel','details':['org.eclipse.emf.ecore.impl.EStringToStringMapEntryImpl@6b647767 (key: documentation, value: Helper method to access the code implementing the operations declared in the library)'],'eModelElement':'getCode'}}" 
},{
	 "id": "34", 
	 "label": "{'changeType': 'Preserve', 'type': 'object', 'className': 'EStringToStringMapEntry', 'attributes': {'id': '_Zmohg96tEei97MD7GK1RmA', 'key':'documentation','value':'Helper method to access the code implementing the operations declared in the library'}}" 
},{
	 "id": "35", 
	 "label": "{'changeType': 'Preserve', 'type': 'object', 'className': 'EReference', 'attributes': {'id': '_Zmohhd6tEei97MD7GK1RmA', 'eAnnotations':['org.eclipse.emf.ecore.impl.EAnnotationImpl@34008953 (source: http://www.eclipse.org/emf/2002/GenModel)'],'name':'operations','ordered':'true','unique':'true','lowerBound':'0','upperBound':'-1','many':'true','required':'false','eType':'Operation','eGenericType':'org.eclipse.emf.ecore.impl.EGenericTypeImpl@419953 (expression: Operation)','changeable':'true','volatile':'false','transient':'false','unsettable':'false','derived':'false','eContainingClass':'Library','containment':'true','container':'false','resolveProxies':'true','eOpposite':'library','eReferenceType':'Operation'}}" 
},{
	 "id": "36", 
	 "label": "{'changeType': 'Preserve', 'type': 'object', 'className': 'EAnnotation', 'attributes': {'id': '_Zmohht6tEei97MD7GK1RmA', 'source':'http://www.eclipse.org/emf/2002/GenModel','details':['org.eclipse.emf.ecore.impl.EStringToStringMapEntryImpl@7c171ffb (key: documentation, value: Set of coupled evolution operations)'],'eModelElement':'operations'}}" 
},{
	 "id": "37", 
	 "label": "{'changeType': 'Preserve', 'type': 'object', 'className': 'EStringToStringMapEntry', 'attributes': {'id': '_Zmohh96tEei97MD7GK1RmA', 'key':'documentation','value':'Set of coupled evolution operations'}}" 
},{
	 "id": "38", 
	 "label": "{'changeType': 'Preserve', 'type': 'object', 'className': 'EAttribute', 'attributes': {'id': '_ZmohiN6tEei97MD7GK1RmA', 'eAnnotations':['org.eclipse.emf.ecore.impl.EAnnotationImpl@28a262c2 (source: http://www.eclipse.org/emf/2002/GenModel)'],'name':'implementation','ordered':'true','unique':'true','lowerBound':'1','upperBound':'1','many':'false','required':'true','eType':'EString','eGenericType':'org.eclipse.emf.ecore.impl.EGenericTypeImpl@5c7410b3 (expression: EString)','changeable':'true','volatile':'false','transient':'false','unsettable':'false','derived':'false','eContainingClass':'Library','iD':'false','eAttributeType':'EString'}}" 
},{
	 "id": "39", 
	 "label": "{'changeType': 'Preserve', 'type': 'object', 'className': 'EAnnotation', 'attributes': {'id': '_Zmohid6tEei97MD7GK1RmA', 'source':'http://www.eclipse.org/emf/2002/GenModel','details':['org.eclipse.emf.ecore.impl.EStringToStringMapEntryImpl@18d82c94 (key: documentation, value: Relative path to the code implementing the operations of the library)'],'eModelElement':'implementation'}}" 
},{
	 "id": "40", 
	 "label": "{'changeType': 'Preserve', 'type': 'object', 'className': 'EStringToStringMapEntry', 'attributes': {'id': '_Zmohit6tEei97MD7GK1RmA', 'key':'documentation','value':'Relative path to the code implementing the operations of the library'}}" 
},{
	 "id": "41", 
	 "label": "{'changeType': 'Preserve', 'type': 'object', 'className': 'EAnnotation', 'attributes': {'id': '_Zmohjd6tEei97MD7GK1RmA', 'source':'http://www.eclipse.org/emf/2002/GenModel','details':['org.eclipse.emf.ecore.impl.EStringToStringMapEntryImpl@182123c4 (key: documentation, value: Coupled evolution operation)'],'eModelElement':'Operation'}}" 
},{
	 "id": "42", 
	 "label": "{'changeType': 'Preserve', 'type': 'object', 'className': 'EStringToStringMapEntry', 'attributes': {'id': '_Zmohjt6tEei97MD7GK1RmA', 'key':'documentation','value':'Coupled evolution operation'}}" 
},{
	 "id": "43", 
	 "label": "{'changeType': 'Preserve', 'type': 'object', 'className': 'EOperation', 'attributes': {'id': '_Zmohj96tEei97MD7GK1RmA', 'eAnnotations':['org.eclipse.emf.ecore.impl.EAnnotationImpl@fd367cd (source: http://www.eclipse.org/emf/2002/GenModel)'],'name':'getParameter','ordered':'true','unique':'true','lowerBound':'0','upperBound':'1','many':'false','required':'false','eType':'Parameter','eGenericType':'org.eclipse.emf.ecore.impl.EGenericTypeImpl@d6145be (expression: Parameter)','eContainingClass':'Operation','eParameters':['name']}}" 
},{
	 "id": "44", 
	 "label": "{'changeType': 'Preserve', 'type': 'object', 'className': 'EAnnotation', 'attributes': {'id': '_ZmohkN6tEei97MD7GK1RmA', 'source':'http://www.eclipse.org/emf/2002/GenModel','details':['org.eclipse.emf.ecore.impl.EStringToStringMapEntryImpl@61ad10d0 (key: documentation, value: Helper method to determine the parameter of the operation with a certain name)'],'eModelElement':'getParameter'}}" 
},{
	 "id": "45", 
	 "label": "{'changeType': 'Preserve', 'type': 'object', 'className': 'EStringToStringMapEntry', 'attributes': {'id': '_Zmohkd6tEei97MD7GK1RmA', 'key':'documentation','value':'Helper method to determine the parameter of the operation with a certain name'}}" 
},{
	 "id": "46", 
	 "label": "{'changeType': 'Preserve', 'type': 'object', 'className': 'EParameter', 'attributes': {'id': '_Zmohkt6tEei97MD7GK1RmA', 'name':'name','ordered':'true','unique':'true','lowerBound':'0','upperBound':'1','many':'false','required':'false','eType':'EString','eGenericType':'org.eclipse.emf.ecore.impl.EGenericTypeImpl@249f064 (expression: EString)','eOperation':'getParameter'}}" 
},{
	 "id": "47", 
	 "label": "{'changeType': 'Preserve', 'type': 'object', 'className': 'EOperation', 'attributes': {'id': '_ZmohlN6tEei97MD7GK1RmA', 'eAnnotations':['org.eclipse.emf.ecore.impl.EAnnotationImpl@1f12bb69 (source: http://www.eclipse.org/emf/2002/GenModel)'],'name':'getVariable','ordered':'true','unique':'true','lowerBound':'0','upperBound':'1','many':'false','required':'false','eType':'Variable','eGenericType':'org.eclipse.emf.ecore.impl.EGenericTypeImpl@3382e7f0 (expression: Variable)','eContainingClass':'Operation','eParameters':['name']}}" 
},{
	 "id": "48", 
	 "label": "{'changeType': 'Preserve', 'type': 'object', 'className': 'EAnnotation', 'attributes': {'id': '_Zmohld6tEei97MD7GK1RmA', 'source':'http://www.eclipse.org/emf/2002/GenModel','details':['org.eclipse.emf.ecore.impl.EStringToStringMapEntryImpl@76f91a99 (key: documentation, value: Helper method to determine the variable of the operation with a certain name)'],'eModelElement':'getVariable'}}" 
},{
	 "id": "49", 
	 "label": "{'changeType': 'Preserve', 'type': 'object', 'className': 'EStringToStringMapEntry', 'attributes': {'id': '_Zmohlt6tEei97MD7GK1RmA', 'key':'documentation','value':'Helper method to determine the variable of the operation with a certain name'}}" 
},{
	 "id": "50", 
	 "label": "{'changeType': 'Preserve', 'type': 'object', 'className': 'EParameter', 'attributes': {'id': '_Zmohl96tEei97MD7GK1RmA', 'name':'name','ordered':'true','unique':'true','lowerBound':'0','upperBound':'1','many':'false','required':'false','eType':'EString','eGenericType':'org.eclipse.emf.ecore.impl.EGenericTypeImpl@2dcfc418 (expression: EString)','eOperation':'getVariable'}}" 
},{
	 "id": "51", 
	 "label": "{'changeType': 'Preserve', 'type': 'object', 'className': 'EOperation', 'attributes': {'id': '_Zmohmd6tEei97MD7GK1RmA', 'eAnnotations':['org.eclipse.emf.ecore.impl.EAnnotationImpl@191f0091 (source: http://www.eclipse.org/emf/2002/GenModel)'],'name':'getMainParameter','ordered':'true','unique':'true','lowerBound':'0','upperBound':'1','many':'false','required':'false','eType':'Parameter','eGenericType':'org.eclipse.emf.ecore.impl.EGenericTypeImpl@37851354 (expression: Parameter)','eContainingClass':'Operation'}}" 
},{
	 "id": "52", 
	 "label": "{'changeType': 'Preserve', 'type': 'object', 'className': 'EAnnotation', 'attributes': {'id': '_Zmohmt6tEei97MD7GK1RmA', 'source':'http://www.eclipse.org/emf/2002/GenModel','details':['org.eclipse.emf.ecore.impl.EStringToStringMapEntryImpl@52dd14ce (key: documentation, value: Helper method to determine the main parameter of the operation, i.e. the parameter with main set to true)'],'eModelElement':'getMainParameter'}}" 
},{
	 "id": "53", 
	 "label": "{'changeType': 'Preserve', 'type': 'object', 'className': 'EStringToStringMapEntry', 'attributes': {'id': '_Zmohm96tEei97MD7GK1RmA', 'key':'documentation','value':'Helper method to determine the main parameter of the operation, i.e. the parameter with main set to true'}}" 
},{
	 "id": "54", 
	 "label": "{'changeType': 'Preserve', 'type': 'object', 'className': 'EOperation', 'attributes': {'id': '_ZmohnN6tEei97MD7GK1RmA', 'name':'refines','ordered':'true','unique':'true','lowerBound':'0','upperBound':'1','many':'false','required':'false','eType':'EBoolean','eGenericType':'org.eclipse.emf.ecore.impl.EGenericTypeImpl@417483bd (expression: EBoolean)','eContainingClass':'Operation'}}" 
},{
	 "id": "55", 
	 "label": "{'changeType': 'Preserve', 'type': 'object', 'className': 'EReference', 'attributes': {'id': '_Zmohnt6tEei97MD7GK1RmA', 'eAnnotations':['org.eclipse.emf.ecore.impl.EAnnotationImpl@148c704c (source: http://www.eclipse.org/emf/2002/GenModel)'],'name':'library','ordered':'true','unique':'true','lowerBound':'1','upperBound':'1','many':'false','required':'true','eType':'Library','eGenericType':'org.eclipse.emf.ecore.impl.EGenericTypeImpl@1a4f0321 (expression: Library)','changeable':'true','volatile':'false','transient':'false','unsettable':'false','derived':'false','eContainingClass':'Operation','containment':'false','container':'true','resolveProxies':'true','eOpposite':'operations','eReferenceType':'Library'}}" 
},{
	 "id": "56", 
	 "label": "{'changeType': 'Preserve', 'type': 'object', 'className': 'EAnnotation', 'attributes': {'id': '_Zmohn96tEei97MD7GK1RmA', 'source':'http://www.eclipse.org/emf/2002/GenModel','details':['org.eclipse.emf.ecore.impl.EStringToStringMapEntryImpl@7180600b (key: documentation, value: Library to which the operation belongs)'],'eModelElement':'library'}}" 
},{
	 "id": "57", 
	 "label": "{'changeType': 'Preserve', 'type': 'object', 'className': 'EStringToStringMapEntry', 'attributes': {'id': '_ZmohoN6tEei97MD7GK1RmA', 'key':'documentation','value':'Library to which the operation belongs'}}" 
},{
	 "id": "58", 
	 "label": "{'changeType': 'Preserve', 'type': 'object', 'className': 'EReference', 'attributes': {'id': '_Zmohod6tEei97MD7GK1RmA', 'eAnnotations':['org.eclipse.emf.ecore.impl.EAnnotationImpl@43ae35e0 (source: http://www.eclipse.org/emf/2002/GenModel)'],'name':'parameters','ordered':'true','unique':'true','lowerBound':'0','upperBound':'-1','many':'true','required':'false','eType':'Parameter','eGenericType':'org.eclipse.emf.ecore.impl.EGenericTypeImpl@3b829ff6 (expression: Parameter)','changeable':'true','volatile':'false','transient':'false','unsettable':'false','derived':'false','eContainingClass':'Operation','containment':'true','container':'false','resolveProxies':'true','eOpposite':'operation','eReferenceType':'Parameter'}}" 
},{
	 "id": "59", 
	 "label": "{'changeType': 'Preserve', 'type': 'object', 'className': 'EAnnotation', 'attributes': {'id': '_Zmohot6tEei97MD7GK1RmA', 'source':'http://www.eclipse.org/emf/2002/GenModel','details':['org.eclipse.emf.ecore.impl.EStringToStringMapEntryImpl@345733c9 (key: documentation, value: A list of parameters of the coupled evolution operations)'],'eModelElement':'parameters'}}" 
},{
	 "id": "60", 
	 "label": "{'changeType': 'Preserve', 'type': 'object', 'className': 'EStringToStringMapEntry', 'attributes': {'id': '_Zmoho96tEei97MD7GK1RmA', 'key':'documentation','value':'A list of parameters of the coupled evolution operations'}}" 
},{
	 "id": "61", 
	 "label": "{'changeType': 'Preserve', 'type': 'object', 'className': 'EReference', 'attributes': {'id': '_ZmohpN6tEei97MD7GK1RmA', 'eAnnotations':['org.eclipse.emf.ecore.impl.EAnnotationImpl@34aacc79 (source: http://www.eclipse.org/emf/2002/GenModel)'],'name':'constraints','ordered':'true','unique':'true','lowerBound':'0','upperBound':'-1','many':'true','required':'false','eType':'Constraint','eGenericType':'org.eclipse.emf.ecore.impl.EGenericTypeImpl@3c49718d (expression: Constraint)','changeable':'true','volatile':'false','transient':'false','unsettable':'false','derived':'false','eContainingClass':'Operation','containment':'true','container':'false','resolveProxies':'true','eOpposite':'operation','eReferenceType':'Constraint'}}" 
},{
	 "id": "62", 
	 "label": "{'changeType': 'Preserve', 'type': 'object', 'className': 'EAnnotation', 'attributes': {'id': '_Zmohpd6tEei97MD7GK1RmA', 'source':'http://www.eclipse.org/emf/2002/GenModel','details':['org.eclipse.emf.ecore.impl.EStringToStringMapEntryImpl@619fe39 (key: documentation, value: A list of constraints restricting the executability of the coupled evolution operation)'],'eModelElement':'constraints'}}" 
},{
	 "id": "63", 
	 "label": "{'changeType': 'Preserve', 'type': 'object', 'className': 'EStringToStringMapEntry', 'attributes': {'id': '_Zmohpt6tEei97MD7GK1RmA', 'key':'documentation','value':'A list of constraints restricting the executability of the coupled evolution operation'}}" 
},{
	 "id": "64", 
	 "label": "{'changeType': 'Preserve', 'type': 'object', 'className': 'EReference', 'attributes': {'id': '_Zmohp96tEei97MD7GK1RmA', 'eAnnotations':['org.eclipse.emf.ecore.impl.EAnnotationImpl@61f91e5e (source: http://www.eclipse.org/emf/2002/GenModel)'],'name':'variables','ordered':'true','unique':'true','lowerBound':'0','upperBound':'-1','many':'true','required':'false','eType':'Variable','eGenericType':'org.eclipse.emf.ecore.impl.EGenericTypeImpl@1850ac93 (expression: Variable)','changeable':'true','volatile':'false','transient':'false','unsettable':'false','derived':'false','eContainingClass':'Operation','containment':'true','container':'false','resolveProxies':'true','eOpposite':'operation','eReferenceType':'Variable'}}" 
},{
	 "id": "65", 
	 "label": "{'changeType': 'Preserve', 'type': 'object', 'className': 'EAnnotation', 'attributes': {'id': '_ZmohqN6tEei97MD7GK1RmA', 'source':'http://www.eclipse.org/emf/2002/GenModel','details':['org.eclipse.emf.ecore.impl.EStringToStringMapEntryImpl@352cf1c (key: documentation, value: A list of helper variables for use in initial expressions of parameters and constraint expressions. Helper variables are initialized in the order in which they are specified so that a variable can access all previously declared variables.)'],'eModelElement':'variables'}}" 
},{
	 "id": "66", 
	 "label": "{'changeType': 'Preserve', 'type': 'object', 'className': 'EStringToStringMapEntry', 'attributes': {'id': '_Zmohqd6tEei97MD7GK1RmA', 'key':'documentation','value':'A list of helper variables for use in initial expressions of parameters and constraint expressions. Helper variables are initialized in the order in which they are specified so that a variable can acc'}}" 
},{
	 "id": "67", 
	 "label": "{'changeType': 'Preserve', 'type': 'object', 'className': 'EAttribute', 'attributes': {'id': '_Zmohqt6tEei97MD7GK1RmA', 'eAnnotations':['org.eclipse.emf.ecore.impl.EAnnotationImpl@2badbb73 (source: http://www.eclipse.org/emf/2002/GenModel)'],'name':'deprecated','ordered':'true','unique':'true','lowerBound':'0','upperBound':'1','many':'false','required':'false','eType':'EBoolean','eGenericType':'org.eclipse.emf.ecore.impl.EGenericTypeImpl@17b05ed4 (expression: EBoolean)','changeable':'true','volatile':'false','transient':'false','defaultValueLiteral':'false','defaultValue':'false','unsettable':'false','derived':'false','eContainingClass':'Operation','iD':'false','eAttributeType':'EBoolean'}}" 
},{
	 "id": "68", 
	 "label": "{'changeType': 'Preserve', 'type': 'object', 'className': 'EAnnotation', 'attributes': {'id': '_Zmohq96tEei97MD7GK1RmA', 'source':'http://www.eclipse.org/emf/2002/GenModel','details':['org.eclipse.emf.ecore.impl.EStringToStringMapEntryImpl@28f5bb6 (key: documentation, value: Whether this operation should no longer be used)'],'eModelElement':'deprecated'}}" 
},{
	 "id": "69", 
	 "label": "{'changeType': 'Preserve', 'type': 'object', 'className': 'EStringToStringMapEntry', 'attributes': {'id': '_ZmohrN6tEei97MD7GK1RmA', 'key':'documentation','value':'Whether this operation should no longer be used'}}" 
},{
	 "id": "70", 
	 "label": "{'changeType': 'Preserve', 'type': 'object', 'className': 'EAttribute', 'attributes': {'id': '_Zmohrt6tEei97MD7GK1RmA', 'eAnnotations':['org.eclipse.emf.ecore.impl.EAnnotationImpl@32a3061 (source: http://www.eclipse.org/emf/2002/GenModel)'],'name':'deleting','ordered':'true','unique':'true','lowerBound':'0','upperBound':'1','many':'false','required':'false','eType':'EBoolean','eGenericType':'org.eclipse.emf.ecore.impl.EGenericTypeImpl@6ed33e13 (expression: EBoolean)','changeable':'true','volatile':'false','transient':'false','defaultValueLiteral':'false','defaultValue':'false','unsettable':'false','derived':'false','eContainingClass':'Operation','iD':'false','eAttributeType':'EBoolean'}}" 
},{
	 "id": "71", 
	 "label": "{'changeType': 'Preserve', 'type': 'object', 'className': 'EAnnotation', 'attributes': {'id': '_Zmohr96tEei97MD7GK1RmA', 'source':'http://www.eclipse.org/emf/2002/GenModel','details':['org.eclipse.emf.ecore.impl.EStringToStringMapEntryImpl@7b008959 (key: documentation, value: Whether the operation deletes elements of values of elements)'],'eModelElement':'deleting'}}" 
},{
	 "id": "72", 
	 "label": "{'changeType': 'Preserve', 'type': 'object', 'className': 'EStringToStringMapEntry', 'attributes': {'id': '_ZmohsN6tEei97MD7GK1RmA', 'key':'documentation','value':'Whether the operation deletes elements of values of elements'}}" 
},{
	 "id": "73", 
	 "label": "{'changeType': 'Preserve', 'type': 'object', 'className': 'EAttribute', 'attributes': {'id': '_Zmohst6tEei97MD7GK1RmA', 'name':'before','ordered':'true','unique':'true','lowerBound':'0','upperBound':'1','many':'false','required':'false','eType':'EString','eGenericType':'org.eclipse.emf.ecore.impl.EGenericTypeImpl@2ac836f9 (expression: EString)','changeable':'true','volatile':'false','transient':'false','unsettable':'false','derived':'false','eContainingClass':'Operation','iD':'false','eAttributeType':'EString'}}" 
},{
	 "id": "74", 
	 "label": "{'changeType': 'Preserve', 'type': 'object', 'className': 'EAttribute', 'attributes': {'id': '_ZmohtN6tEei97MD7GK1RmA', 'name':'after','ordered':'true','unique':'true','lowerBound':'0','upperBound':'1','many':'false','required':'false','eType':'EString','eGenericType':'org.eclipse.emf.ecore.impl.EGenericTypeImpl@22a9b7b2 (expression: EString)','changeable':'true','volatile':'false','transient':'false','unsettable':'false','derived':'false','eContainingClass':'Operation','iD':'false','eAttributeType':'EString'}}" 
},{
	 "id": "75", 
	 "label": "{'changeType': 'Preserve', 'type': 'object', 'className': 'EClass', 'attributes': {'id': '_Zmohtt6tEei97MD7GK1RmA', 'eAnnotations':['org.eclipse.emf.ecore.impl.EAnnotationImpl@10aa11fc (source: http://www.eclipse.org/emf/2002/GenModel)'],'name':'Placeholder','ePackage':'declaration','abstract':'true','interface':'false','eStructuralFeatures':['initExpression'],'eGenericSuperTypes':['org.eclipse.emf.ecore.impl.EGenericTypeImpl@750137e (expression: TypedElement)','org.eclipse.emf.ecore.impl.EGenericTypeImpl@2c2ec439 (expression: IdentifiedElement)']}}" 
},{
	 "id": "76", 
	 "label": "{'changeType': 'Preserve', 'type': 'object', 'className': 'EAnnotation', 'attributes': {'id': '_Zmoht96tEei97MD7GK1RmA', 'source':'http://www.eclipse.org/emf/2002/GenModel','details':['org.eclipse.emf.ecore.impl.EStringToStringMapEntryImpl@7fd1207c (key: documentation, value: Base class for parameters and variables)'],'eModelElement':'Placeholder'}}" 
},{
	 "id": "77", 
	 "label": "{'changeType': 'Preserve', 'type': 'object', 'className': 'EStringToStringMapEntry', 'attributes': {'id': '_ZmohuN6tEei97MD7GK1RmA', 'key':'documentation','value':'Base class for parameters and variables'}}" 
},{
	 "id": "78", 
	 "label": "{'changeType': 'Preserve', 'type': 'object', 'className': 'EAttribute', 'attributes': {'id': '_Zmohud6tEei97MD7GK1RmA', 'eAnnotations':['org.eclipse.emf.ecore.impl.EAnnotationImpl@30c560bd (source: http://www.eclipse.org/emf/2002/GenModel)'],'name':'initExpression','ordered':'true','unique':'true','lowerBound':'0','upperBound':'1','many':'false','required':'false','eType':'EString','eGenericType':'org.eclipse.emf.ecore.impl.EGenericTypeImpl@684ae00 (expression: EString)','changeable':'true','volatile':'false','transient':'false','unsettable':'false','derived':'false','eContainingClass':'Placeholder','iD':'false','eAttributeType':'EString'}}" 
},{
	 "id": "79", 
	 "label": "{'changeType': 'Preserve', 'type': 'object', 'className': 'EAnnotation', 'attributes': {'id': '_Zmohut6tEei97MD7GK1RmA', 'source':'http://www.eclipse.org/emf/2002/GenModel','details':['org.eclipse.emf.ecore.impl.EStringToStringMapEntryImpl@70a0a2a8 (key: documentation, value: The init expression evaluates to the initial value for this placeholder)'],'eModelElement':'initExpression'}}" 
},{
	 "id": "80", 
	 "label": "{'changeType': 'Preserve', 'type': 'object', 'className': 'EStringToStringMapEntry', 'attributes': {'id': '_Zmohu96tEei97MD7GK1RmA', 'key':'documentation','value':'The init expression evaluates to the initial value for this placeholder'}}" 
},{
	 "id": "81", 
	 "label": "{'changeType': 'Preserve', 'type': 'object', 'className': 'EClass', 'attributes': {'id': '_Zmohvd6tEei97MD7GK1RmA', 'eAnnotations':['org.eclipse.emf.ecore.impl.EAnnotationImpl@22c7b0bc (source: http://www.eclipse.org/emf/2002/GenModel)'],'name':'Parameter','ePackage':'declaration','abstract':'false','interface':'false','eStructuralFeatures':['operation','required','choiceExpression','main'],'eGenericSuperTypes':['org.eclipse.emf.ecore.impl.EGenericTypeImpl@7450a3f0 (expression: Placeholder)','org.eclipse.emf.ecore.impl.EGenericTypeImpl@110fa30 (expression: DescribedElement)']}}" 
},{
	 "id": "82", 
	 "label": "{'changeType': 'Preserve', 'type': 'object', 'className': 'EAnnotation', 'attributes': {'id': '_Zmohvt6tEei97MD7GK1RmA', 'source':'http://www.eclipse.org/emf/2002/GenModel','details':['org.eclipse.emf.ecore.impl.EStringToStringMapEntryImpl@12cdc816 (key: documentation, value: A parameter of an operation)'],'eModelElement':'Parameter'}}" 
},{
	 "id": "83", 
	 "label": "{'changeType': 'Preserve', 'type': 'object', 'className': 'EStringToStringMapEntry', 'attributes': {'id': '_Zmohv96tEei97MD7GK1RmA', 'key':'documentation','value':'A parameter of an operation'}}" 
},{
	 "id": "84", 
	 "label": "{'changeType': 'Preserve', 'type': 'object', 'className': 'EReference', 'attributes': {'id': '_ZmohwN6tEei97MD7GK1RmA', 'eAnnotations':['org.eclipse.emf.ecore.impl.EAnnotationImpl@7a690fe2 (source: http://www.eclipse.org/emf/2002/GenModel)'],'name':'operation','ordered':'true','unique':'true','lowerBound':'1','upperBound':'1','many':'false','required':'true','eType':'Operation','eGenericType':'org.eclipse.emf.ecore.impl.EGenericTypeImpl@65b401b8 (expression: Operation)','changeable':'true','volatile':'false','transient':'false','unsettable':'false','derived':'false','eContainingClass':'Parameter','containment':'false','container':'true','resolveProxies':'true','eOpposite':'parameters','eReferenceType':'Operation'}}" 
},{
	 "id": "85", 
	 "label": "{'changeType': 'Preserve', 'type': 'object', 'className': 'EAnnotation', 'attributes': {'id': '_Zmohwd6tEei97MD7GK1RmA', 'source':'http://www.eclipse.org/emf/2002/GenModel','details':['org.eclipse.emf.ecore.impl.EStringToStringMapEntryImpl@698f5c1 (key: documentation, value: Operation to which the parameter belongs)'],'eModelElement':'operation'}}" 
},{
	 "id": "86", 
	 "label": "{'changeType': 'Preserve', 'type': 'object', 'className': 'EStringToStringMapEntry', 'attributes': {'id': '_Zmohwt6tEei97MD7GK1RmA', 'key':'documentation','value':'Operation to which the parameter belongs'}}" 
},{
	 "id": "87", 
	 "label": "{'changeType': 'Preserve', 'type': 'object', 'className': 'EAttribute', 'attributes': {'id': '_Zmohw96tEei97MD7GK1RmA', 'eAnnotations':['org.eclipse.emf.ecore.impl.EAnnotationImpl@3d5d83a5 (source: http://www.eclipse.org/emf/2002/GenModel)'],'name':'required','ordered':'true','unique':'true','lowerBound':'0','upperBound':'1','many':'false','required':'false','eType':'EBoolean','eGenericType':'org.eclipse.emf.ecore.impl.EGenericTypeImpl@4e8e4720 (expression: EBoolean)','changeable':'true','volatile':'false','transient':'false','defaultValueLiteral':'true','defaultValue':'true','unsettable':'false','derived':'false','eContainingClass':'Parameter','iD':'false','eAttributeType':'EBoolean'}}" 
},{
	 "id": "88", 
	 "label": "{'changeType': 'Preserve', 'type': 'object', 'className': 'EAnnotation', 'attributes': {'id': '_ZmohxN6tEei97MD7GK1RmA', 'source':'http://www.eclipse.org/emf/2002/GenModel','details':['org.eclipse.emf.ecore.impl.EStringToStringMapEntryImpl@f798df3 (key: documentation, value: Whether the parameter is required to be set for allowing an operation to be executed)'],'eModelElement':'required'}}" 
},{
	 "id": "89", 
	 "label": "{'changeType': 'Preserve', 'type': 'object', 'className': 'EStringToStringMapEntry', 'attributes': {'id': '_Zmohxd6tEei97MD7GK1RmA', 'key':'documentation','value':'Whether the parameter is required to be set for allowing an operation to be executed'}}" 
},{
	 "id": "90", 
	 "label": "{'changeType': 'Preserve', 'type': 'object', 'className': 'EAttribute', 'attributes': {'id': '_Zmohx96tEei97MD7GK1RmA', 'eAnnotations':['org.eclipse.emf.ecore.impl.EAnnotationImpl@686f11bc (source: http://www.eclipse.org/emf/2002/GenModel)'],'name':'choiceExpression','ordered':'true','unique':'true','lowerBound':'0','upperBound':'1','many':'false','required':'false','eType':'EString','eGenericType':'org.eclipse.emf.ecore.impl.EGenericTypeImpl@17b1fa47 (expression: EString)','changeable':'true','volatile':'false','transient':'false','unsettable':'false','derived':'false','eContainingClass':'Parameter','iD':'false','eAttributeType':'EString'}}" 
},{
	 "id": "91", 
	 "label": "{'changeType': 'Preserve', 'type': 'object', 'className': 'EAnnotation', 'attributes': {'id': '_ZmohyN6tEei97MD7GK1RmA', 'source':'http://www.eclipse.org/emf/2002/GenModel','details':['org.eclipse.emf.ecore.impl.EStringToStringMapEntryImpl@2bba1f57 (key: documentation, value: The choice expression determines the possible values for the parameter)'],'eModelElement':'choiceExpression'}}" 
},{
	 "id": "92", 
	 "label": "{'changeType': 'Preserve', 'type': 'object', 'className': 'EStringToStringMapEntry', 'attributes': {'id': '_Zmohyd6tEei97MD7GK1RmA', 'key':'documentation','value':'The choice expression determines the possible values for the parameter'}}" 
},{
	 "id": "93", 
	 "label": "{'changeType': 'Preserve', 'type': 'object', 'className': 'EAttribute', 'attributes': {'id': '_Zmohy96tEei97MD7GK1RmA', 'eAnnotations':['org.eclipse.emf.ecore.impl.EAnnotationImpl@499ff7d9 (source: http://www.eclipse.org/emf/2002/GenModel)'],'name':'main','ordered':'true','unique':'true','lowerBound':'0','upperBound':'1','many':'false','required':'false','eType':'EBoolean','eGenericType':'org.eclipse.emf.ecore.impl.EGenericTypeImpl@2a5fbecb (expression: EBoolean)','changeable':'true','volatile':'false','transient':'false','defaultValue':'false','unsettable':'false','derived':'false','eContainingClass':'Parameter','iD':'false','eAttributeType':'EBoolean'}}" 
},{
	 "id": "94", 
	 "label": "{'changeType': 'Preserve', 'type': 'object', 'className': 'EAnnotation', 'attributes': {'id': '_ZmohzN6tEei97MD7GK1RmA', 'source':'http://www.eclipse.org/emf/2002/GenModel','details':['org.eclipse.emf.ecore.impl.EStringToStringMapEntryImpl@32a4191a (key: documentation, value: Whether the parameter is determined by selection (at most one parameter for unambiguousness))'],'eModelElement':'main'}}" 
},{
	 "id": "95", 
	 "label": "{'changeType': 'Preserve', 'type': 'object', 'className': 'EStringToStringMapEntry', 'attributes': {'id': '_Zmohzd6tEei97MD7GK1RmA', 'key':'documentation','value':'Whether the parameter is determined by selection (at most one parameter for unambiguousness)'}}" 
},{
	 "id": "96", 
	 "label": "{'changeType': 'Preserve', 'type': 'object', 'className': 'EClass', 'attributes': {'id': '_Zmohz96tEei97MD7GK1RmA', 'eAnnotations':['org.eclipse.emf.ecore.impl.EAnnotationImpl@389031f9 (source: http://www.eclipse.org/emf/2002/GenModel)'],'name':'Variable','ePackage':'declaration','abstract':'false','interface':'false','eStructuralFeatures':['operation'],'eGenericSuperTypes':['org.eclipse.emf.ecore.impl.EGenericTypeImpl@2aee9177 (expression: Placeholder)']}}" 
},{
	 "id": "97", 
	 "label": "{'changeType': 'Preserve', 'type': 'object', 'className': 'EAnnotation', 'attributes': {'id': '_Zmoh0N6tEei97MD7GK1RmA', 'source':'http://www.eclipse.org/emf/2002/GenModel','details':['org.eclipse.emf.ecore.impl.EStringToStringMapEntryImpl@6f6e79c6 (key: documentation, value: A helper variable for use in initial expressions of parameters and constraint expressions)'],'eModelElement':'Variable'}}" 
},{
	 "id": "98", 
	 "label": "{'changeType': 'Preserve', 'type': 'object', 'className': 'EStringToStringMapEntry', 'attributes': {'id': '_Zmoh0d6tEei97MD7GK1RmA', 'key':'documentation','value':'A helper variable for use in initial expressions of parameters and constraint expressions'}}" 
},{
	 "id": "99", 
	 "label": "{'changeType': 'Preserve', 'type': 'object', 'className': 'EReference', 'attributes': {'id': '_Zmoh0t6tEei97MD7GK1RmA', 'eAnnotations':['org.eclipse.emf.ecore.impl.EAnnotationImpl@583a20c0 (source: http://www.eclipse.org/emf/2002/GenModel)'],'name':'operation','ordered':'true','unique':'true','lowerBound':'1','upperBound':'1','many':'false','required':'true','eType':'Operation','eGenericType':'org.eclipse.emf.ecore.impl.EGenericTypeImpl@619ccaf3 (expression: Operation)','changeable':'true','volatile':'false','transient':'false','unsettable':'false','derived':'false','eContainingClass':'Variable','containment':'false','container':'true','resolveProxies':'true','eOpposite':'variables','eReferenceType':'Operation'}}" 
},{
	 "id": "100", 
	 "label": "{'changeType': 'Preserve', 'type': 'object', 'className': 'EAnnotation', 'attributes': {'id': '_Zmoh096tEei97MD7GK1RmA', 'source':'http://www.eclipse.org/emf/2002/GenModel','details':['org.eclipse.emf.ecore.impl.EStringToStringMapEntryImpl@4486d248 (key: documentation, value: Operation to which the variable belongs)'],'eModelElement':'operation'}}" 
},{
	 "id": "101", 
	 "label": "{'changeType': 'Preserve', 'type': 'object', 'className': 'EStringToStringMapEntry', 'attributes': {'id': '_Zmoh1N6tEei97MD7GK1RmA', 'key':'documentation','value':'Operation to which the variable belongs'}}" 
},{
	 "id": "102", 
	 "label": "{'changeType': 'Preserve', 'type': 'object', 'className': 'EClass', 'attributes': {'id': '_Zmoh1d6tEei97MD7GK1RmA', 'eAnnotations':['org.eclipse.emf.ecore.impl.EAnnotationImpl@4951bb60 (source: http://www.eclipse.org/emf/2002/GenModel)'],'name':'Constraint','ePackage':'declaration','abstract':'false','interface':'false','eStructuralFeatures':['operation','booleanExpression'],'eGenericSuperTypes':['org.eclipse.emf.ecore.impl.EGenericTypeImpl@4064af8c (expression: LabeledElement)']}}" 
},{
	 "id": "103", 
	 "label": "{'changeType': 'Preserve', 'type': 'object', 'className': 'EAnnotation', 'attributes': {'id': '_Zmoh1t6tEei97MD7GK1RmA', 'source':'http://www.eclipse.org/emf/2002/GenModel','details':['org.eclipse.emf.ecore.impl.EStringToStringMapEntryImpl@3bb73490 (key: documentation, value: A constraint which determines whether an operation can be executed with a setting of parameters)'],'eModelElement':'Constraint'}}" 
},{
	 "id": "104", 
	 "label": "{'changeType': 'Preserve', 'type': 'object', 'className': 'EStringToStringMapEntry', 'attributes': {'id': '_Zmoh196tEei97MD7GK1RmA', 'key':'documentation','value':'A constraint which determines whether an operation can be executed with a setting of parameters'}}" 
},{
	 "id": "105", 
	 "label": "{'changeType': 'Preserve', 'type': 'object', 'className': 'EReference', 'attributes': {'id': '_Zmoh2N6tEei97MD7GK1RmA', 'eAnnotations':['org.eclipse.emf.ecore.impl.EAnnotationImpl@1c5cf977 (source: http://www.eclipse.org/emf/2002/GenModel)'],'name':'operation','ordered':'true','unique':'true','lowerBound':'1','upperBound':'1','many':'false','required':'true','eType':'Operation','eGenericType':'org.eclipse.emf.ecore.impl.EGenericTypeImpl@5812c3ae (expression: Operation)','changeable':'true','volatile':'false','transient':'false','unsettable':'false','derived':'false','eContainingClass':'Constraint','containment':'false','container':'true','resolveProxies':'true','eOpposite':'constraints','eReferenceType':'Operation'}}" 
},{
	 "id": "106", 
	 "label": "{'changeType': 'Preserve', 'type': 'object', 'className': 'EAnnotation', 'attributes': {'id': '_Zmoh2d6tEei97MD7GK1RmA', 'source':'http://www.eclipse.org/emf/2002/GenModel','details':['org.eclipse.emf.ecore.impl.EStringToStringMapEntryImpl@1e4d4dd8 (key: documentation, value: Operation to which the parameter belongs)'],'eModelElement':'operation'}}" 
},{
	 "id": "107", 
	 "label": "{'changeType': 'Preserve', 'type': 'object', 'className': 'EStringToStringMapEntry', 'attributes': {'id': '_Zmoh2t6tEei97MD7GK1RmA', 'key':'documentation','value':'Operation to which the parameter belongs'}}" 
},{
	 "id": "108", 
	 "label": "{'changeType': 'Preserve', 'type': 'object', 'className': 'EAttribute', 'attributes': {'id': '_Zmoh296tEei97MD7GK1RmA', 'eAnnotations':['org.eclipse.emf.ecore.impl.EAnnotationImpl@153c1f20 (source: http://www.eclipse.org/emf/2002/GenModel)'],'name':'booleanExpression','ordered':'true','unique':'true','lowerBound':'1','upperBound':'1','many':'false','required':'true','eType':'EString','eGenericType':'org.eclipse.emf.ecore.impl.EGenericTypeImpl@1a07683e (expression: EString)','changeable':'true','volatile':'false','transient':'false','unsettable':'false','derived':'false','eContainingClass':'Constraint','iD':'false','eAttributeType':'EString'}}" 
},{
	 "id": "109", 
	 "label": "{'changeType': 'Preserve', 'type': 'object', 'className': 'EAnnotation', 'attributes': {'id': '_Zmoh3N6tEei97MD7GK1RmA', 'source':'http://www.eclipse.org/emf/2002/GenModel','details':['org.eclipse.emf.ecore.impl.EStringToStringMapEntryImpl@6ed0cbb1 (key: documentation, value: The boolean expression to evaluate whether the constraint is fulfilled)'],'eModelElement':'booleanExpression'}}" 
},{
	 "id": "110", 
	 "label": "{'changeType': 'Preserve', 'type': 'object', 'className': 'EStringToStringMapEntry', 'attributes': {'id': '_Zmoh3d6tEei97MD7GK1RmA', 'key':'documentation','value':'The boolean expression to evaluate whether the constraint is fulfilled'}}" 
},{
	 "id": "111", 
	 "label": "{'changeType': 'Preserve', 'type': 'object', 'className': 'EClass', 'attributes': {'id': '_Zmoh396tEei97MD7GK1RmA', 'eAnnotations':['org.eclipse.emf.ecore.impl.EAnnotationImpl@593e232a (source: http://www.eclipse.org/emf/2002/GenModel)'],'name':'TypedElement','ePackage':'declaration','abstract':'true','interface':'false','eStructuralFeatures':['many','classifier','classifierName']}}" 
},{
	 "id": "112", 
	 "label": "{'changeType': 'Preserve', 'type': 'object', 'className': 'EAnnotation', 'attributes': {'id': '_Zmoh4N6tEei97MD7GK1RmA', 'source':'http://www.eclipse.org/emf/2002/GenModel','details':['org.eclipse.emf.ecore.impl.EStringToStringMapEntryImpl@315be6ff (key: documentation, value: Proxy for a type)'],'eModelElement':'TypedElement'}}" 
},{
	 "id": "113", 
	 "label": "{'changeType': 'Preserve', 'type': 'object', 'className': 'EStringToStringMapEntry', 'attributes': {'id': '_Zmoh4d6tEei97MD7GK1RmA', 'key':'documentation','value':'Proxy for a type'}}" 
},{
	 "id": "114", 
	 "label": "{'changeType': 'Preserve', 'type': 'object', 'className': 'EAttribute', 'attributes': {'id': '_Zmoh4t6tEei97MD7GK1RmA', 'eAnnotations':['org.eclipse.emf.ecore.impl.EAnnotationImpl@4b0d0abd (source: http://www.eclipse.org/emf/2002/GenModel)'],'name':'many','ordered':'true','unique':'true','lowerBound':'0','upperBound':'1','many':'false','required':'false','eType':'EBoolean','eGenericType':'org.eclipse.emf.ecore.impl.EGenericTypeImpl@d803914 (expression: EBoolean)','changeable':'true','volatile':'false','transient':'false','defaultValue':'false','unsettable':'false','derived':'false','eContainingClass':'TypedElement','iD':'false','eAttributeType':'EBoolean'}}" 
},{
	 "id": "115", 
	 "label": "{'changeType': 'Preserve', 'type': 'object', 'className': 'EAnnotation', 'attributes': {'id': '_Zmoh496tEei97MD7GK1RmA', 'source':'http://www.eclipse.org/emf/2002/GenModel','details':['org.eclipse.emf.ecore.impl.EStringToStringMapEntryImpl@63824785 (key: documentation, value: Whether the type is multi-valued)'],'eModelElement':'many'}}" 
},{
	 "id": "116", 
	 "label": "{'changeType': 'Preserve', 'type': 'object', 'className': 'EStringToStringMapEntry', 'attributes': {'id': '_Zmoh5N6tEei97MD7GK1RmA', 'key':'documentation','value':'Whether the type is multi-valued'}}" 
},{
	 "id": "117", 
	 "label": "{'changeType': 'Preserve', 'type': 'object', 'className': 'EReference', 'attributes': {'id': '_Zmoh5t6tEei97MD7GK1RmA', 'eAnnotations':['org.eclipse.emf.ecore.impl.EAnnotationImpl@5f45eca0 (source: http://www.eclipse.org/emf/2002/GenModel)'],'name':'classifier','ordered':'true','unique':'true','lowerBound':'1','upperBound':'1','many':'false','required':'true','eType':'EClassifier','eGenericType':'org.eclipse.emf.ecore.impl.EGenericTypeImpl@22cee2fe (expression: EClassifier)','changeable':'true','volatile':'true','transient':'true','unsettable':'false','derived':'true','eContainingClass':'TypedElement','containment':'false','container':'false','resolveProxies':'true','eReferenceType':'EClassifier'}}" 
},{
	 "id": "118", 
	 "label": "{'changeType': 'Preserve', 'type': 'object', 'className': 'EAnnotation', 'attributes': {'id': '_Zmoh596tEei97MD7GK1RmA', 'source':'http://www.eclipse.org/emf/2002/GenModel','details':['org.eclipse.emf.ecore.impl.EStringToStringMapEntryImpl@2e8a36a2 (key: documentation, value: Classifier for which the type stands (the value of this reference is derived from the type's name))'],'eModelElement':'classifier'}}" 
},{
	 "id": "119", 
	 "label": "{'changeType': 'Preserve', 'type': 'object', 'className': 'EStringToStringMapEntry', 'attributes': {'id': '_Zmoh6N6tEei97MD7GK1RmA', 'key':'documentation','value':'Classifier for which the type stands (the value of this reference is derived from the type's name)'}}" 
},{
	 "id": "120", 
	 "label": "{'changeType': 'Preserve', 'type': 'object', 'className': 'EAttribute', 'attributes': {'id': '_Zmoh6t6tEei97MD7GK1RmA', 'eAnnotations':['org.eclipse.emf.ecore.impl.EAnnotationImpl@5c65d30c (source: http://www.eclipse.org/emf/2002/GenModel)'],'name':'classifierName','ordered':'true','unique':'true','lowerBound':'1','upperBound':'1','many':'false','required':'true','eType':'EString','eGenericType':'org.eclipse.emf.ecore.impl.EGenericTypeImpl@76a90e8c (expression: EString)','changeable':'true','volatile':'false','transient':'false','unsettable':'false','derived':'false','eContainingClass':'TypedElement','iD':'false','eAttributeType':'EString'}}" 
},{
	 "id": "121", 
	 "label": "{'changeType': 'Preserve', 'type': 'object', 'className': 'EAnnotation', 'attributes': {'id': '_Zmoh696tEei97MD7GK1RmA', 'source':'http://www.eclipse.org/emf/2002/GenModel','details':['org.eclipse.emf.ecore.impl.EStringToStringMapEntryImpl@2325c104 (key: documentation, value: Name of the classifier for which the type stands)'],'eModelElement':'classifierName'}}" 
},{
	 "id": "122", 
	 "label": "{'changeType': 'Preserve', 'type': 'object', 'className': 'EStringToStringMapEntry', 'attributes': {'id': '_Zmoh7N6tEei97MD7GK1RmA', 'key':'documentation','value':'Name of the classifier for which the type stands'}}" 
}], 
 "links": [{
	 "source": "1", 
	 "target": "0", 
	 "label": "{'changeType': 'ADD', 'type': 'reference', 'referenceTypeName': 'eTypeArguments'}" 
},{
	 "source": "2", 
	 "target": "1", 
	 "label": "{'changeType': 'ADD', 'type': 'reference', 'referenceTypeName': 'eGenericType'}" 
},{
	 "source": "3", 
	 "target": "2", 
	 "label": "{'changeType': 'ADD', 'type': 'reference', 'referenceTypeName': 'eStructuralFeatures'}" 
},{
	 "source": "2", 
	 "target": "3", 
	 "label": "{'changeType': 'ADD', 'type': 'reference', 'referenceTypeName': 'eContainingClass'}" 
},{
	 "source": "5", 
	 "target": "4", 
	 "label": "{'changeType': 'Preserve', 'type': 'reference', 'referenceTypeName': 'eAnnotations'}" 
},{
	 "source": "4", 
	 "target": "5", 
	 "label": "{'changeType': 'Preserve', 'type': 'reference', 'referenceTypeName': 'eModelElement'}" 
},{
	 "source": "6", 
	 "target": "5", 
	 "label": "{'changeType': 'Preserve', 'type': 'reference', 'referenceTypeName': 'details'}" 
},{
	 "source": "7", 
	 "target": "4", 
	 "label": "{'changeType': 'Preserve', 'type': 'reference', 'referenceTypeName': 'eClassifiers'}" 
},{
	 "source": "4", 
	 "target": "7", 
	 "label": "{'changeType': 'Preserve', 'type': 'reference', 'referenceTypeName': 'ePackage'}" 
},{
	 "source": "8", 
	 "target": "7", 
	 "label": "{'changeType': 'Preserve', 'type': 'reference', 'referenceTypeName': 'eAnnotations'}" 
},{
	 "source": "7", 
	 "target": "8", 
	 "label": "{'changeType': 'Preserve', 'type': 'reference', 'referenceTypeName': 'eModelElement'}" 
},{
	 "source": "9", 
	 "target": "8", 
	 "label": "{'changeType': 'Preserve', 'type': 'reference', 'referenceTypeName': 'details'}" 
},{
	 "source": "10", 
	 "target": "7", 
	 "label": "{'changeType': 'Preserve', 'type': 'reference', 'referenceTypeName': 'eStructuralFeatures'}" 
},{
	 "source": "7", 
	 "target": "10", 
	 "label": "{'changeType': 'Preserve', 'type': 'reference', 'referenceTypeName': 'eContainingClass'}" 
},{
	 "source": "11", 
	 "target": "10", 
	 "label": "{'changeType': 'Preserve', 'type': 'reference', 'referenceTypeName': 'eAnnotations'}" 
},{
	 "source": "10", 
	 "target": "11", 
	 "label": "{'changeType': 'Preserve', 'type': 'reference', 'referenceTypeName': 'eModelElement'}" 
},{
	 "source": "12", 
	 "target": "11", 
	 "label": "{'changeType': 'Preserve', 'type': 'reference', 'referenceTypeName': 'details'}" 
},{
	 "source": "13", 
	 "target": "4", 
	 "label": "{'changeType': 'Preserve', 'type': 'reference', 'referenceTypeName': 'eClassifiers'}" 
},{
	 "source": "4", 
	 "target": "13", 
	 "label": "{'changeType': 'Preserve', 'type': 'reference', 'referenceTypeName': 'ePackage'}" 
},{
	 "source": "14", 
	 "target": "13", 
	 "label": "{'changeType': 'Preserve', 'type': 'reference', 'referenceTypeName': 'eAnnotations'}" 
},{
	 "source": "13", 
	 "target": "14", 
	 "label": "{'changeType': 'Preserve', 'type': 'reference', 'referenceTypeName': 'eModelElement'}" 
},{
	 "source": "15", 
	 "target": "14", 
	 "label": "{'changeType': 'Preserve', 'type': 'reference', 'referenceTypeName': 'details'}" 
},{
	 "source": "16", 
	 "target": "13", 
	 "label": "{'changeType': 'Preserve', 'type': 'reference', 'referenceTypeName': 'eStructuralFeatures'}" 
},{
	 "source": "13", 
	 "target": "16", 
	 "label": "{'changeType': 'Preserve', 'type': 'reference', 'referenceTypeName': 'eContainingClass'}" 
},{
	 "source": "17", 
	 "target": "16", 
	 "label": "{'changeType': 'Preserve', 'type': 'reference', 'referenceTypeName': 'eAnnotations'}" 
},{
	 "source": "16", 
	 "target": "17", 
	 "label": "{'changeType': 'Preserve', 'type': 'reference', 'referenceTypeName': 'eModelElement'}" 
},{
	 "source": "18", 
	 "target": "17", 
	 "label": "{'changeType': 'Preserve', 'type': 'reference', 'referenceTypeName': 'details'}" 
},{
	 "source": "19", 
	 "target": "4", 
	 "label": "{'changeType': 'Preserve', 'type': 'reference', 'referenceTypeName': 'eClassifiers'}" 
},{
	 "source": "4", 
	 "target": "19", 
	 "label": "{'changeType': 'Preserve', 'type': 'reference', 'referenceTypeName': 'ePackage'}" 
},{
	 "source": "20", 
	 "target": "19", 
	 "label": "{'changeType': 'Preserve', 'type': 'reference', 'referenceTypeName': 'eAnnotations'}" 
},{
	 "source": "19", 
	 "target": "20", 
	 "label": "{'changeType': 'Preserve', 'type': 'reference', 'referenceTypeName': 'eModelElement'}" 
},{
	 "source": "21", 
	 "target": "20", 
	 "label": "{'changeType': 'Preserve', 'type': 'reference', 'referenceTypeName': 'details'}" 
},{
	 "source": "22", 
	 "target": "19", 
	 "label": "{'changeType': 'Preserve', 'type': 'reference', 'referenceTypeName': 'eStructuralFeatures'}" 
},{
	 "source": "19", 
	 "target": "22", 
	 "label": "{'changeType': 'Preserve', 'type': 'reference', 'referenceTypeName': 'eContainingClass'}" 
},{
	 "source": "23", 
	 "target": "22", 
	 "label": "{'changeType': 'Preserve', 'type': 'reference', 'referenceTypeName': 'eAnnotations'}" 
},{
	 "source": "22", 
	 "target": "23", 
	 "label": "{'changeType': 'Preserve', 'type': 'reference', 'referenceTypeName': 'eModelElement'}" 
},{
	 "source": "24", 
	 "target": "23", 
	 "label": "{'changeType': 'Preserve', 'type': 'reference', 'referenceTypeName': 'details'}" 
},{
	 "source": "25", 
	 "target": "4", 
	 "label": "{'changeType': 'Preserve', 'type': 'reference', 'referenceTypeName': 'eClassifiers'}" 
},{
	 "source": "4", 
	 "target": "25", 
	 "label": "{'changeType': 'Preserve', 'type': 'reference', 'referenceTypeName': 'ePackage'}" 
},{
	 "source": "26", 
	 "target": "25", 
	 "label": "{'changeType': 'Preserve', 'type': 'reference', 'referenceTypeName': 'eAnnotations'}" 
},{
	 "source": "25", 
	 "target": "26", 
	 "label": "{'changeType': 'Preserve', 'type': 'reference', 'referenceTypeName': 'eModelElement'}" 
},{
	 "source": "27", 
	 "target": "26", 
	 "label": "{'changeType': 'Preserve', 'type': 'reference', 'referenceTypeName': 'details'}" 
},{
	 "source": "28", 
	 "target": "25", 
	 "label": "{'changeType': 'Preserve', 'type': 'reference', 'referenceTypeName': 'eOperations'}" 
},{
	 "source": "25", 
	 "target": "28", 
	 "label": "{'changeType': 'Preserve', 'type': 'reference', 'referenceTypeName': 'eContainingClass'}" 
},{
	 "source": "29", 
	 "target": "28", 
	 "label": "{'changeType': 'Preserve', 'type': 'reference', 'referenceTypeName': 'eAnnotations'}" 
},{
	 "source": "28", 
	 "target": "29", 
	 "label": "{'changeType': 'Preserve', 'type': 'reference', 'referenceTypeName': 'eModelElement'}" 
},{
	 "source": "30", 
	 "target": "29", 
	 "label": "{'changeType': 'Preserve', 'type': 'reference', 'referenceTypeName': 'details'}" 
},{
	 "source": "31", 
	 "target": "28", 
	 "label": "{'changeType': 'Preserve', 'type': 'reference', 'referenceTypeName': 'eParameters'}" 
},{
	 "source": "28", 
	 "target": "31", 
	 "label": "{'changeType': 'Preserve', 'type': 'reference', 'referenceTypeName': 'eOperation'}" 
},{
	 "source": "32", 
	 "target": "25", 
	 "label": "{'changeType': 'Preserve', 'type': 'reference', 'referenceTypeName': 'eOperations'}" 
},{
	 "source": "25", 
	 "target": "32", 
	 "label": "{'changeType': 'Preserve', 'type': 'reference', 'referenceTypeName': 'eContainingClass'}" 
},{
	 "source": "33", 
	 "target": "32", 
	 "label": "{'changeType': 'Preserve', 'type': 'reference', 'referenceTypeName': 'eAnnotations'}" 
},{
	 "source": "32", 
	 "target": "33", 
	 "label": "{'changeType': 'Preserve', 'type': 'reference', 'referenceTypeName': 'eModelElement'}" 
},{
	 "source": "34", 
	 "target": "33", 
	 "label": "{'changeType': 'Preserve', 'type': 'reference', 'referenceTypeName': 'details'}" 
},{
	 "source": "35", 
	 "target": "25", 
	 "label": "{'changeType': 'Preserve', 'type': 'reference', 'referenceTypeName': 'eStructuralFeatures'}" 
},{
	 "source": "25", 
	 "target": "35", 
	 "label": "{'changeType': 'Preserve', 'type': 'reference', 'referenceTypeName': 'eContainingClass'}" 
},{
	 "source": "36", 
	 "target": "35", 
	 "label": "{'changeType': 'Preserve', 'type': 'reference', 'referenceTypeName': 'eAnnotations'}" 
},{
	 "source": "35", 
	 "target": "36", 
	 "label": "{'changeType': 'Preserve', 'type': 'reference', 'referenceTypeName': 'eModelElement'}" 
},{
	 "source": "37", 
	 "target": "36", 
	 "label": "{'changeType': 'Preserve', 'type': 'reference', 'referenceTypeName': 'details'}" 
},{
	 "source": "38", 
	 "target": "25", 
	 "label": "{'changeType': 'Preserve', 'type': 'reference', 'referenceTypeName': 'eStructuralFeatures'}" 
},{
	 "source": "25", 
	 "target": "38", 
	 "label": "{'changeType': 'Preserve', 'type': 'reference', 'referenceTypeName': 'eContainingClass'}" 
},{
	 "source": "39", 
	 "target": "38", 
	 "label": "{'changeType': 'Preserve', 'type': 'reference', 'referenceTypeName': 'eAnnotations'}" 
},{
	 "source": "38", 
	 "target": "39", 
	 "label": "{'changeType': 'Preserve', 'type': 'reference', 'referenceTypeName': 'eModelElement'}" 
},{
	 "source": "40", 
	 "target": "39", 
	 "label": "{'changeType': 'Preserve', 'type': 'reference', 'referenceTypeName': 'details'}" 
},{
	 "source": "3", 
	 "target": "4", 
	 "label": "{'changeType': 'Preserve', 'type': 'reference', 'referenceTypeName': 'eClassifiers'}" 
},{
	 "source": "4", 
	 "target": "3", 
	 "label": "{'changeType': 'Preserve', 'type': 'reference', 'referenceTypeName': 'ePackage'}" 
},{
	 "source": "41", 
	 "target": "3", 
	 "label": "{'changeType': 'Preserve', 'type': 'reference', 'referenceTypeName': 'eAnnotations'}" 
},{
	 "source": "3", 
	 "target": "41", 
	 "label": "{'changeType': 'Preserve', 'type': 'reference', 'referenceTypeName': 'eModelElement'}" 
},{
	 "source": "42", 
	 "target": "41", 
	 "label": "{'changeType': 'Preserve', 'type': 'reference', 'referenceTypeName': 'details'}" 
},{
	 "source": "43", 
	 "target": "3", 
	 "label": "{'changeType': 'Preserve', 'type': 'reference', 'referenceTypeName': 'eOperations'}" 
},{
	 "source": "3", 
	 "target": "43", 
	 "label": "{'changeType': 'Preserve', 'type': 'reference', 'referenceTypeName': 'eContainingClass'}" 
},{
	 "source": "44", 
	 "target": "43", 
	 "label": "{'changeType': 'Preserve', 'type': 'reference', 'referenceTypeName': 'eAnnotations'}" 
},{
	 "source": "43", 
	 "target": "44", 
	 "label": "{'changeType': 'Preserve', 'type': 'reference', 'referenceTypeName': 'eModelElement'}" 
},{
	 "source": "45", 
	 "target": "44", 
	 "label": "{'changeType': 'Preserve', 'type': 'reference', 'referenceTypeName': 'details'}" 
},{
	 "source": "46", 
	 "target": "43", 
	 "label": "{'changeType': 'Preserve', 'type': 'reference', 'referenceTypeName': 'eParameters'}" 
},{
	 "source": "43", 
	 "target": "46", 
	 "label": "{'changeType': 'Preserve', 'type': 'reference', 'referenceTypeName': 'eOperation'}" 
},{
	 "source": "47", 
	 "target": "3", 
	 "label": "{'changeType': 'Preserve', 'type': 'reference', 'referenceTypeName': 'eOperations'}" 
},{
	 "source": "3", 
	 "target": "47", 
	 "label": "{'changeType': 'Preserve', 'type': 'reference', 'referenceTypeName': 'eContainingClass'}" 
},{
	 "source": "48", 
	 "target": "47", 
	 "label": "{'changeType': 'Preserve', 'type': 'reference', 'referenceTypeName': 'eAnnotations'}" 
},{
	 "source": "47", 
	 "target": "48", 
	 "label": "{'changeType': 'Preserve', 'type': 'reference', 'referenceTypeName': 'eModelElement'}" 
},{
	 "source": "49", 
	 "target": "48", 
	 "label": "{'changeType': 'Preserve', 'type': 'reference', 'referenceTypeName': 'details'}" 
},{
	 "source": "50", 
	 "target": "47", 
	 "label": "{'changeType': 'Preserve', 'type': 'reference', 'referenceTypeName': 'eParameters'}" 
},{
	 "source": "47", 
	 "target": "50", 
	 "label": "{'changeType': 'Preserve', 'type': 'reference', 'referenceTypeName': 'eOperation'}" 
},{
	 "source": "51", 
	 "target": "3", 
	 "label": "{'changeType': 'Preserve', 'type': 'reference', 'referenceTypeName': 'eOperations'}" 
},{
	 "source": "3", 
	 "target": "51", 
	 "label": "{'changeType': 'Preserve', 'type': 'reference', 'referenceTypeName': 'eContainingClass'}" 
},{
	 "source": "52", 
	 "target": "51", 
	 "label": "{'changeType': 'Preserve', 'type': 'reference', 'referenceTypeName': 'eAnnotations'}" 
},{
	 "source": "51", 
	 "target": "52", 
	 "label": "{'changeType': 'Preserve', 'type': 'reference', 'referenceTypeName': 'eModelElement'}" 
},{
	 "source": "53", 
	 "target": "52", 
	 "label": "{'changeType': 'Preserve', 'type': 'reference', 'referenceTypeName': 'details'}" 
},{
	 "source": "54", 
	 "target": "3", 
	 "label": "{'changeType': 'Preserve', 'type': 'reference', 'referenceTypeName': 'eOperations'}" 
},{
	 "source": "3", 
	 "target": "54", 
	 "label": "{'changeType': 'Preserve', 'type': 'reference', 'referenceTypeName': 'eContainingClass'}" 
},{
	 "source": "55", 
	 "target": "3", 
	 "label": "{'changeType': 'Preserve', 'type': 'reference', 'referenceTypeName': 'eStructuralFeatures'}" 
},{
	 "source": "3", 
	 "target": "55", 
	 "label": "{'changeType': 'Preserve', 'type': 'reference', 'referenceTypeName': 'eContainingClass'}" 
},{
	 "source": "56", 
	 "target": "55", 
	 "label": "{'changeType': 'Preserve', 'type': 'reference', 'referenceTypeName': 'eAnnotations'}" 
},{
	 "source": "55", 
	 "target": "56", 
	 "label": "{'changeType': 'Preserve', 'type': 'reference', 'referenceTypeName': 'eModelElement'}" 
},{
	 "source": "57", 
	 "target": "56", 
	 "label": "{'changeType': 'Preserve', 'type': 'reference', 'referenceTypeName': 'details'}" 
},{
	 "source": "58", 
	 "target": "3", 
	 "label": "{'changeType': 'Preserve', 'type': 'reference', 'referenceTypeName': 'eStructuralFeatures'}" 
},{
	 "source": "3", 
	 "target": "58", 
	 "label": "{'changeType': 'Preserve', 'type': 'reference', 'referenceTypeName': 'eContainingClass'}" 
},{
	 "source": "59", 
	 "target": "58", 
	 "label": "{'changeType': 'Preserve', 'type': 'reference', 'referenceTypeName': 'eAnnotations'}" 
},{
	 "source": "58", 
	 "target": "59", 
	 "label": "{'changeType': 'Preserve', 'type': 'reference', 'referenceTypeName': 'eModelElement'}" 
},{
	 "source": "60", 
	 "target": "59", 
	 "label": "{'changeType': 'Preserve', 'type': 'reference', 'referenceTypeName': 'details'}" 
},{
	 "source": "61", 
	 "target": "3", 
	 "label": "{'changeType': 'Preserve', 'type': 'reference', 'referenceTypeName': 'eStructuralFeatures'}" 
},{
	 "source": "3", 
	 "target": "61", 
	 "label": "{'changeType': 'Preserve', 'type': 'reference', 'referenceTypeName': 'eContainingClass'}" 
},{
	 "source": "62", 
	 "target": "61", 
	 "label": "{'changeType': 'Preserve', 'type': 'reference', 'referenceTypeName': 'eAnnotations'}" 
},{
	 "source": "61", 
	 "target": "62", 
	 "label": "{'changeType': 'Preserve', 'type': 'reference', 'referenceTypeName': 'eModelElement'}" 
},{
	 "source": "63", 
	 "target": "62", 
	 "label": "{'changeType': 'Preserve', 'type': 'reference', 'referenceTypeName': 'details'}" 
},{
	 "source": "64", 
	 "target": "3", 
	 "label": "{'changeType': 'Preserve', 'type': 'reference', 'referenceTypeName': 'eStructuralFeatures'}" 
},{
	 "source": "3", 
	 "target": "64", 
	 "label": "{'changeType': 'Preserve', 'type': 'reference', 'referenceTypeName': 'eContainingClass'}" 
},{
	 "source": "65", 
	 "target": "64", 
	 "label": "{'changeType': 'Preserve', 'type': 'reference', 'referenceTypeName': 'eAnnotations'}" 
},{
	 "source": "64", 
	 "target": "65", 
	 "label": "{'changeType': 'Preserve', 'type': 'reference', 'referenceTypeName': 'eModelElement'}" 
},{
	 "source": "66", 
	 "target": "65", 
	 "label": "{'changeType': 'Preserve', 'type': 'reference', 'referenceTypeName': 'details'}" 
},{
	 "source": "67", 
	 "target": "3", 
	 "label": "{'changeType': 'Preserve', 'type': 'reference', 'referenceTypeName': 'eStructuralFeatures'}" 
},{
	 "source": "3", 
	 "target": "67", 
	 "label": "{'changeType': 'Preserve', 'type': 'reference', 'referenceTypeName': 'eContainingClass'}" 
},{
	 "source": "68", 
	 "target": "67", 
	 "label": "{'changeType': 'Preserve', 'type': 'reference', 'referenceTypeName': 'eAnnotations'}" 
},{
	 "source": "67", 
	 "target": "68", 
	 "label": "{'changeType': 'Preserve', 'type': 'reference', 'referenceTypeName': 'eModelElement'}" 
},{
	 "source": "69", 
	 "target": "68", 
	 "label": "{'changeType': 'Preserve', 'type': 'reference', 'referenceTypeName': 'details'}" 
},{
	 "source": "70", 
	 "target": "3", 
	 "label": "{'changeType': 'Preserve', 'type': 'reference', 'referenceTypeName': 'eStructuralFeatures'}" 
},{
	 "source": "3", 
	 "target": "70", 
	 "label": "{'changeType': 'Preserve', 'type': 'reference', 'referenceTypeName': 'eContainingClass'}" 
},{
	 "source": "71", 
	 "target": "70", 
	 "label": "{'changeType': 'Preserve', 'type': 'reference', 'referenceTypeName': 'eAnnotations'}" 
},{
	 "source": "70", 
	 "target": "71", 
	 "label": "{'changeType': 'Preserve', 'type': 'reference', 'referenceTypeName': 'eModelElement'}" 
},{
	 "source": "72", 
	 "target": "71", 
	 "label": "{'changeType': 'Preserve', 'type': 'reference', 'referenceTypeName': 'details'}" 
},{
	 "source": "73", 
	 "target": "3", 
	 "label": "{'changeType': 'Preserve', 'type': 'reference', 'referenceTypeName': 'eStructuralFeatures'}" 
},{
	 "source": "3", 
	 "target": "73", 
	 "label": "{'changeType': 'Preserve', 'type': 'reference', 'referenceTypeName': 'eContainingClass'}" 
},{
	 "source": "74", 
	 "target": "3", 
	 "label": "{'changeType': 'Preserve', 'type': 'reference', 'referenceTypeName': 'eStructuralFeatures'}" 
},{
	 "source": "3", 
	 "target": "74", 
	 "label": "{'changeType': 'Preserve', 'type': 'reference', 'referenceTypeName': 'eContainingClass'}" 
},{
	 "source": "75", 
	 "target": "4", 
	 "label": "{'changeType': 'Preserve', 'type': 'reference', 'referenceTypeName': 'eClassifiers'}" 
},{
	 "source": "4", 
	 "target": "75", 
	 "label": "{'changeType': 'Preserve', 'type': 'reference', 'referenceTypeName': 'ePackage'}" 
},{
	 "source": "76", 
	 "target": "75", 
	 "label": "{'changeType': 'Preserve', 'type': 'reference', 'referenceTypeName': 'eAnnotations'}" 
},{
	 "source": "75", 
	 "target": "76", 
	 "label": "{'changeType': 'Preserve', 'type': 'reference', 'referenceTypeName': 'eModelElement'}" 
},{
	 "source": "77", 
	 "target": "76", 
	 "label": "{'changeType': 'Preserve', 'type': 'reference', 'referenceTypeName': 'details'}" 
},{
	 "source": "78", 
	 "target": "75", 
	 "label": "{'changeType': 'Preserve', 'type': 'reference', 'referenceTypeName': 'eStructuralFeatures'}" 
},{
	 "source": "75", 
	 "target": "78", 
	 "label": "{'changeType': 'Preserve', 'type': 'reference', 'referenceTypeName': 'eContainingClass'}" 
},{
	 "source": "79", 
	 "target": "78", 
	 "label": "{'changeType': 'Preserve', 'type': 'reference', 'referenceTypeName': 'eAnnotations'}" 
},{
	 "source": "78", 
	 "target": "79", 
	 "label": "{'changeType': 'Preserve', 'type': 'reference', 'referenceTypeName': 'eModelElement'}" 
},{
	 "source": "80", 
	 "target": "79", 
	 "label": "{'changeType': 'Preserve', 'type': 'reference', 'referenceTypeName': 'details'}" 
},{
	 "source": "81", 
	 "target": "4", 
	 "label": "{'changeType': 'Preserve', 'type': 'reference', 'referenceTypeName': 'eClassifiers'}" 
},{
	 "source": "4", 
	 "target": "81", 
	 "label": "{'changeType': 'Preserve', 'type': 'reference', 'referenceTypeName': 'ePackage'}" 
},{
	 "source": "82", 
	 "target": "81", 
	 "label": "{'changeType': 'Preserve', 'type': 'reference', 'referenceTypeName': 'eAnnotations'}" 
},{
	 "source": "81", 
	 "target": "82", 
	 "label": "{'changeType': 'Preserve', 'type': 'reference', 'referenceTypeName': 'eModelElement'}" 
},{
	 "source": "83", 
	 "target": "82", 
	 "label": "{'changeType': 'Preserve', 'type': 'reference', 'referenceTypeName': 'details'}" 
},{
	 "source": "84", 
	 "target": "81", 
	 "label": "{'changeType': 'Preserve', 'type': 'reference', 'referenceTypeName': 'eStructuralFeatures'}" 
},{
	 "source": "81", 
	 "target": "84", 
	 "label": "{'changeType': 'Preserve', 'type': 'reference', 'referenceTypeName': 'eContainingClass'}" 
},{
	 "source": "85", 
	 "target": "84", 
	 "label": "{'changeType': 'Preserve', 'type': 'reference', 'referenceTypeName': 'eAnnotations'}" 
},{
	 "source": "84", 
	 "target": "85", 
	 "label": "{'changeType': 'Preserve', 'type': 'reference', 'referenceTypeName': 'eModelElement'}" 
},{
	 "source": "86", 
	 "target": "85", 
	 "label": "{'changeType': 'Preserve', 'type': 'reference', 'referenceTypeName': 'details'}" 
},{
	 "source": "87", 
	 "target": "81", 
	 "label": "{'changeType': 'Preserve', 'type': 'reference', 'referenceTypeName': 'eStructuralFeatures'}" 
},{
	 "source": "81", 
	 "target": "87", 
	 "label": "{'changeType': 'Preserve', 'type': 'reference', 'referenceTypeName': 'eContainingClass'}" 
},{
	 "source": "88", 
	 "target": "87", 
	 "label": "{'changeType': 'Preserve', 'type': 'reference', 'referenceTypeName': 'eAnnotations'}" 
},{
	 "source": "87", 
	 "target": "88", 
	 "label": "{'changeType': 'Preserve', 'type': 'reference', 'referenceTypeName': 'eModelElement'}" 
},{
	 "source": "89", 
	 "target": "88", 
	 "label": "{'changeType': 'Preserve', 'type': 'reference', 'referenceTypeName': 'details'}" 
},{
	 "source": "90", 
	 "target": "81", 
	 "label": "{'changeType': 'Preserve', 'type': 'reference', 'referenceTypeName': 'eStructuralFeatures'}" 
},{
	 "source": "81", 
	 "target": "90", 
	 "label": "{'changeType': 'Preserve', 'type': 'reference', 'referenceTypeName': 'eContainingClass'}" 
},{
	 "source": "91", 
	 "target": "90", 
	 "label": "{'changeType': 'Preserve', 'type': 'reference', 'referenceTypeName': 'eAnnotations'}" 
},{
	 "source": "90", 
	 "target": "91", 
	 "label": "{'changeType': 'Preserve', 'type': 'reference', 'referenceTypeName': 'eModelElement'}" 
},{
	 "source": "92", 
	 "target": "91", 
	 "label": "{'changeType': 'Preserve', 'type': 'reference', 'referenceTypeName': 'details'}" 
},{
	 "source": "93", 
	 "target": "81", 
	 "label": "{'changeType': 'Preserve', 'type': 'reference', 'referenceTypeName': 'eStructuralFeatures'}" 
},{
	 "source": "81", 
	 "target": "93", 
	 "label": "{'changeType': 'Preserve', 'type': 'reference', 'referenceTypeName': 'eContainingClass'}" 
},{
	 "source": "94", 
	 "target": "93", 
	 "label": "{'changeType': 'Preserve', 'type': 'reference', 'referenceTypeName': 'eAnnotations'}" 
},{
	 "source": "93", 
	 "target": "94", 
	 "label": "{'changeType': 'Preserve', 'type': 'reference', 'referenceTypeName': 'eModelElement'}" 
},{
	 "source": "95", 
	 "target": "94", 
	 "label": "{'changeType': 'Preserve', 'type': 'reference', 'referenceTypeName': 'details'}" 
},{
	 "source": "96", 
	 "target": "4", 
	 "label": "{'changeType': 'Preserve', 'type': 'reference', 'referenceTypeName': 'eClassifiers'}" 
},{
	 "source": "4", 
	 "target": "96", 
	 "label": "{'changeType': 'Preserve', 'type': 'reference', 'referenceTypeName': 'ePackage'}" 
},{
	 "source": "97", 
	 "target": "96", 
	 "label": "{'changeType': 'Preserve', 'type': 'reference', 'referenceTypeName': 'eAnnotations'}" 
},{
	 "source": "96", 
	 "target": "97", 
	 "label": "{'changeType': 'Preserve', 'type': 'reference', 'referenceTypeName': 'eModelElement'}" 
},{
	 "source": "98", 
	 "target": "97", 
	 "label": "{'changeType': 'Preserve', 'type': 'reference', 'referenceTypeName': 'details'}" 
},{
	 "source": "99", 
	 "target": "96", 
	 "label": "{'changeType': 'Preserve', 'type': 'reference', 'referenceTypeName': 'eStructuralFeatures'}" 
},{
	 "source": "96", 
	 "target": "99", 
	 "label": "{'changeType': 'Preserve', 'type': 'reference', 'referenceTypeName': 'eContainingClass'}" 
},{
	 "source": "100", 
	 "target": "99", 
	 "label": "{'changeType': 'Preserve', 'type': 'reference', 'referenceTypeName': 'eAnnotations'}" 
},{
	 "source": "99", 
	 "target": "100", 
	 "label": "{'changeType': 'Preserve', 'type': 'reference', 'referenceTypeName': 'eModelElement'}" 
},{
	 "source": "101", 
	 "target": "100", 
	 "label": "{'changeType': 'Preserve', 'type': 'reference', 'referenceTypeName': 'details'}" 
},{
	 "source": "102", 
	 "target": "4", 
	 "label": "{'changeType': 'Preserve', 'type': 'reference', 'referenceTypeName': 'eClassifiers'}" 
},{
	 "source": "4", 
	 "target": "102", 
	 "label": "{'changeType': 'Preserve', 'type': 'reference', 'referenceTypeName': 'ePackage'}" 
},{
	 "source": "103", 
	 "target": "102", 
	 "label": "{'changeType': 'Preserve', 'type': 'reference', 'referenceTypeName': 'eAnnotations'}" 
},{
	 "source": "102", 
	 "target": "103", 
	 "label": "{'changeType': 'Preserve', 'type': 'reference', 'referenceTypeName': 'eModelElement'}" 
},{
	 "source": "104", 
	 "target": "103", 
	 "label": "{'changeType': 'Preserve', 'type': 'reference', 'referenceTypeName': 'details'}" 
},{
	 "source": "105", 
	 "target": "102", 
	 "label": "{'changeType': 'Preserve', 'type': 'reference', 'referenceTypeName': 'eStructuralFeatures'}" 
},{
	 "source": "102", 
	 "target": "105", 
	 "label": "{'changeType': 'Preserve', 'type': 'reference', 'referenceTypeName': 'eContainingClass'}" 
},{
	 "source": "106", 
	 "target": "105", 
	 "label": "{'changeType': 'Preserve', 'type': 'reference', 'referenceTypeName': 'eAnnotations'}" 
},{
	 "source": "105", 
	 "target": "106", 
	 "label": "{'changeType': 'Preserve', 'type': 'reference', 'referenceTypeName': 'eModelElement'}" 
},{
	 "source": "107", 
	 "target": "106", 
	 "label": "{'changeType': 'Preserve', 'type': 'reference', 'referenceTypeName': 'details'}" 
},{
	 "source": "108", 
	 "target": "102", 
	 "label": "{'changeType': 'Preserve', 'type': 'reference', 'referenceTypeName': 'eStructuralFeatures'}" 
},{
	 "source": "102", 
	 "target": "108", 
	 "label": "{'changeType': 'Preserve', 'type': 'reference', 'referenceTypeName': 'eContainingClass'}" 
},{
	 "source": "109", 
	 "target": "108", 
	 "label": "{'changeType': 'Preserve', 'type': 'reference', 'referenceTypeName': 'eAnnotations'}" 
},{
	 "source": "108", 
	 "target": "109", 
	 "label": "{'changeType': 'Preserve', 'type': 'reference', 'referenceTypeName': 'eModelElement'}" 
},{
	 "source": "110", 
	 "target": "109", 
	 "label": "{'changeType': 'Preserve', 'type': 'reference', 'referenceTypeName': 'details'}" 
},{
	 "source": "111", 
	 "target": "4", 
	 "label": "{'changeType': 'Preserve', 'type': 'reference', 'referenceTypeName': 'eClassifiers'}" 
},{
	 "source": "4", 
	 "target": "111", 
	 "label": "{'changeType': 'Preserve', 'type': 'reference', 'referenceTypeName': 'ePackage'}" 
},{
	 "source": "112", 
	 "target": "111", 
	 "label": "{'changeType': 'Preserve', 'type': 'reference', 'referenceTypeName': 'eAnnotations'}" 
},{
	 "source": "111", 
	 "target": "112", 
	 "label": "{'changeType': 'Preserve', 'type': 'reference', 'referenceTypeName': 'eModelElement'}" 
},{
	 "source": "113", 
	 "target": "112", 
	 "label": "{'changeType': 'Preserve', 'type': 'reference', 'referenceTypeName': 'details'}" 
},{
	 "source": "114", 
	 "target": "111", 
	 "label": "{'changeType': 'Preserve', 'type': 'reference', 'referenceTypeName': 'eStructuralFeatures'}" 
},{
	 "source": "111", 
	 "target": "114", 
	 "label": "{'changeType': 'Preserve', 'type': 'reference', 'referenceTypeName': 'eContainingClass'}" 
},{
	 "source": "115", 
	 "target": "114", 
	 "label": "{'changeType': 'Preserve', 'type': 'reference', 'referenceTypeName': 'eAnnotations'}" 
},{
	 "source": "114", 
	 "target": "115", 
	 "label": "{'changeType': 'Preserve', 'type': 'reference', 'referenceTypeName': 'eModelElement'}" 
},{
	 "source": "116", 
	 "target": "115", 
	 "label": "{'changeType': 'Preserve', 'type': 'reference', 'referenceTypeName': 'details'}" 
},{
	 "source": "117", 
	 "target": "111", 
	 "label": "{'changeType': 'Preserve', 'type': 'reference', 'referenceTypeName': 'eStructuralFeatures'}" 
},{
	 "source": "111", 
	 "target": "117", 
	 "label": "{'changeType': 'Preserve', 'type': 'reference', 'referenceTypeName': 'eContainingClass'}" 
},{
	 "source": "118", 
	 "target": "117", 
	 "label": "{'changeType': 'Preserve', 'type': 'reference', 'referenceTypeName': 'eAnnotations'}" 
},{
	 "source": "117", 
	 "target": "118", 
	 "label": "{'changeType': 'Preserve', 'type': 'reference', 'referenceTypeName': 'eModelElement'}" 
},{
	 "source": "119", 
	 "target": "118", 
	 "label": "{'changeType': 'Preserve', 'type': 'reference', 'referenceTypeName': 'details'}" 
},{
	 "source": "120", 
	 "target": "111", 
	 "label": "{'changeType': 'Preserve', 'type': 'reference', 'referenceTypeName': 'eStructuralFeatures'}" 
},{
	 "source": "111", 
	 "target": "120", 
	 "label": "{'changeType': 'Preserve', 'type': 'reference', 'referenceTypeName': 'eContainingClass'}" 
},{
	 "source": "121", 
	 "target": "120", 
	 "label": "{'changeType': 'Preserve', 'type': 'reference', 'referenceTypeName': 'eAnnotations'}" 
},{
	 "source": "120", 
	 "target": "121", 
	 "label": "{'changeType': 'Preserve', 'type': 'reference', 'referenceTypeName': 'eModelElement'}" 
},{
	 "source": "122", 
	 "target": "121", 
	 "label": "{'changeType': 'Preserve', 'type': 'reference', 'referenceTypeName': 'details'}" 
}]}