{"directed": true, "multigraph": false, "graph": {}, 
  "nodes": [{
	 "id": "0", 
	 "label": "{'changeType': 'Add', 'type': 'object', 'className': 'EParameter', 'attributes': {'id': '_ZnrDX96tEei97MD7GK1RmA', 'name':'name','ordered':'true','unique':'true','lowerBound':'0','upperBound':'1','many':'false','required':'false','eType':'EString','eGenericType':'org.eclipse.emf.ecore.impl.EGenericTypeImpl@93084ef (expression: EString)','eOperation':'getConstraint'}}" 
},{
	 "id": "1", 
	 "label": "{'changeType': 'Add', 'type': 'object', 'className': 'EOperation', 'attributes': {'id': '_ZnrDXt6tEei97MD7GK1RmA', 'name':'getConstraint','ordered':'true','unique':'true','lowerBound':'0','upperBound':'1','many':'false','required':'false','eType':'Constraint','eGenericType':'org.eclipse.emf.ecore.impl.EGenericTypeImpl@56f5040b (expression: Constraint)','eContainingClass':'Operation','eParameters':['name']}}" 
},{
	 "id": "2", 
	 "label": "{'changeType': 'Delete', 'type': 'object', 'className': 'EStringToStringMapEntry', 'attributes': {'id': '_Zmohlt6tEei97MD7GK1RmA', 'key':'documentation','value':'Helper method to determine the variable of the operation with a certain name'}}" 
},{
	 "id": "3", 
	 "label": "{'changeType': 'Delete', 'type': 'object', 'className': 'EAnnotation', 'attributes': {'id': '_Zmohld6tEei97MD7GK1RmA', 'source':'http://www.eclipse.org/emf/2002/GenModel','details':['org.eclipse.emf.ecore.impl.EStringToStringMapEntryImpl@810aa60 (key: documentation, value: Helper method to determine the variable of the operation with a certain name)'],'eModelElement':'getVariable'}}" 
},{
	 "id": "4", 
	 "label": "{'changeType': 'Delete', 'type': 'object', 'className': 'EOperation', 'attributes': {'id': '_ZmohlN6tEei97MD7GK1RmA', 'eAnnotations':['org.eclipse.emf.ecore.impl.EAnnotationImpl@27ffecac (source: http://www.eclipse.org/emf/2002/GenModel)'],'name':'getVariable','ordered':'true','unique':'true','lowerBound':'0','upperBound':'1','many':'false','required':'false','eType':'Variable','eGenericType':'org.eclipse.emf.ecore.impl.EGenericTypeImpl@70ddede9 (expression: Variable)','eContainingClass':'Operation','eParameters':['name']}}" 
},{
	 "id": "5", 
	 "label": "{'changeType': 'Delete', 'type': 'object', 'className': 'EParameter', 'attributes': {'id': '_Zmohl96tEei97MD7GK1RmA', 'name':'name','ordered':'true','unique':'true','lowerBound':'0','upperBound':'1','many':'false','required':'false','eType':'EString','eGenericType':'org.eclipse.emf.ecore.impl.EGenericTypeImpl@7ebb258e (expression: EString)','eOperation':'getVariable'}}" 
},{
	 "id": "6", 
	 "label": "{'changeType': 'Delete', 'type': 'object', 'className': 'EStringToStringMapEntry', 'attributes': {'id': '_Zmohqd6tEei97MD7GK1RmA', 'key':'documentation','value':'A list of helper variables for use in initial expressions of parameters and constraint expressions. Helper variables are initialized in the order in which they are specified so that a variable can acc'}}" 
},{
	 "id": "7", 
	 "label": "{'changeType': 'Delete', 'type': 'object', 'className': 'EAnnotation', 'attributes': {'id': '_ZmohqN6tEei97MD7GK1RmA', 'source':'http://www.eclipse.org/emf/2002/GenModel','details':['org.eclipse.emf.ecore.impl.EStringToStringMapEntryImpl@7b631e97 (key: documentation, value: A list of helper variables for use in initial expressions of parameters and constraint expressions. Helper variables are initialized in the order in which they are specified so that a variable can access all previously declared variables.)'],'eModelElement':'variables'}}" 
},{
	 "id": "8", 
	 "label": "{'changeType': 'Delete', 'type': 'object', 'className': 'EReference', 'attributes': {'id': '_Zmohp96tEei97MD7GK1RmA', 'eAnnotations':['org.eclipse.emf.ecore.impl.EAnnotationImpl@6c497ad (source: http://www.eclipse.org/emf/2002/GenModel)'],'name':'variables','ordered':'true','unique':'true','lowerBound':'0','upperBound':'-1','many':'true','required':'false','eType':'Variable','eGenericType':'org.eclipse.emf.ecore.impl.EGenericTypeImpl@3a9e0a1b (expression: Variable)','changeable':'true','volatile':'false','transient':'false','unsettable':'false','derived':'false','eContainingClass':'Operation','containment':'true','container':'false','resolveProxies':'true','eOpposite':'operation','eReferenceType':'Variable'}}" 
},{
	 "id": "9", 
	 "label": "{'changeType': 'Delete', 'type': 'object', 'className': 'EStringToStringMapEntry', 'attributes': {'id': '_ZmohsN6tEei97MD7GK1RmA', 'key':'documentation','value':'Whether the operation deletes elements of values of elements'}}" 
},{
	 "id": "10", 
	 "label": "{'changeType': 'Delete', 'type': 'object', 'className': 'EAnnotation', 'attributes': {'id': '_Zmohr96tEei97MD7GK1RmA', 'source':'http://www.eclipse.org/emf/2002/GenModel','details':['org.eclipse.emf.ecore.impl.EStringToStringMapEntryImpl@d331a6 (key: documentation, value: Whether the operation deletes elements of values of elements)'],'eModelElement':'deleting'}}" 
},{
	 "id": "11", 
	 "label": "{'changeType': 'Delete', 'type': 'object', 'className': 'EAttribute', 'attributes': {'id': '_Zmohrt6tEei97MD7GK1RmA', 'eAnnotations':['org.eclipse.emf.ecore.impl.EAnnotationImpl@5cb7c902 (source: http://www.eclipse.org/emf/2002/GenModel)'],'name':'deleting','ordered':'true','unique':'true','lowerBound':'0','upperBound':'1','many':'false','required':'false','eType':'EBoolean','eGenericType':'org.eclipse.emf.ecore.impl.EGenericTypeImpl@1ec86eaa (expression: EBoolean)','changeable':'true','volatile':'false','transient':'false','defaultValueLiteral':'false','defaultValue':'false','unsettable':'false','derived':'false','eContainingClass':'Operation','iD':'false','eAttributeType':'EBoolean'}}" 
},{
	 "id": "12", 
	 "label": "{'changeType': 'Preserve', 'type': 'object', 'className': 'EClass', 'attributes': {'id': '_ZmohjN6tEei97MD7GK1RmA', 'eAnnotations':['org.eclipse.emf.ecore.impl.EAnnotationImpl@41e75c93 (source: http://www.eclipse.org/emf/2002/GenModel)'],'name':'Operation','ePackage':'declaration','abstract':'false','interface':'false','eOperations':['getParameter','getVariable','getMainParameter','refines'],'eStructuralFeatures':['library','parameters','constraints','variables','deprecated','deleting','before','after','implementation'],'eGenericSuperTypes':['org.eclipse.emf.ecore.impl.EGenericTypeImpl@2299418d (expression: IdentifiedElement)','org.eclipse.emf.ecore.impl.EGenericTypeImpl@2acd9569 (expression: DescribedElement)','org.eclipse.emf.ecore.impl.EGenericTypeImpl@5bf2d900 (expression: LabeledElement)']}}" 
},{
	 "id": "13", 
	 "label": "{'changeType': 'Delete', 'type': 'object', 'className': 'EStringToStringMapEntry', 'attributes': {'id': '_Zmohyd6tEei97MD7GK1RmA', 'key':'documentation','value':'The choice expression determines the possible values for the parameter'}}" 
},{
	 "id": "14", 
	 "label": "{'changeType': 'Delete', 'type': 'object', 'className': 'EAnnotation', 'attributes': {'id': '_ZmohyN6tEei97MD7GK1RmA', 'source':'http://www.eclipse.org/emf/2002/GenModel','details':['org.eclipse.emf.ecore.impl.EStringToStringMapEntryImpl@238401c2 (key: documentation, value: The choice expression determines the possible values for the parameter)'],'eModelElement':'choiceExpression'}}" 
},{
	 "id": "15", 
	 "label": "{'changeType': 'Delete', 'type': 'object', 'className': 'EAttribute', 'attributes': {'id': '_Zmohx96tEei97MD7GK1RmA', 'eAnnotations':['org.eclipse.emf.ecore.impl.EAnnotationImpl@9ab11be (source: http://www.eclipse.org/emf/2002/GenModel)'],'name':'choiceExpression','ordered':'true','unique':'true','lowerBound':'0','upperBound':'1','many':'false','required':'false','eType':'EString','eGenericType':'org.eclipse.emf.ecore.impl.EGenericTypeImpl@36e509be (expression: EString)','changeable':'true','volatile':'false','transient':'false','unsettable':'false','derived':'false','eContainingClass':'Parameter','iD':'false','eAttributeType':'EString'}}" 
},{
	 "id": "16", 
	 "label": "{'changeType': 'Preserve', 'type': 'object', 'className': 'EClass', 'attributes': {'id': '_Zmohvd6tEei97MD7GK1RmA', 'eAnnotations':['org.eclipse.emf.ecore.impl.EAnnotationImpl@23ecb26d (source: http://www.eclipse.org/emf/2002/GenModel)'],'name':'Parameter','ePackage':'declaration','abstract':'false','interface':'false','eStructuralFeatures':['operation','required','choiceExpression','main'],'eGenericSuperTypes':['org.eclipse.emf.ecore.impl.EGenericTypeImpl@5abef212 (expression: Placeholder)','org.eclipse.emf.ecore.impl.EGenericTypeImpl@4782e04f (expression: DescribedElement)']}}" 
},{
	 "id": "17", 
	 "label": "{'changeType': 'Delete', 'type': 'object', 'className': 'EStringToStringMapEntry', 'attributes': {'id': '_Zmoh3d6tEei97MD7GK1RmA', 'key':'documentation','value':'The boolean expression to evaluate whether the constraint is fulfilled'}}" 
},{
	 "id": "18", 
	 "label": "{'changeType': 'Delete', 'type': 'object', 'className': 'EAnnotation', 'attributes': {'id': '_Zmoh3N6tEei97MD7GK1RmA', 'source':'http://www.eclipse.org/emf/2002/GenModel','details':['org.eclipse.emf.ecore.impl.EStringToStringMapEntryImpl@2c9c9f6a (key: documentation, value: The boolean expression to evaluate whether the constraint is fulfilled)'],'eModelElement':'booleanExpression'}}" 
},{
	 "id": "19", 
	 "label": "{'changeType': 'Delete', 'type': 'object', 'className': 'EAttribute', 'attributes': {'id': '_Zmoh296tEei97MD7GK1RmA', 'eAnnotations':['org.eclipse.emf.ecore.impl.EAnnotationImpl@70dc027f (source: http://www.eclipse.org/emf/2002/GenModel)'],'name':'booleanExpression','ordered':'true','unique':'true','lowerBound':'1','upperBound':'1','many':'false','required':'true','eType':'EString','eGenericType':'org.eclipse.emf.ecore.impl.EGenericTypeImpl@6e07bd0 (expression: EString)','changeable':'true','volatile':'false','transient':'false','unsettable':'false','derived':'false','eContainingClass':'Constraint','iD':'false','eAttributeType':'EString'}}" 
},{
	 "id": "20", 
	 "label": "{'changeType': 'Add', 'type': 'object', 'className': 'EReference', 'attributes': {'id': '_ZnrDmd6tEei97MD7GK1RmA', 'name':'restricts','ordered':'true','unique':'true','lowerBound':'0','upperBound':'1','many':'false','required':'false','eType':'Parameter','eGenericType':'org.eclipse.emf.ecore.impl.EGenericTypeImpl@365f3a68 (expression: Parameter)','changeable':'true','volatile':'false','transient':'false','unsettable':'false','derived':'false','eContainingClass':'Constraint','containment':'false','container':'false','resolveProxies':'true','eReferenceType':'Parameter'}}" 
},{
	 "id": "21", 
	 "label": "{'changeType': 'Preserve', 'type': 'object', 'className': 'EClass', 'attributes': {'id': '_Zmoh1d6tEei97MD7GK1RmA', 'eAnnotations':['org.eclipse.emf.ecore.impl.EAnnotationImpl@2275385f (source: http://www.eclipse.org/emf/2002/GenModel)'],'name':'Constraint','ePackage':'declaration','abstract':'false','interface':'false','eStructuralFeatures':['operation','booleanExpression'],'eGenericSuperTypes':['org.eclipse.emf.ecore.impl.EGenericTypeImpl@4866ecf0 (expression: LabeledElement)']}}" 
},{
	 "id": "22", 
	 "label": "{'changeType': 'Delete', 'type': 'object', 'className': 'EStringToStringMapEntry', 'attributes': {'id': '_Zmohbd6tEei97MD7GK1RmA', 'key':'documentation','value':'Base class for elements having a description'}}" 
},{
	 "id": "23", 
	 "label": "{'changeType': 'Delete', 'type': 'object', 'className': 'EAnnotation', 'attributes': {'id': '_ZmohbN6tEei97MD7GK1RmA', 'source':'http://www.eclipse.org/emf/2002/GenModel','details':['org.eclipse.emf.ecore.impl.EStringToStringMapEntryImpl@371ccee9 (key: documentation, value: Base class for elements having a description)'],'eModelElement':'DescribedElement'}}" 
},{
	 "id": "24", 
	 "label": "{'changeType': 'Delete', 'type': 'object', 'className': 'EClass', 'attributes': {'id': '_Zmoha96tEei97MD7GK1RmA', 'eAnnotations':['org.eclipse.emf.ecore.impl.EAnnotationImpl@40e4704d (source: http://www.eclipse.org/emf/2002/GenModel)'],'name':'DescribedElement','ePackage':'declaration','abstract':'true','interface':'false','eStructuralFeatures':['description']}}" 
},{
	 "id": "25", 
	 "label": "{'changeType': 'Delete', 'type': 'object', 'className': 'EStringToStringMapEntry', 'attributes': {'id': '_ZmohdN6tEei97MD7GK1RmA', 'key':'documentation','value':'Base class for elements having a label'}}" 
},{
	 "id": "26", 
	 "label": "{'changeType': 'Delete', 'type': 'object', 'className': 'EAnnotation', 'attributes': {'id': '_Zmohc96tEei97MD7GK1RmA', 'source':'http://www.eclipse.org/emf/2002/GenModel','details':['org.eclipse.emf.ecore.impl.EStringToStringMapEntryImpl@25c9757c (key: documentation, value: Base class for elements having a label)'],'eModelElement':'LabeledElement'}}" 
},{
	 "id": "27", 
	 "label": "{'changeType': 'Delete', 'type': 'object', 'className': 'EClass', 'attributes': {'id': '_Zmohct6tEei97MD7GK1RmA', 'eAnnotations':['org.eclipse.emf.ecore.impl.EAnnotationImpl@23eb077a (source: http://www.eclipse.org/emf/2002/GenModel)'],'name':'LabeledElement','ePackage':'declaration','abstract':'true','interface':'false','eStructuralFeatures':['label']}}" 
},{
	 "id": "28", 
	 "label": "{'changeType': 'Delete', 'type': 'object', 'className': 'EStringToStringMapEntry', 'attributes': {'id': '_ZmohuN6tEei97MD7GK1RmA', 'key':'documentation','value':'Base class for parameters and variables'}}" 
},{
	 "id": "29", 
	 "label": "{'changeType': 'Delete', 'type': 'object', 'className': 'EAnnotation', 'attributes': {'id': '_Zmoht96tEei97MD7GK1RmA', 'source':'http://www.eclipse.org/emf/2002/GenModel','details':['org.eclipse.emf.ecore.impl.EStringToStringMapEntryImpl@63fdb3a7 (key: documentation, value: Base class for parameters and variables)'],'eModelElement':'Placeholder'}}" 
},{
	 "id": "30", 
	 "label": "{'changeType': 'Delete', 'type': 'object', 'className': 'EStringToStringMapEntry', 'attributes': {'id': '_Zmohu96tEei97MD7GK1RmA', 'key':'documentation','value':'The init expression evaluates to the initial value for this placeholder'}}" 
},{
	 "id": "31", 
	 "label": "{'changeType': 'Delete', 'type': 'object', 'className': 'EAnnotation', 'attributes': {'id': '_Zmohut6tEei97MD7GK1RmA', 'source':'http://www.eclipse.org/emf/2002/GenModel','details':['org.eclipse.emf.ecore.impl.EStringToStringMapEntryImpl@1ce03822 (key: documentation, value: The init expression evaluates to the initial value for this placeholder)'],'eModelElement':'initExpression'}}" 
},{
	 "id": "32", 
	 "label": "{'changeType': 'Delete', 'type': 'object', 'className': 'EAttribute', 'attributes': {'id': '_Zmohud6tEei97MD7GK1RmA', 'eAnnotations':['org.eclipse.emf.ecore.impl.EAnnotationImpl@5269b056 (source: http://www.eclipse.org/emf/2002/GenModel)'],'name':'initExpression','ordered':'true','unique':'true','lowerBound':'0','upperBound':'1','many':'false','required':'false','eType':'EString','eGenericType':'org.eclipse.emf.ecore.impl.EGenericTypeImpl@128ed092 (expression: EString)','changeable':'true','volatile':'false','transient':'false','unsettable':'false','derived':'false','eContainingClass':'Placeholder','iD':'false','eAttributeType':'EString'}}" 
},{
	 "id": "33", 
	 "label": "{'changeType': 'Delete', 'type': 'object', 'className': 'EClass', 'attributes': {'id': '_Zmohtt6tEei97MD7GK1RmA', 'eAnnotations':['org.eclipse.emf.ecore.impl.EAnnotationImpl@be8b5ec (source: http://www.eclipse.org/emf/2002/GenModel)'],'name':'Placeholder','ePackage':'declaration','abstract':'true','interface':'false','eStructuralFeatures':['initExpression'],'eGenericSuperTypes':['org.eclipse.emf.ecore.impl.EGenericTypeImpl@1465543d (expression: TypedElement)','org.eclipse.emf.ecore.impl.EGenericTypeImpl@20801ba9 (expression: IdentifiedElement)']}}" 
},{
	 "id": "34", 
	 "label": "{'changeType': 'Delete', 'type': 'object', 'className': 'EStringToStringMapEntry', 'attributes': {'id': '_Zmoh0d6tEei97MD7GK1RmA', 'key':'documentation','value':'A helper variable for use in initial expressions of parameters and constraint expressions'}}" 
},{
	 "id": "35", 
	 "label": "{'changeType': 'Delete', 'type': 'object', 'className': 'EAnnotation', 'attributes': {'id': '_Zmoh0N6tEei97MD7GK1RmA', 'source':'http://www.eclipse.org/emf/2002/GenModel','details':['org.eclipse.emf.ecore.impl.EStringToStringMapEntryImpl@63d3b990 (key: documentation, value: A helper variable for use in initial expressions of parameters and constraint expressions)'],'eModelElement':'Variable'}}" 
},{
	 "id": "36", 
	 "label": "{'changeType': 'Delete', 'type': 'object', 'className': 'EStringToStringMapEntry', 'attributes': {'id': '_Zmoh1N6tEei97MD7GK1RmA', 'key':'documentation','value':'Operation to which the variable belongs'}}" 
},{
	 "id": "37", 
	 "label": "{'changeType': 'Delete', 'type': 'object', 'className': 'EAnnotation', 'attributes': {'id': '_Zmoh096tEei97MD7GK1RmA', 'source':'http://www.eclipse.org/emf/2002/GenModel','details':['org.eclipse.emf.ecore.impl.EStringToStringMapEntryImpl@58f8ae7d (key: documentation, value: Operation to which the variable belongs)'],'eModelElement':'operation'}}" 
},{
	 "id": "38", 
	 "label": "{'changeType': 'Delete', 'type': 'object', 'className': 'EReference', 'attributes': {'id': '_Zmoh0t6tEei97MD7GK1RmA', 'eAnnotations':['org.eclipse.emf.ecore.impl.EAnnotationImpl@26999c07 (source: http://www.eclipse.org/emf/2002/GenModel)'],'name':'operation','ordered':'true','unique':'true','lowerBound':'1','upperBound':'1','many':'false','required':'true','eType':'Operation','eGenericType':'org.eclipse.emf.ecore.impl.EGenericTypeImpl@85ac44d (expression: Operation)','changeable':'true','volatile':'false','transient':'false','unsettable':'false','derived':'false','eContainingClass':'Variable','containment':'false','container':'true','resolveProxies':'true','eOpposite':'variables','eReferenceType':'Operation'}}" 
},{
	 "id": "39", 
	 "label": "{'changeType': 'Delete', 'type': 'object', 'className': 'EClass', 'attributes': {'id': '_Zmohz96tEei97MD7GK1RmA', 'eAnnotations':['org.eclipse.emf.ecore.impl.EAnnotationImpl@5a8e9c75 (source: http://www.eclipse.org/emf/2002/GenModel)'],'name':'Variable','ePackage':'declaration','abstract':'false','interface':'false','eStructuralFeatures':['operation'],'eGenericSuperTypes':['org.eclipse.emf.ecore.impl.EGenericTypeImpl@4ffdd757 (expression: Placeholder)']}}" 
},{
	 "id": "40", 
	 "label": "{'changeType': 'Delete', 'type': 'object', 'className': 'EStringToStringMapEntry', 'attributes': {'id': '_Zmoh4d6tEei97MD7GK1RmA', 'key':'documentation','value':'Proxy for a type'}}" 
},{
	 "id": "41", 
	 "label": "{'changeType': 'Delete', 'type': 'object', 'className': 'EAnnotation', 'attributes': {'id': '_Zmoh4N6tEei97MD7GK1RmA', 'source':'http://www.eclipse.org/emf/2002/GenModel','details':['org.eclipse.emf.ecore.impl.EStringToStringMapEntryImpl@475a850 (key: documentation, value: Proxy for a type)'],'eModelElement':'TypedElement'}}" 
},{
	 "id": "42", 
	 "label": "{'changeType': 'Delete', 'type': 'object', 'className': 'EClass', 'attributes': {'id': '_Zmoh396tEei97MD7GK1RmA', 'eAnnotations':['org.eclipse.emf.ecore.impl.EAnnotationImpl@4c5a097e (source: http://www.eclipse.org/emf/2002/GenModel)'],'name':'TypedElement','ePackage':'declaration','abstract':'true','interface':'false','eStructuralFeatures':['many','classifier','classifierName']}}" 
},{
	 "id": "43", 
	 "label": "{'changeType': 'Preserve', 'type': 'object', 'className': 'EPackage', 'attributes': {'id': '_ZmohYd6tEei97MD7GK1RmA', 'eAnnotations':['org.eclipse.emf.ecore.impl.EAnnotationImpl@760afe8e (source: http://www.eclipse.org/emf/2002/GenModel)'],'name':'declaration','nsURI':'http://www.eclipse.org/emf/edapt/declaration/0.3','nsPrefix':'declaration','eFactoryInstance':'org.eclipse.emf.ecore.impl.EFactoryImpl@6f8eae45','eClassifiers':['IdentifiedElement','DescribedElement','LabeledElement','Library','Operation','Placeholder','Parameter','Variable','Constraint','TypedElement']}}" 
},{
	 "id": "44", 
	 "label": "{'changeType': 'Preserve', 'type': 'object', 'className': 'EAnnotation', 'attributes': {'id': '_ZmohYt6tEei97MD7GK1RmA', 'source':'http://www.eclipse.org/emf/2002/GenModel','details':['org.eclipse.emf.ecore.impl.EStringToStringMapEntryImpl@79601227 (key: documentation, value: Metamodel for the declaration of operations)'],'eModelElement':'declaration'}}" 
},{
	 "id": "45", 
	 "label": "{'changeType': 'Preserve', 'type': 'object', 'className': 'EStringToStringMapEntry', 'attributes': {'id': '_ZmohY96tEei97MD7GK1RmA', 'key':'documentation','value':'Metamodel for the declaration of operations'}}" 
},{
	 "id": "46", 
	 "label": "{'changeType': 'Preserve', 'type': 'object', 'className': 'EClass', 'attributes': {'id': '_ZmohZN6tEei97MD7GK1RmA', 'eAnnotations':['org.eclipse.emf.ecore.impl.EAnnotationImpl@19b52b60 (source: http://www.eclipse.org/emf/2002/GenModel)'],'name':'IdentifiedElement','ePackage':'declaration','abstract':'true','interface':'false','eStructuralFeatures':['name']}}" 
},{
	 "id": "47", 
	 "label": "{'changeType': 'Preserve', 'type': 'object', 'className': 'EAnnotation', 'attributes': {'id': '_ZmohZd6tEei97MD7GK1RmA', 'source':'http://www.eclipse.org/emf/2002/GenModel','details':['org.eclipse.emf.ecore.impl.EStringToStringMapEntryImpl@386a5856 (key: documentation, value: Base class for elements which are identified by a name )'],'eModelElement':'IdentifiedElement'}}" 
},{
	 "id": "48", 
	 "label": "{'changeType': 'Preserve', 'type': 'object', 'className': 'EStringToStringMapEntry', 'attributes': {'id': '_ZmohZt6tEei97MD7GK1RmA', 'key':'documentation','value':'Base class for elements which are identified by a name '}}" 
},{
	 "id": "49", 
	 "label": "{'changeType': 'Preserve', 'type': 'object', 'className': 'EAttribute', 'attributes': {'id': '_ZmohZ96tEei97MD7GK1RmA', 'eAnnotations':['org.eclipse.emf.ecore.impl.EAnnotationImpl@7e59eb91 (source: http://www.eclipse.org/emf/2002/GenModel)'],'name':'name','ordered':'true','unique':'true','lowerBound':'1','upperBound':'1','many':'false','required':'true','eType':'EString','eGenericType':'org.eclipse.emf.ecore.impl.EGenericTypeImpl@24c5786f (expression: EString)','changeable':'true','volatile':'false','transient':'false','unsettable':'false','derived':'false','eContainingClass':'IdentifiedElement','iD':'false','eAttributeType':'EString'}}" 
},{
	 "id": "50", 
	 "label": "{'changeType': 'Preserve', 'type': 'object', 'className': 'EAnnotation', 'attributes': {'id': '_ZmohaN6tEei97MD7GK1RmA', 'source':'http://www.eclipse.org/emf/2002/GenModel','details':['org.eclipse.emf.ecore.impl.EStringToStringMapEntryImpl@4e072111 (key: documentation, value: Identifier)'],'eModelElement':'name'}}" 
},{
	 "id": "51", 
	 "label": "{'changeType': 'Preserve', 'type': 'object', 'className': 'EStringToStringMapEntry', 'attributes': {'id': '_Zmohad6tEei97MD7GK1RmA', 'key':'documentation','value':'Identifier'}}" 
},{
	 "id": "52", 
	 "label": "{'changeType': 'Preserve', 'type': 'object', 'className': 'EAttribute', 'attributes': {'id': '_Zmohbt6tEei97MD7GK1RmA', 'eAnnotations':['org.eclipse.emf.ecore.impl.EAnnotationImpl@49f0fd52 (source: http://www.eclipse.org/emf/2002/GenModel)'],'name':'description','ordered':'true','unique':'true','lowerBound':'0','upperBound':'1','many':'false','required':'false','eType':'EString','eGenericType':'org.eclipse.emf.ecore.impl.EGenericTypeImpl@7bcf7218 (expression: EString)','changeable':'true','volatile':'false','transient':'false','unsettable':'false','derived':'false','eContainingClass':'DescribedElement','iD':'false','eAttributeType':'EString'}}" 
},{
	 "id": "53", 
	 "label": "{'changeType': 'Preserve', 'type': 'object', 'className': 'EAnnotation', 'attributes': {'id': '_Zmohb96tEei97MD7GK1RmA', 'source':'http://www.eclipse.org/emf/2002/GenModel','details':['org.eclipse.emf.ecore.impl.EStringToStringMapEntryImpl@2a758a39 (key: documentation, value: Description for the metamodeler to be able to understand the parameter)'],'eModelElement':'description'}}" 
},{
	 "id": "54", 
	 "label": "{'changeType': 'Preserve', 'type': 'object', 'className': 'EStringToStringMapEntry', 'attributes': {'id': '_ZmohcN6tEei97MD7GK1RmA', 'key':'documentation','value':'Description for the metamodeler to be able to understand the parameter'}}" 
},{
	 "id": "55", 
	 "label": "{'changeType': 'Preserve', 'type': 'object', 'className': 'EClass', 'attributes': {'id': '_Zmohed6tEei97MD7GK1RmA', 'eAnnotations':['org.eclipse.emf.ecore.impl.EAnnotationImpl@5db8633 (source: http://www.eclipse.org/emf/2002/GenModel)'],'name':'Library','ePackage':'declaration','abstract':'false','interface':'false','eOperations':['getOperation','getCode'],'eStructuralFeatures':['operations','implementation']}}" 
},{
	 "id": "56", 
	 "label": "{'changeType': 'Preserve', 'type': 'object', 'className': 'EAnnotation', 'attributes': {'id': '_Zmohet6tEei97MD7GK1RmA', 'source':'http://www.eclipse.org/emf/2002/GenModel','details':['org.eclipse.emf.ecore.impl.EStringToStringMapEntryImpl@14154501 (key: documentation, value: Container for a set of coupled evolution operations)'],'eModelElement':'Library'}}" 
},{
	 "id": "57", 
	 "label": "{'changeType': 'Preserve', 'type': 'object', 'className': 'EStringToStringMapEntry', 'attributes': {'id': '_Zmohe96tEei97MD7GK1RmA', 'key':'documentation','value':'Container for a set of coupled evolution operations'}}" 
},{
	 "id": "58", 
	 "label": "{'changeType': 'Preserve', 'type': 'object', 'className': 'EOperation', 'attributes': {'id': '_ZmohfN6tEei97MD7GK1RmA', 'eAnnotations':['org.eclipse.emf.ecore.impl.EAnnotationImpl@25ea35ee (source: http://www.eclipse.org/emf/2002/GenModel)'],'name':'getOperation','ordered':'true','unique':'true','lowerBound':'0','upperBound':'1','many':'false','required':'false','eType':'Operation','eGenericType':'org.eclipse.emf.ecore.impl.EGenericTypeImpl@6900b8fb (expression: Operation)','eContainingClass':'Library','eParameters':['name']}}" 
},{
	 "id": "59", 
	 "label": "{'changeType': 'Preserve', 'type': 'object', 'className': 'EAnnotation', 'attributes': {'id': '_Zmohfd6tEei97MD7GK1RmA', 'source':'http://www.eclipse.org/emf/2002/GenModel','details':['org.eclipse.emf.ecore.impl.EStringToStringMapEntryImpl@7c59d57e (key: documentation, value: Helper method to determine the operation in the library with a certain name)'],'eModelElement':'getOperation'}}" 
},{
	 "id": "60", 
	 "label": "{'changeType': 'Preserve', 'type': 'object', 'className': 'EStringToStringMapEntry', 'attributes': {'id': '_Zmohft6tEei97MD7GK1RmA', 'key':'documentation','value':'Helper method to determine the operation in the library with a certain name'}}" 
},{
	 "id": "61", 
	 "label": "{'changeType': 'Preserve', 'type': 'object', 'className': 'EParameter', 'attributes': {'id': '_Zmohf96tEei97MD7GK1RmA', 'name':'name','ordered':'true','unique':'true','lowerBound':'0','upperBound':'1','many':'false','required':'false','eType':'EString','eGenericType':'org.eclipse.emf.ecore.impl.EGenericTypeImpl@7bb3761 (expression: EString)','eOperation':'getOperation'}}" 
},{
	 "id": "62", 
	 "label": "{'changeType': 'Preserve', 'type': 'object', 'className': 'EOperation', 'attributes': {'id': '_Zmohgd6tEei97MD7GK1RmA', 'eAnnotations':['org.eclipse.emf.ecore.impl.EAnnotationImpl@41cafe07 (source: http://www.eclipse.org/emf/2002/GenModel)'],'name':'getCode','ordered':'true','unique':'true','lowerBound':'0','upperBound':'1','many':'false','required':'false','eType':'EString','eGenericType':'org.eclipse.emf.ecore.impl.EGenericTypeImpl@80c3e61 (expression: EString)','eContainingClass':'Library'}}" 
},{
	 "id": "63", 
	 "label": "{'changeType': 'Preserve', 'type': 'object', 'className': 'EAnnotation', 'attributes': {'id': '_Zmohgt6tEei97MD7GK1RmA', 'source':'http://www.eclipse.org/emf/2002/GenModel','details':['org.eclipse.emf.ecore.impl.EStringToStringMapEntryImpl@56520bf5 (key: documentation, value: Helper method to access the code implementing the operations declared in the library)'],'eModelElement':'getCode'}}" 
},{
	 "id": "64", 
	 "label": "{'changeType': 'Preserve', 'type': 'object', 'className': 'EStringToStringMapEntry', 'attributes': {'id': '_Zmohg96tEei97MD7GK1RmA', 'key':'documentation','value':'Helper method to access the code implementing the operations declared in the library'}}" 
},{
	 "id": "65", 
	 "label": "{'changeType': 'Preserve', 'type': 'object', 'className': 'EReference', 'attributes': {'id': '_Zmohhd6tEei97MD7GK1RmA', 'eAnnotations':['org.eclipse.emf.ecore.impl.EAnnotationImpl@3c313a10 (source: http://www.eclipse.org/emf/2002/GenModel)'],'name':'operations','ordered':'true','unique':'true','lowerBound':'0','upperBound':'-1','many':'true','required':'false','eType':'Operation','eGenericType':'org.eclipse.emf.ecore.impl.EGenericTypeImpl@4074f5a9 (expression: Operation)','changeable':'true','volatile':'false','transient':'false','unsettable':'false','derived':'false','eContainingClass':'Library','containment':'true','container':'false','resolveProxies':'true','eOpposite':'library','eReferenceType':'Operation'}}" 
},{
	 "id": "66", 
	 "label": "{'changeType': 'Preserve', 'type': 'object', 'className': 'EAnnotation', 'attributes': {'id': '_Zmohht6tEei97MD7GK1RmA', 'source':'http://www.eclipse.org/emf/2002/GenModel','details':['org.eclipse.emf.ecore.impl.EStringToStringMapEntryImpl@7afa93c0 (key: documentation, value: Set of coupled evolution operations)'],'eModelElement':'operations'}}" 
},{
	 "id": "67", 
	 "label": "{'changeType': 'Preserve', 'type': 'object', 'className': 'EStringToStringMapEntry', 'attributes': {'id': '_Zmohh96tEei97MD7GK1RmA', 'key':'documentation','value':'Set of coupled evolution operations'}}" 
},{
	 "id": "68", 
	 "label": "{'changeType': 'Preserve', 'type': 'object', 'className': 'EAttribute', 'attributes': {'id': '_ZmohiN6tEei97MD7GK1RmA', 'eAnnotations':['org.eclipse.emf.ecore.impl.EAnnotationImpl@57a90564 (source: http://www.eclipse.org/emf/2002/GenModel)'],'name':'implementation','ordered':'true','unique':'true','lowerBound':'1','upperBound':'1','many':'false','required':'true','eType':'EString','eGenericType':'org.eclipse.emf.ecore.impl.EGenericTypeImpl@4cb7bf37 (expression: EString)','changeable':'true','volatile':'false','transient':'false','unsettable':'false','derived':'false','eContainingClass':'Library','iD':'false','eAttributeType':'EString'}}" 
},{
	 "id": "69", 
	 "label": "{'changeType': 'Preserve', 'type': 'object', 'className': 'EAnnotation', 'attributes': {'id': '_Zmohid6tEei97MD7GK1RmA', 'source':'http://www.eclipse.org/emf/2002/GenModel','details':['org.eclipse.emf.ecore.impl.EStringToStringMapEntryImpl@62fd543b (key: documentation, value: Relative path to the code implementing the operations of the library)'],'eModelElement':'implementation'}}" 
},{
	 "id": "70", 
	 "label": "{'changeType': 'Preserve', 'type': 'object', 'className': 'EStringToStringMapEntry', 'attributes': {'id': '_Zmohit6tEei97MD7GK1RmA', 'key':'documentation','value':'Relative path to the code implementing the operations of the library'}}" 
},{
	 "id": "71", 
	 "label": "{'changeType': 'Preserve', 'type': 'object', 'className': 'EAnnotation', 'attributes': {'id': '_Zmohjd6tEei97MD7GK1RmA', 'source':'http://www.eclipse.org/emf/2002/GenModel','details':['org.eclipse.emf.ecore.impl.EStringToStringMapEntryImpl@299ae80b (key: documentation, value: Coupled evolution operation)'],'eModelElement':'Operation'}}" 
},{
	 "id": "72", 
	 "label": "{'changeType': 'Preserve', 'type': 'object', 'className': 'EStringToStringMapEntry', 'attributes': {'id': '_Zmohjt6tEei97MD7GK1RmA', 'key':'documentation','value':'Coupled evolution operation'}}" 
},{
	 "id": "73", 
	 "label": "{'changeType': 'Preserve', 'type': 'object', 'className': 'EOperation', 'attributes': {'id': '_Zmohj96tEei97MD7GK1RmA', 'eAnnotations':['org.eclipse.emf.ecore.impl.EAnnotationImpl@224db8a2 (source: http://www.eclipse.org/emf/2002/GenModel)'],'name':'getParameter','ordered':'true','unique':'true','lowerBound':'0','upperBound':'1','many':'false','required':'false','eType':'Parameter','eGenericType':'org.eclipse.emf.ecore.impl.EGenericTypeImpl@48e2c8eb (expression: Parameter)','eContainingClass':'Operation','eParameters':['name']}}" 
},{
	 "id": "74", 
	 "label": "{'changeType': 'Preserve', 'type': 'object', 'className': 'EAnnotation', 'attributes': {'id': '_ZmohkN6tEei97MD7GK1RmA', 'source':'http://www.eclipse.org/emf/2002/GenModel','details':['org.eclipse.emf.ecore.impl.EStringToStringMapEntryImpl@59357bbc (key: documentation, value: Helper method to determine the parameter of the operation with a certain name)'],'eModelElement':'getParameter'}}" 
},{
	 "id": "75", 
	 "label": "{'changeType': 'Preserve', 'type': 'object', 'className': 'EStringToStringMapEntry', 'attributes': {'id': '_Zmohkd6tEei97MD7GK1RmA', 'key':'documentation','value':'Helper method to determine the parameter of the operation with a certain name'}}" 
},{
	 "id": "76", 
	 "label": "{'changeType': 'Preserve', 'type': 'object', 'className': 'EParameter', 'attributes': {'id': '_Zmohkt6tEei97MD7GK1RmA', 'name':'name','ordered':'true','unique':'true','lowerBound':'0','upperBound':'1','many':'false','required':'false','eType':'EString','eGenericType':'org.eclipse.emf.ecore.impl.EGenericTypeImpl@1a22b679 (expression: EString)','eOperation':'getParameter'}}" 
},{
	 "id": "77", 
	 "label": "{'changeType': 'Preserve', 'type': 'object', 'className': 'EOperation', 'attributes': {'id': '_Zmohmd6tEei97MD7GK1RmA', 'eAnnotations':['org.eclipse.emf.ecore.impl.EAnnotationImpl@2bb7d17c (source: http://www.eclipse.org/emf/2002/GenModel)'],'name':'getMainParameter','ordered':'true','unique':'true','lowerBound':'0','upperBound':'1','many':'false','required':'false','eType':'Parameter','eGenericType':'org.eclipse.emf.ecore.impl.EGenericTypeImpl@1cf65469 (expression: Parameter)','eContainingClass':'Operation'}}" 
},{
	 "id": "78", 
	 "label": "{'changeType': 'Preserve', 'type': 'object', 'className': 'EAnnotation', 'attributes': {'id': '_Zmohmt6tEei97MD7GK1RmA', 'source':'http://www.eclipse.org/emf/2002/GenModel','details':['org.eclipse.emf.ecore.impl.EStringToStringMapEntryImpl@5e6f0503 (key: documentation, value: Helper method to determine the main parameter of the operation, i.e. the parameter with main set to true)'],'eModelElement':'getMainParameter'}}" 
},{
	 "id": "79", 
	 "label": "{'changeType': 'Preserve', 'type': 'object', 'className': 'EStringToStringMapEntry', 'attributes': {'id': '_Zmohm96tEei97MD7GK1RmA', 'key':'documentation','value':'Helper method to determine the main parameter of the operation, i.e. the parameter with main set to true'}}" 
},{
	 "id": "80", 
	 "label": "{'changeType': 'Preserve', 'type': 'object', 'className': 'EOperation', 'attributes': {'id': '_ZmohnN6tEei97MD7GK1RmA', 'name':'refines','ordered':'true','unique':'true','lowerBound':'0','upperBound':'1','many':'false','required':'false','eType':'EBoolean','eGenericType':'org.eclipse.emf.ecore.impl.EGenericTypeImpl@162abdb3 (expression: EBoolean)','eContainingClass':'Operation'}}" 
},{
	 "id": "81", 
	 "label": "{'changeType': 'Preserve', 'type': 'object', 'className': 'EReference', 'attributes': {'id': '_Zmohnt6tEei97MD7GK1RmA', 'eAnnotations':['org.eclipse.emf.ecore.impl.EAnnotationImpl@22da2798 (source: http://www.eclipse.org/emf/2002/GenModel)'],'name':'library','ordered':'true','unique':'true','lowerBound':'1','upperBound':'1','many':'false','required':'true','eType':'Library','eGenericType':'org.eclipse.emf.ecore.impl.EGenericTypeImpl@25e2e845 (expression: Library)','changeable':'true','volatile':'false','transient':'false','unsettable':'false','derived':'false','eContainingClass':'Operation','containment':'false','container':'true','resolveProxies':'true','eOpposite':'operations','eReferenceType':'Library'}}" 
},{
	 "id": "82", 
	 "label": "{'changeType': 'Preserve', 'type': 'object', 'className': 'EAnnotation', 'attributes': {'id': '_Zmohn96tEei97MD7GK1RmA', 'source':'http://www.eclipse.org/emf/2002/GenModel','details':['org.eclipse.emf.ecore.impl.EStringToStringMapEntryImpl@61ded155 (key: documentation, value: Library to which the operation belongs)'],'eModelElement':'library'}}" 
},{
	 "id": "83", 
	 "label": "{'changeType': 'Preserve', 'type': 'object', 'className': 'EStringToStringMapEntry', 'attributes': {'id': '_ZmohoN6tEei97MD7GK1RmA', 'key':'documentation','value':'Library to which the operation belongs'}}" 
},{
	 "id": "84", 
	 "label": "{'changeType': 'Preserve', 'type': 'object', 'className': 'EReference', 'attributes': {'id': '_Zmohod6tEei97MD7GK1RmA', 'eAnnotations':['org.eclipse.emf.ecore.impl.EAnnotationImpl@4dc0ca40 (source: http://www.eclipse.org/emf/2002/GenModel)'],'name':'parameters','ordered':'true','unique':'true','lowerBound':'0','upperBound':'-1','many':'true','required':'false','eType':'Parameter','eGenericType':'org.eclipse.emf.ecore.impl.EGenericTypeImpl@7b4833e3 (expression: Parameter)','changeable':'true','volatile':'false','transient':'false','unsettable':'false','derived':'false','eContainingClass':'Operation','containment':'true','container':'false','resolveProxies':'true','eOpposite':'operation','eReferenceType':'Parameter'}}" 
},{
	 "id": "85", 
	 "label": "{'changeType': 'Preserve', 'type': 'object', 'className': 'EAnnotation', 'attributes': {'id': '_Zmohot6tEei97MD7GK1RmA', 'source':'http://www.eclipse.org/emf/2002/GenModel','details':['org.eclipse.emf.ecore.impl.EStringToStringMapEntryImpl@3e55d287 (key: documentation, value: A list of parameters of the coupled evolution operations)'],'eModelElement':'parameters'}}" 
},{
	 "id": "86", 
	 "label": "{'changeType': 'Preserve', 'type': 'object', 'className': 'EStringToStringMapEntry', 'attributes': {'id': '_Zmoho96tEei97MD7GK1RmA', 'key':'documentation','value':'A list of parameters of the coupled evolution operations'}}" 
},{
	 "id": "87", 
	 "label": "{'changeType': 'Preserve', 'type': 'object', 'className': 'EReference', 'attributes': {'id': '_ZmohpN6tEei97MD7GK1RmA', 'eAnnotations':['org.eclipse.emf.ecore.impl.EAnnotationImpl@4307dbb1 (source: http://www.eclipse.org/emf/2002/GenModel)'],'name':'constraints','ordered':'true','unique':'true','lowerBound':'0','upperBound':'-1','many':'true','required':'false','eType':'Constraint','eGenericType':'org.eclipse.emf.ecore.impl.EGenericTypeImpl@253309f1 (expression: Constraint)','changeable':'true','volatile':'false','transient':'false','unsettable':'false','derived':'false','eContainingClass':'Operation','containment':'true','container':'false','resolveProxies':'true','eOpposite':'operation','eReferenceType':'Constraint'}}" 
},{
	 "id": "88", 
	 "label": "{'changeType': 'Preserve', 'type': 'object', 'className': 'EAnnotation', 'attributes': {'id': '_Zmohpd6tEei97MD7GK1RmA', 'source':'http://www.eclipse.org/emf/2002/GenModel','details':['org.eclipse.emf.ecore.impl.EStringToStringMapEntryImpl@85e8b5b (key: documentation, value: A list of constraints restricting the executability of the coupled evolution operation)'],'eModelElement':'constraints'}}" 
},{
	 "id": "89", 
	 "label": "{'changeType': 'Preserve', 'type': 'object', 'className': 'EStringToStringMapEntry', 'attributes': {'id': '_Zmohpt6tEei97MD7GK1RmA', 'key':'documentation','value':'A list of constraints restricting the executability of the coupled evolution operation'}}" 
},{
	 "id": "90", 
	 "label": "{'changeType': 'Preserve', 'type': 'object', 'className': 'EAttribute', 'attributes': {'id': '_Zmohqt6tEei97MD7GK1RmA', 'eAnnotations':['org.eclipse.emf.ecore.impl.EAnnotationImpl@62f81974 (source: http://www.eclipse.org/emf/2002/GenModel)'],'name':'deprecated','ordered':'true','unique':'true','lowerBound':'0','upperBound':'1','many':'false','required':'false','eType':'EBoolean','eGenericType':'org.eclipse.emf.ecore.impl.EGenericTypeImpl@2357aa5c (expression: EBoolean)','changeable':'true','volatile':'false','transient':'false','defaultValueLiteral':'false','defaultValue':'false','unsettable':'false','derived':'false','eContainingClass':'Operation','iD':'false','eAttributeType':'EBoolean'}}" 
},{
	 "id": "91", 
	 "label": "{'changeType': 'Preserve', 'type': 'object', 'className': 'EAnnotation', 'attributes': {'id': '_Zmohq96tEei97MD7GK1RmA', 'source':'http://www.eclipse.org/emf/2002/GenModel','details':['org.eclipse.emf.ecore.impl.EStringToStringMapEntryImpl@40a38379 (key: documentation, value: Whether this operation should no longer be used)'],'eModelElement':'deprecated'}}" 
},{
	 "id": "92", 
	 "label": "{'changeType': 'Preserve', 'type': 'object', 'className': 'EStringToStringMapEntry', 'attributes': {'id': '_ZmohrN6tEei97MD7GK1RmA', 'key':'documentation','value':'Whether this operation should no longer be used'}}" 
},{
	 "id": "93", 
	 "label": "{'changeType': 'Preserve', 'type': 'object', 'className': 'EAttribute', 'attributes': {'id': '_Zmohst6tEei97MD7GK1RmA', 'name':'before','ordered':'true','unique':'true','lowerBound':'0','upperBound':'1','many':'false','required':'false','eType':'EString','eGenericType':'org.eclipse.emf.ecore.impl.EGenericTypeImpl@305f136f (expression: EString)','changeable':'true','volatile':'false','transient':'false','unsettable':'false','derived':'false','eContainingClass':'Operation','iD':'false','eAttributeType':'EString'}}" 
},{
	 "id": "94", 
	 "label": "{'changeType': 'Preserve', 'type': 'object', 'className': 'EAttribute', 'attributes': {'id': '_ZmohtN6tEei97MD7GK1RmA', 'name':'after','ordered':'true','unique':'true','lowerBound':'0','upperBound':'1','many':'false','required':'false','eType':'EString','eGenericType':'org.eclipse.emf.ecore.impl.EGenericTypeImpl@7478cc74 (expression: EString)','changeable':'true','volatile':'false','transient':'false','unsettable':'false','derived':'false','eContainingClass':'Operation','iD':'false','eAttributeType':'EString'}}" 
},{
	 "id": "95", 
	 "label": "{'changeType': 'Preserve', 'type': 'object', 'className': 'EAttribute', 'attributes': {'id': '_ZnOXlt6tEei97MD7GK1RmA', 'name':'implementation','ordered':'true','unique':'true','lowerBound':'1','upperBound':'1','many':'false','required':'true','eType':'EJavaClass','eGenericType':'org.eclipse.emf.ecore.impl.EGenericTypeImpl@7f8a893c (expression: EJavaClass<?>)','changeable':'true','volatile':'false','transient':'true','unsettable':'false','derived':'false','eContainingClass':'Operation','iD':'false','eAttributeType':'EJavaClass'}}" 
},{
	 "id": "96", 
	 "label": "{'changeType': 'Preserve', 'type': 'object', 'className': 'EGenericType', 'attributes': {'id': '//Operation/implementation/@eGenericType', 'eTypeArguments':['org.eclipse.emf.ecore.impl.EGenericTypeImpl@142f8a5c (expression: ?)'],'eRawType':'EJavaClass','eClassifier':'EJavaClass'}}" 
},{
	 "id": "97", 
	 "label": "{'changeType': 'Preserve', 'type': 'object', 'className': 'EGenericType', 'attributes': {'id': '_ZnOXmN6tEei97MD7GK1RmA', 'eRawType':'EJavaObject'}}" 
},{
	 "id": "98", 
	 "label": "{'changeType': 'Preserve', 'type': 'object', 'className': 'EAttribute', 'attributes': {'id': '_Zmohdd6tEei97MD7GK1RmA', 'eAnnotations':['org.eclipse.emf.ecore.impl.EAnnotationImpl@33d02552 (source: http://www.eclipse.org/emf/2002/GenModel)'],'name':'label','ordered':'true','unique':'true','lowerBound':'1','upperBound':'1','many':'false','required':'true','eType':'EString','eGenericType':'org.eclipse.emf.ecore.impl.EGenericTypeImpl@2677ca73 (expression: EString)','changeable':'true','volatile':'false','transient':'false','unsettable':'false','derived':'false','eContainingClass':'LabeledElement','iD':'false','eAttributeType':'EString'}}" 
},{
	 "id": "99", 
	 "label": "{'changeType': 'Preserve', 'type': 'object', 'className': 'EAnnotation', 'attributes': {'id': '_Zmohdt6tEei97MD7GK1RmA', 'source':'http://www.eclipse.org/emf/2002/GenModel','details':['org.eclipse.emf.ecore.impl.EStringToStringMapEntryImpl@48fb2485 (key: documentation, value: Label for an element)'],'eModelElement':'label'}}" 
},{
	 "id": "100", 
	 "label": "{'changeType': 'Preserve', 'type': 'object', 'className': 'EStringToStringMapEntry', 'attributes': {'id': '_Zmohd96tEei97MD7GK1RmA', 'key':'documentation','value':'Label for an element'}}" 
},{
	 "id": "101", 
	 "label": "{'changeType': 'Preserve', 'type': 'object', 'className': 'EAnnotation', 'attributes': {'id': '_Zmohvt6tEei97MD7GK1RmA', 'source':'http://www.eclipse.org/emf/2002/GenModel','details':['org.eclipse.emf.ecore.impl.EStringToStringMapEntryImpl@36bc1a14 (key: documentation, value: A parameter of an operation)'],'eModelElement':'Parameter'}}" 
},{
	 "id": "102", 
	 "label": "{'changeType': 'Preserve', 'type': 'object', 'className': 'EStringToStringMapEntry', 'attributes': {'id': '_Zmohv96tEei97MD7GK1RmA', 'key':'documentation','value':'A parameter of an operation'}}" 
},{
	 "id": "103", 
	 "label": "{'changeType': 'Preserve', 'type': 'object', 'className': 'EReference', 'attributes': {'id': '_ZmohwN6tEei97MD7GK1RmA', 'eAnnotations':['org.eclipse.emf.ecore.impl.EAnnotationImpl@d56e7d9 (source: http://www.eclipse.org/emf/2002/GenModel)'],'name':'operation','ordered':'true','unique':'true','lowerBound':'1','upperBound':'1','many':'false','required':'true','eType':'Operation','eGenericType':'org.eclipse.emf.ecore.impl.EGenericTypeImpl@4bef4b13 (expression: Operation)','changeable':'true','volatile':'false','transient':'false','unsettable':'false','derived':'false','eContainingClass':'Parameter','containment':'false','container':'true','resolveProxies':'true','eOpposite':'parameters','eReferenceType':'Operation'}}" 
},{
	 "id": "104", 
	 "label": "{'changeType': 'Preserve', 'type': 'object', 'className': 'EAnnotation', 'attributes': {'id': '_Zmohwd6tEei97MD7GK1RmA', 'source':'http://www.eclipse.org/emf/2002/GenModel','details':['org.eclipse.emf.ecore.impl.EStringToStringMapEntryImpl@5b6c20dd (key: documentation, value: Operation to which the parameter belongs)'],'eModelElement':'operation'}}" 
},{
	 "id": "105", 
	 "label": "{'changeType': 'Preserve', 'type': 'object', 'className': 'EStringToStringMapEntry', 'attributes': {'id': '_Zmohwt6tEei97MD7GK1RmA', 'key':'documentation','value':'Operation to which the parameter belongs'}}" 
},{
	 "id": "106", 
	 "label": "{'changeType': 'Preserve', 'type': 'object', 'className': 'EAttribute', 'attributes': {'id': '_Zmohw96tEei97MD7GK1RmA', 'eAnnotations':['org.eclipse.emf.ecore.impl.EAnnotationImpl@b312a4d (source: http://www.eclipse.org/emf/2002/GenModel)'],'name':'required','ordered':'true','unique':'true','lowerBound':'0','upperBound':'1','many':'false','required':'false','eType':'EBoolean','eGenericType':'org.eclipse.emf.ecore.impl.EGenericTypeImpl@bb3c8e4 (expression: EBoolean)','changeable':'true','volatile':'false','transient':'false','defaultValueLiteral':'true','defaultValue':'true','unsettable':'false','derived':'false','eContainingClass':'Parameter','iD':'false','eAttributeType':'EBoolean'}}" 
},{
	 "id": "107", 
	 "label": "{'changeType': 'Preserve', 'type': 'object', 'className': 'EAnnotation', 'attributes': {'id': '_ZmohxN6tEei97MD7GK1RmA', 'source':'http://www.eclipse.org/emf/2002/GenModel','details':['org.eclipse.emf.ecore.impl.EStringToStringMapEntryImpl@31637cdd (key: documentation, value: Whether the parameter is required to be set for allowing an operation to be executed)'],'eModelElement':'required'}}" 
},{
	 "id": "108", 
	 "label": "{'changeType': 'Preserve', 'type': 'object', 'className': 'EStringToStringMapEntry', 'attributes': {'id': '_Zmohxd6tEei97MD7GK1RmA', 'key':'documentation','value':'Whether the parameter is required to be set for allowing an operation to be executed'}}" 
},{
	 "id": "109", 
	 "label": "{'changeType': 'Preserve', 'type': 'object', 'className': 'EAttribute', 'attributes': {'id': '_Zmohy96tEei97MD7GK1RmA', 'eAnnotations':['org.eclipse.emf.ecore.impl.EAnnotationImpl@3d8cf01b (source: http://www.eclipse.org/emf/2002/GenModel)'],'name':'main','ordered':'true','unique':'true','lowerBound':'0','upperBound':'1','many':'false','required':'false','eType':'EBoolean','eGenericType':'org.eclipse.emf.ecore.impl.EGenericTypeImpl@20332aee (expression: EBoolean)','changeable':'true','volatile':'false','transient':'false','defaultValue':'false','unsettable':'false','derived':'false','eContainingClass':'Parameter','iD':'false','eAttributeType':'EBoolean'}}" 
},{
	 "id": "110", 
	 "label": "{'changeType': 'Preserve', 'type': 'object', 'className': 'EAnnotation', 'attributes': {'id': '_ZmohzN6tEei97MD7GK1RmA', 'source':'http://www.eclipse.org/emf/2002/GenModel','details':['org.eclipse.emf.ecore.impl.EStringToStringMapEntryImpl@3e856c79 (key: documentation, value: Whether the parameter is determined by selection (at most one parameter for unambiguousness))'],'eModelElement':'main'}}" 
},{
	 "id": "111", 
	 "label": "{'changeType': 'Preserve', 'type': 'object', 'className': 'EStringToStringMapEntry', 'attributes': {'id': '_Zmohzd6tEei97MD7GK1RmA', 'key':'documentation','value':'Whether the parameter is determined by selection (at most one parameter for unambiguousness)'}}" 
},{
	 "id": "112", 
	 "label": "{'changeType': 'Preserve', 'type': 'object', 'className': 'EAttribute', 'attributes': {'id': '_Zmoh4t6tEei97MD7GK1RmA', 'eAnnotations':['org.eclipse.emf.ecore.impl.EAnnotationImpl@74852cc8 (source: http://www.eclipse.org/emf/2002/GenModel)'],'name':'many','ordered':'true','unique':'true','lowerBound':'0','upperBound':'1','many':'false','required':'false','eType':'EBoolean','eGenericType':'org.eclipse.emf.ecore.impl.EGenericTypeImpl@4196c8a6 (expression: EBoolean)','changeable':'true','volatile':'false','transient':'false','defaultValue':'false','unsettable':'false','derived':'false','eContainingClass':'TypedElement','iD':'false','eAttributeType':'EBoolean'}}" 
},{
	 "id": "113", 
	 "label": "{'changeType': 'Preserve', 'type': 'object', 'className': 'EAnnotation', 'attributes': {'id': '_Zmoh496tEei97MD7GK1RmA', 'source':'http://www.eclipse.org/emf/2002/GenModel','details':['org.eclipse.emf.ecore.impl.EStringToStringMapEntryImpl@6808dadf (key: documentation, value: Whether the type is multi-valued)'],'eModelElement':'many'}}" 
},{
	 "id": "114", 
	 "label": "{'changeType': 'Preserve', 'type': 'object', 'className': 'EStringToStringMapEntry', 'attributes': {'id': '_Zmoh5N6tEei97MD7GK1RmA', 'key':'documentation','value':'Whether the type is multi-valued'}}" 
},{
	 "id": "115", 
	 "label": "{'changeType': 'Preserve', 'type': 'object', 'className': 'EReference', 'attributes': {'id': '_Zmoh5t6tEei97MD7GK1RmA', 'eAnnotations':['org.eclipse.emf.ecore.impl.EAnnotationImpl@6efb3d78 (source: http://www.eclipse.org/emf/2002/GenModel)'],'name':'classifier','ordered':'true','unique':'true','lowerBound':'1','upperBound':'1','many':'false','required':'true','eType':'EClassifier','eGenericType':'org.eclipse.emf.ecore.impl.EGenericTypeImpl@37afef05 (expression: EClassifier)','changeable':'true','volatile':'true','transient':'true','unsettable':'false','derived':'true','eContainingClass':'TypedElement','containment':'false','container':'false','resolveProxies':'true','eReferenceType':'EClassifier'}}" 
},{
	 "id": "116", 
	 "label": "{'changeType': 'Preserve', 'type': 'object', 'className': 'EAnnotation', 'attributes': {'id': '_Zmoh596tEei97MD7GK1RmA', 'source':'http://www.eclipse.org/emf/2002/GenModel','details':['org.eclipse.emf.ecore.impl.EStringToStringMapEntryImpl@400bdc5a (key: documentation, value: Classifier for which the type stands (the value of this reference is derived from the type's name))'],'eModelElement':'classifier'}}" 
},{
	 "id": "117", 
	 "label": "{'changeType': 'Preserve', 'type': 'object', 'className': 'EStringToStringMapEntry', 'attributes': {'id': '_Zmoh6N6tEei97MD7GK1RmA', 'key':'documentation','value':'Classifier for which the type stands (the value of this reference is derived from the type's name)'}}" 
},{
	 "id": "118", 
	 "label": "{'changeType': 'Preserve', 'type': 'object', 'className': 'EAttribute', 'attributes': {'id': '_Zmoh6t6tEei97MD7GK1RmA', 'eAnnotations':['org.eclipse.emf.ecore.impl.EAnnotationImpl@1ef6f57f (source: http://www.eclipse.org/emf/2002/GenModel)'],'name':'classifierName','ordered':'true','unique':'true','lowerBound':'1','upperBound':'1','many':'false','required':'true','eType':'EString','eGenericType':'org.eclipse.emf.ecore.impl.EGenericTypeImpl@489e1325 (expression: EString)','changeable':'true','volatile':'false','transient':'false','unsettable':'false','derived':'false','eContainingClass':'TypedElement','iD':'false','eAttributeType':'EString'}}" 
},{
	 "id": "119", 
	 "label": "{'changeType': 'Preserve', 'type': 'object', 'className': 'EAnnotation', 'attributes': {'id': '_Zmoh696tEei97MD7GK1RmA', 'source':'http://www.eclipse.org/emf/2002/GenModel','details':['org.eclipse.emf.ecore.impl.EStringToStringMapEntryImpl@8103f7 (key: documentation, value: Name of the classifier for which the type stands)'],'eModelElement':'classifierName'}}" 
},{
	 "id": "120", 
	 "label": "{'changeType': 'Preserve', 'type': 'object', 'className': 'EStringToStringMapEntry', 'attributes': {'id': '_Zmoh7N6tEei97MD7GK1RmA', 'key':'documentation','value':'Name of the classifier for which the type stands'}}" 
},{
	 "id": "121", 
	 "label": "{'changeType': 'Preserve', 'type': 'object', 'className': 'EAnnotation', 'attributes': {'id': '_Zmoh1t6tEei97MD7GK1RmA', 'source':'http://www.eclipse.org/emf/2002/GenModel','details':['org.eclipse.emf.ecore.impl.EStringToStringMapEntryImpl@3fe3f12a (key: documentation, value: A constraint which determines whether an operation can be executed with a setting of parameters)'],'eModelElement':'Constraint'}}" 
},{
	 "id": "122", 
	 "label": "{'changeType': 'Preserve', 'type': 'object', 'className': 'EStringToStringMapEntry', 'attributes': {'id': '_Zmoh196tEei97MD7GK1RmA', 'key':'documentation','value':'A constraint which determines whether an operation can be executed with a setting of parameters'}}" 
},{
	 "id": "123", 
	 "label": "{'changeType': 'Preserve', 'type': 'object', 'className': 'EReference', 'attributes': {'id': '_Zmoh2N6tEei97MD7GK1RmA', 'eAnnotations':['org.eclipse.emf.ecore.impl.EAnnotationImpl@5ca01791 (source: http://www.eclipse.org/emf/2002/GenModel)'],'name':'operation','ordered':'true','unique':'true','lowerBound':'1','upperBound':'1','many':'false','required':'true','eType':'Operation','eGenericType':'org.eclipse.emf.ecore.impl.EGenericTypeImpl@579c7afd (expression: Operation)','changeable':'true','volatile':'false','transient':'false','unsettable':'false','derived':'false','eContainingClass':'Constraint','containment':'false','container':'true','resolveProxies':'true','eOpposite':'constraints','eReferenceType':'Operation'}}" 
},{
	 "id": "124", 
	 "label": "{'changeType': 'Preserve', 'type': 'object', 'className': 'EAnnotation', 'attributes': {'id': '_Zmoh2d6tEei97MD7GK1RmA', 'source':'http://www.eclipse.org/emf/2002/GenModel','details':['org.eclipse.emf.ecore.impl.EStringToStringMapEntryImpl@7cead78e (key: documentation, value: Operation to which the parameter belongs)'],'eModelElement':'operation'}}" 
},{
	 "id": "125", 
	 "label": "{'changeType': 'Preserve', 'type': 'object', 'className': 'EStringToStringMapEntry', 'attributes': {'id': '_Zmoh2t6tEei97MD7GK1RmA', 'key':'documentation','value':'Operation to which the parameter belongs'}}" 
}], 
 "links": [{
	 "source": "1", 
	 "target": "0", 
	 "label": "{'changeType': 'ADD', 'type': 'reference', 'referenceTypeName': 'eParameters'}" 
},{
	 "source": "0", 
	 "target": "1", 
	 "label": "{'changeType': 'ADD', 'type': 'reference', 'referenceTypeName': 'eOperation'}" 
},{
	 "source": "3", 
	 "target": "2", 
	 "label": "{'changeType': 'DELETE', 'type': 'reference', 'referenceTypeName': 'details'}" 
},{
	 "source": "4", 
	 "target": "3", 
	 "label": "{'changeType': 'DELETE', 'type': 'reference', 'referenceTypeName': 'eAnnotations'}" 
},{
	 "source": "3", 
	 "target": "4", 
	 "label": "{'changeType': 'DELETE', 'type': 'reference', 'referenceTypeName': 'eModelElement'}" 
},{
	 "source": "4", 
	 "target": "5", 
	 "label": "{'changeType': 'DELETE', 'type': 'reference', 'referenceTypeName': 'eParameters'}" 
},{
	 "source": "5", 
	 "target": "4", 
	 "label": "{'changeType': 'DELETE', 'type': 'reference', 'referenceTypeName': 'eOperation'}" 
},{
	 "source": "7", 
	 "target": "6", 
	 "label": "{'changeType': 'DELETE', 'type': 'reference', 'referenceTypeName': 'details'}" 
},{
	 "source": "8", 
	 "target": "7", 
	 "label": "{'changeType': 'DELETE', 'type': 'reference', 'referenceTypeName': 'eAnnotations'}" 
},{
	 "source": "7", 
	 "target": "8", 
	 "label": "{'changeType': 'DELETE', 'type': 'reference', 'referenceTypeName': 'eModelElement'}" 
},{
	 "source": "10", 
	 "target": "9", 
	 "label": "{'changeType': 'DELETE', 'type': 'reference', 'referenceTypeName': 'details'}" 
},{
	 "source": "11", 
	 "target": "10", 
	 "label": "{'changeType': 'DELETE', 'type': 'reference', 'referenceTypeName': 'eAnnotations'}" 
},{
	 "source": "10", 
	 "target": "11", 
	 "label": "{'changeType': 'DELETE', 'type': 'reference', 'referenceTypeName': 'eModelElement'}" 
},{
	 "source": "12", 
	 "target": "1", 
	 "label": "{'changeType': 'ADD', 'type': 'reference', 'referenceTypeName': 'eOperations'}" 
},{
	 "source": "1", 
	 "target": "12", 
	 "label": "{'changeType': 'ADD', 'type': 'reference', 'referenceTypeName': 'eContainingClass'}" 
},{
	 "source": "12", 
	 "target": "4", 
	 "label": "{'changeType': 'DELETE', 'type': 'reference', 'referenceTypeName': 'eOperations'}" 
},{
	 "source": "4", 
	 "target": "12", 
	 "label": "{'changeType': 'DELETE', 'type': 'reference', 'referenceTypeName': 'eContainingClass'}" 
},{
	 "source": "12", 
	 "target": "8", 
	 "label": "{'changeType': 'DELETE', 'type': 'reference', 'referenceTypeName': 'eStructuralFeatures'}" 
},{
	 "source": "8", 
	 "target": "12", 
	 "label": "{'changeType': 'DELETE', 'type': 'reference', 'referenceTypeName': 'eContainingClass'}" 
},{
	 "source": "12", 
	 "target": "11", 
	 "label": "{'changeType': 'DELETE', 'type': 'reference', 'referenceTypeName': 'eStructuralFeatures'}" 
},{
	 "source": "11", 
	 "target": "12", 
	 "label": "{'changeType': 'DELETE', 'type': 'reference', 'referenceTypeName': 'eContainingClass'}" 
},{
	 "source": "14", 
	 "target": "13", 
	 "label": "{'changeType': 'DELETE', 'type': 'reference', 'referenceTypeName': 'details'}" 
},{
	 "source": "15", 
	 "target": "14", 
	 "label": "{'changeType': 'DELETE', 'type': 'reference', 'referenceTypeName': 'eAnnotations'}" 
},{
	 "source": "14", 
	 "target": "15", 
	 "label": "{'changeType': 'DELETE', 'type': 'reference', 'referenceTypeName': 'eModelElement'}" 
},{
	 "source": "16", 
	 "target": "15", 
	 "label": "{'changeType': 'DELETE', 'type': 'reference', 'referenceTypeName': 'eStructuralFeatures'}" 
},{
	 "source": "15", 
	 "target": "16", 
	 "label": "{'changeType': 'DELETE', 'type': 'reference', 'referenceTypeName': 'eContainingClass'}" 
},{
	 "source": "18", 
	 "target": "17", 
	 "label": "{'changeType': 'DELETE', 'type': 'reference', 'referenceTypeName': 'details'}" 
},{
	 "source": "19", 
	 "target": "18", 
	 "label": "{'changeType': 'DELETE', 'type': 'reference', 'referenceTypeName': 'eAnnotations'}" 
},{
	 "source": "18", 
	 "target": "19", 
	 "label": "{'changeType': 'DELETE', 'type': 'reference', 'referenceTypeName': 'eModelElement'}" 
},{
	 "source": "21", 
	 "target": "20", 
	 "label": "{'changeType': 'ADD', 'type': 'reference', 'referenceTypeName': 'eStructuralFeatures'}" 
},{
	 "source": "20", 
	 "target": "21", 
	 "label": "{'changeType': 'ADD', 'type': 'reference', 'referenceTypeName': 'eContainingClass'}" 
},{
	 "source": "21", 
	 "target": "19", 
	 "label": "{'changeType': 'DELETE', 'type': 'reference', 'referenceTypeName': 'eStructuralFeatures'}" 
},{
	 "source": "19", 
	 "target": "21", 
	 "label": "{'changeType': 'DELETE', 'type': 'reference', 'referenceTypeName': 'eContainingClass'}" 
},{
	 "source": "23", 
	 "target": "22", 
	 "label": "{'changeType': 'DELETE', 'type': 'reference', 'referenceTypeName': 'details'}" 
},{
	 "source": "24", 
	 "target": "23", 
	 "label": "{'changeType': 'DELETE', 'type': 'reference', 'referenceTypeName': 'eAnnotations'}" 
},{
	 "source": "23", 
	 "target": "24", 
	 "label": "{'changeType': 'DELETE', 'type': 'reference', 'referenceTypeName': 'eModelElement'}" 
},{
	 "source": "26", 
	 "target": "25", 
	 "label": "{'changeType': 'DELETE', 'type': 'reference', 'referenceTypeName': 'details'}" 
},{
	 "source": "27", 
	 "target": "26", 
	 "label": "{'changeType': 'DELETE', 'type': 'reference', 'referenceTypeName': 'eAnnotations'}" 
},{
	 "source": "26", 
	 "target": "27", 
	 "label": "{'changeType': 'DELETE', 'type': 'reference', 'referenceTypeName': 'eModelElement'}" 
},{
	 "source": "29", 
	 "target": "28", 
	 "label": "{'changeType': 'DELETE', 'type': 'reference', 'referenceTypeName': 'details'}" 
},{
	 "source": "31", 
	 "target": "30", 
	 "label": "{'changeType': 'DELETE', 'type': 'reference', 'referenceTypeName': 'details'}" 
},{
	 "source": "32", 
	 "target": "31", 
	 "label": "{'changeType': 'DELETE', 'type': 'reference', 'referenceTypeName': 'eAnnotations'}" 
},{
	 "source": "31", 
	 "target": "32", 
	 "label": "{'changeType': 'DELETE', 'type': 'reference', 'referenceTypeName': 'eModelElement'}" 
},{
	 "source": "33", 
	 "target": "29", 
	 "label": "{'changeType': 'DELETE', 'type': 'reference', 'referenceTypeName': 'eAnnotations'}" 
},{
	 "source": "29", 
	 "target": "33", 
	 "label": "{'changeType': 'DELETE', 'type': 'reference', 'referenceTypeName': 'eModelElement'}" 
},{
	 "source": "33", 
	 "target": "32", 
	 "label": "{'changeType': 'DELETE', 'type': 'reference', 'referenceTypeName': 'eStructuralFeatures'}" 
},{
	 "source": "32", 
	 "target": "33", 
	 "label": "{'changeType': 'DELETE', 'type': 'reference', 'referenceTypeName': 'eContainingClass'}" 
},{
	 "source": "35", 
	 "target": "34", 
	 "label": "{'changeType': 'DELETE', 'type': 'reference', 'referenceTypeName': 'details'}" 
},{
	 "source": "37", 
	 "target": "36", 
	 "label": "{'changeType': 'DELETE', 'type': 'reference', 'referenceTypeName': 'details'}" 
},{
	 "source": "38", 
	 "target": "37", 
	 "label": "{'changeType': 'DELETE', 'type': 'reference', 'referenceTypeName': 'eAnnotations'}" 
},{
	 "source": "37", 
	 "target": "38", 
	 "label": "{'changeType': 'DELETE', 'type': 'reference', 'referenceTypeName': 'eModelElement'}" 
},{
	 "source": "39", 
	 "target": "35", 
	 "label": "{'changeType': 'DELETE', 'type': 'reference', 'referenceTypeName': 'eAnnotations'}" 
},{
	 "source": "35", 
	 "target": "39", 
	 "label": "{'changeType': 'DELETE', 'type': 'reference', 'referenceTypeName': 'eModelElement'}" 
},{
	 "source": "39", 
	 "target": "38", 
	 "label": "{'changeType': 'DELETE', 'type': 'reference', 'referenceTypeName': 'eStructuralFeatures'}" 
},{
	 "source": "38", 
	 "target": "39", 
	 "label": "{'changeType': 'DELETE', 'type': 'reference', 'referenceTypeName': 'eContainingClass'}" 
},{
	 "source": "41", 
	 "target": "40", 
	 "label": "{'changeType': 'DELETE', 'type': 'reference', 'referenceTypeName': 'details'}" 
},{
	 "source": "42", 
	 "target": "41", 
	 "label": "{'changeType': 'DELETE', 'type': 'reference', 'referenceTypeName': 'eAnnotations'}" 
},{
	 "source": "41", 
	 "target": "42", 
	 "label": "{'changeType': 'DELETE', 'type': 'reference', 'referenceTypeName': 'eModelElement'}" 
},{
	 "source": "43", 
	 "target": "24", 
	 "label": "{'changeType': 'DELETE', 'type': 'reference', 'referenceTypeName': 'eClassifiers'}" 
},{
	 "source": "24", 
	 "target": "43", 
	 "label": "{'changeType': 'DELETE', 'type': 'reference', 'referenceTypeName': 'ePackage'}" 
},{
	 "source": "43", 
	 "target": "27", 
	 "label": "{'changeType': 'DELETE', 'type': 'reference', 'referenceTypeName': 'eClassifiers'}" 
},{
	 "source": "27", 
	 "target": "43", 
	 "label": "{'changeType': 'DELETE', 'type': 'reference', 'referenceTypeName': 'ePackage'}" 
},{
	 "source": "43", 
	 "target": "33", 
	 "label": "{'changeType': 'DELETE', 'type': 'reference', 'referenceTypeName': 'eClassifiers'}" 
},{
	 "source": "33", 
	 "target": "43", 
	 "label": "{'changeType': 'DELETE', 'type': 'reference', 'referenceTypeName': 'ePackage'}" 
},{
	 "source": "43", 
	 "target": "39", 
	 "label": "{'changeType': 'DELETE', 'type': 'reference', 'referenceTypeName': 'eClassifiers'}" 
},{
	 "source": "39", 
	 "target": "43", 
	 "label": "{'changeType': 'DELETE', 'type': 'reference', 'referenceTypeName': 'ePackage'}" 
},{
	 "source": "43", 
	 "target": "42", 
	 "label": "{'changeType': 'DELETE', 'type': 'reference', 'referenceTypeName': 'eClassifiers'}" 
},{
	 "source": "42", 
	 "target": "43", 
	 "label": "{'changeType': 'DELETE', 'type': 'reference', 'referenceTypeName': 'ePackage'}" 
},{
	 "source": "44", 
	 "target": "43", 
	 "label": "{'changeType': 'Preserve', 'type': 'reference', 'referenceTypeName': 'eAnnotations'}" 
},{
	 "source": "43", 
	 "target": "44", 
	 "label": "{'changeType': 'Preserve', 'type': 'reference', 'referenceTypeName': 'eModelElement'}" 
},{
	 "source": "45", 
	 "target": "44", 
	 "label": "{'changeType': 'Preserve', 'type': 'reference', 'referenceTypeName': 'details'}" 
},{
	 "source": "46", 
	 "target": "43", 
	 "label": "{'changeType': 'Preserve', 'type': 'reference', 'referenceTypeName': 'eClassifiers'}" 
},{
	 "source": "43", 
	 "target": "46", 
	 "label": "{'changeType': 'Preserve', 'type': 'reference', 'referenceTypeName': 'ePackage'}" 
},{
	 "source": "47", 
	 "target": "46", 
	 "label": "{'changeType': 'Preserve', 'type': 'reference', 'referenceTypeName': 'eAnnotations'}" 
},{
	 "source": "46", 
	 "target": "47", 
	 "label": "{'changeType': 'Preserve', 'type': 'reference', 'referenceTypeName': 'eModelElement'}" 
},{
	 "source": "48", 
	 "target": "47", 
	 "label": "{'changeType': 'Preserve', 'type': 'reference', 'referenceTypeName': 'details'}" 
},{
	 "source": "49", 
	 "target": "46", 
	 "label": "{'changeType': 'Preserve', 'type': 'reference', 'referenceTypeName': 'eStructuralFeatures'}" 
},{
	 "source": "46", 
	 "target": "49", 
	 "label": "{'changeType': 'Preserve', 'type': 'reference', 'referenceTypeName': 'eContainingClass'}" 
},{
	 "source": "50", 
	 "target": "49", 
	 "label": "{'changeType': 'Preserve', 'type': 'reference', 'referenceTypeName': 'eAnnotations'}" 
},{
	 "source": "49", 
	 "target": "50", 
	 "label": "{'changeType': 'Preserve', 'type': 'reference', 'referenceTypeName': 'eModelElement'}" 
},{
	 "source": "51", 
	 "target": "50", 
	 "label": "{'changeType': 'Preserve', 'type': 'reference', 'referenceTypeName': 'details'}" 
},{
	 "source": "52", 
	 "target": "46", 
	 "label": "{'changeType': 'Preserve', 'type': 'reference', 'referenceTypeName': 'eStructuralFeatures'}" 
},{
	 "source": "46", 
	 "target": "52", 
	 "label": "{'changeType': 'Preserve', 'type': 'reference', 'referenceTypeName': 'eContainingClass'}" 
},{
	 "source": "53", 
	 "target": "52", 
	 "label": "{'changeType': 'Preserve', 'type': 'reference', 'referenceTypeName': 'eAnnotations'}" 
},{
	 "source": "52", 
	 "target": "53", 
	 "label": "{'changeType': 'Preserve', 'type': 'reference', 'referenceTypeName': 'eModelElement'}" 
},{
	 "source": "54", 
	 "target": "53", 
	 "label": "{'changeType': 'Preserve', 'type': 'reference', 'referenceTypeName': 'details'}" 
},{
	 "source": "55", 
	 "target": "43", 
	 "label": "{'changeType': 'Preserve', 'type': 'reference', 'referenceTypeName': 'eClassifiers'}" 
},{
	 "source": "43", 
	 "target": "55", 
	 "label": "{'changeType': 'Preserve', 'type': 'reference', 'referenceTypeName': 'ePackage'}" 
},{
	 "source": "56", 
	 "target": "55", 
	 "label": "{'changeType': 'Preserve', 'type': 'reference', 'referenceTypeName': 'eAnnotations'}" 
},{
	 "source": "55", 
	 "target": "56", 
	 "label": "{'changeType': 'Preserve', 'type': 'reference', 'referenceTypeName': 'eModelElement'}" 
},{
	 "source": "57", 
	 "target": "56", 
	 "label": "{'changeType': 'Preserve', 'type': 'reference', 'referenceTypeName': 'details'}" 
},{
	 "source": "58", 
	 "target": "55", 
	 "label": "{'changeType': 'Preserve', 'type': 'reference', 'referenceTypeName': 'eOperations'}" 
},{
	 "source": "55", 
	 "target": "58", 
	 "label": "{'changeType': 'Preserve', 'type': 'reference', 'referenceTypeName': 'eContainingClass'}" 
},{
	 "source": "59", 
	 "target": "58", 
	 "label": "{'changeType': 'Preserve', 'type': 'reference', 'referenceTypeName': 'eAnnotations'}" 
},{
	 "source": "58", 
	 "target": "59", 
	 "label": "{'changeType': 'Preserve', 'type': 'reference', 'referenceTypeName': 'eModelElement'}" 
},{
	 "source": "60", 
	 "target": "59", 
	 "label": "{'changeType': 'Preserve', 'type': 'reference', 'referenceTypeName': 'details'}" 
},{
	 "source": "61", 
	 "target": "58", 
	 "label": "{'changeType': 'Preserve', 'type': 'reference', 'referenceTypeName': 'eParameters'}" 
},{
	 "source": "58", 
	 "target": "61", 
	 "label": "{'changeType': 'Preserve', 'type': 'reference', 'referenceTypeName': 'eOperation'}" 
},{
	 "source": "62", 
	 "target": "55", 
	 "label": "{'changeType': 'Preserve', 'type': 'reference', 'referenceTypeName': 'eOperations'}" 
},{
	 "source": "55", 
	 "target": "62", 
	 "label": "{'changeType': 'Preserve', 'type': 'reference', 'referenceTypeName': 'eContainingClass'}" 
},{
	 "source": "63", 
	 "target": "62", 
	 "label": "{'changeType': 'Preserve', 'type': 'reference', 'referenceTypeName': 'eAnnotations'}" 
},{
	 "source": "62", 
	 "target": "63", 
	 "label": "{'changeType': 'Preserve', 'type': 'reference', 'referenceTypeName': 'eModelElement'}" 
},{
	 "source": "64", 
	 "target": "63", 
	 "label": "{'changeType': 'Preserve', 'type': 'reference', 'referenceTypeName': 'details'}" 
},{
	 "source": "65", 
	 "target": "55", 
	 "label": "{'changeType': 'Preserve', 'type': 'reference', 'referenceTypeName': 'eStructuralFeatures'}" 
},{
	 "source": "55", 
	 "target": "65", 
	 "label": "{'changeType': 'Preserve', 'type': 'reference', 'referenceTypeName': 'eContainingClass'}" 
},{
	 "source": "66", 
	 "target": "65", 
	 "label": "{'changeType': 'Preserve', 'type': 'reference', 'referenceTypeName': 'eAnnotations'}" 
},{
	 "source": "65", 
	 "target": "66", 
	 "label": "{'changeType': 'Preserve', 'type': 'reference', 'referenceTypeName': 'eModelElement'}" 
},{
	 "source": "67", 
	 "target": "66", 
	 "label": "{'changeType': 'Preserve', 'type': 'reference', 'referenceTypeName': 'details'}" 
},{
	 "source": "68", 
	 "target": "55", 
	 "label": "{'changeType': 'Preserve', 'type': 'reference', 'referenceTypeName': 'eStructuralFeatures'}" 
},{
	 "source": "55", 
	 "target": "68", 
	 "label": "{'changeType': 'Preserve', 'type': 'reference', 'referenceTypeName': 'eContainingClass'}" 
},{
	 "source": "69", 
	 "target": "68", 
	 "label": "{'changeType': 'Preserve', 'type': 'reference', 'referenceTypeName': 'eAnnotations'}" 
},{
	 "source": "68", 
	 "target": "69", 
	 "label": "{'changeType': 'Preserve', 'type': 'reference', 'referenceTypeName': 'eModelElement'}" 
},{
	 "source": "70", 
	 "target": "69", 
	 "label": "{'changeType': 'Preserve', 'type': 'reference', 'referenceTypeName': 'details'}" 
},{
	 "source": "12", 
	 "target": "43", 
	 "label": "{'changeType': 'Preserve', 'type': 'reference', 'referenceTypeName': 'eClassifiers'}" 
},{
	 "source": "43", 
	 "target": "12", 
	 "label": "{'changeType': 'Preserve', 'type': 'reference', 'referenceTypeName': 'ePackage'}" 
},{
	 "source": "71", 
	 "target": "12", 
	 "label": "{'changeType': 'Preserve', 'type': 'reference', 'referenceTypeName': 'eAnnotations'}" 
},{
	 "source": "12", 
	 "target": "71", 
	 "label": "{'changeType': 'Preserve', 'type': 'reference', 'referenceTypeName': 'eModelElement'}" 
},{
	 "source": "72", 
	 "target": "71", 
	 "label": "{'changeType': 'Preserve', 'type': 'reference', 'referenceTypeName': 'details'}" 
},{
	 "source": "73", 
	 "target": "12", 
	 "label": "{'changeType': 'Preserve', 'type': 'reference', 'referenceTypeName': 'eOperations'}" 
},{
	 "source": "12", 
	 "target": "73", 
	 "label": "{'changeType': 'Preserve', 'type': 'reference', 'referenceTypeName': 'eContainingClass'}" 
},{
	 "source": "74", 
	 "target": "73", 
	 "label": "{'changeType': 'Preserve', 'type': 'reference', 'referenceTypeName': 'eAnnotations'}" 
},{
	 "source": "73", 
	 "target": "74", 
	 "label": "{'changeType': 'Preserve', 'type': 'reference', 'referenceTypeName': 'eModelElement'}" 
},{
	 "source": "75", 
	 "target": "74", 
	 "label": "{'changeType': 'Preserve', 'type': 'reference', 'referenceTypeName': 'details'}" 
},{
	 "source": "76", 
	 "target": "73", 
	 "label": "{'changeType': 'Preserve', 'type': 'reference', 'referenceTypeName': 'eParameters'}" 
},{
	 "source": "73", 
	 "target": "76", 
	 "label": "{'changeType': 'Preserve', 'type': 'reference', 'referenceTypeName': 'eOperation'}" 
},{
	 "source": "77", 
	 "target": "12", 
	 "label": "{'changeType': 'Preserve', 'type': 'reference', 'referenceTypeName': 'eOperations'}" 
},{
	 "source": "12", 
	 "target": "77", 
	 "label": "{'changeType': 'Preserve', 'type': 'reference', 'referenceTypeName': 'eContainingClass'}" 
},{
	 "source": "78", 
	 "target": "77", 
	 "label": "{'changeType': 'Preserve', 'type': 'reference', 'referenceTypeName': 'eAnnotations'}" 
},{
	 "source": "77", 
	 "target": "78", 
	 "label": "{'changeType': 'Preserve', 'type': 'reference', 'referenceTypeName': 'eModelElement'}" 
},{
	 "source": "79", 
	 "target": "78", 
	 "label": "{'changeType': 'Preserve', 'type': 'reference', 'referenceTypeName': 'details'}" 
},{
	 "source": "80", 
	 "target": "12", 
	 "label": "{'changeType': 'Preserve', 'type': 'reference', 'referenceTypeName': 'eOperations'}" 
},{
	 "source": "12", 
	 "target": "80", 
	 "label": "{'changeType': 'Preserve', 'type': 'reference', 'referenceTypeName': 'eContainingClass'}" 
},{
	 "source": "81", 
	 "target": "12", 
	 "label": "{'changeType': 'Preserve', 'type': 'reference', 'referenceTypeName': 'eStructuralFeatures'}" 
},{
	 "source": "12", 
	 "target": "81", 
	 "label": "{'changeType': 'Preserve', 'type': 'reference', 'referenceTypeName': 'eContainingClass'}" 
},{
	 "source": "82", 
	 "target": "81", 
	 "label": "{'changeType': 'Preserve', 'type': 'reference', 'referenceTypeName': 'eAnnotations'}" 
},{
	 "source": "81", 
	 "target": "82", 
	 "label": "{'changeType': 'Preserve', 'type': 'reference', 'referenceTypeName': 'eModelElement'}" 
},{
	 "source": "83", 
	 "target": "82", 
	 "label": "{'changeType': 'Preserve', 'type': 'reference', 'referenceTypeName': 'details'}" 
},{
	 "source": "84", 
	 "target": "12", 
	 "label": "{'changeType': 'Preserve', 'type': 'reference', 'referenceTypeName': 'eStructuralFeatures'}" 
},{
	 "source": "12", 
	 "target": "84", 
	 "label": "{'changeType': 'Preserve', 'type': 'reference', 'referenceTypeName': 'eContainingClass'}" 
},{
	 "source": "85", 
	 "target": "84", 
	 "label": "{'changeType': 'Preserve', 'type': 'reference', 'referenceTypeName': 'eAnnotations'}" 
},{
	 "source": "84", 
	 "target": "85", 
	 "label": "{'changeType': 'Preserve', 'type': 'reference', 'referenceTypeName': 'eModelElement'}" 
},{
	 "source": "86", 
	 "target": "85", 
	 "label": "{'changeType': 'Preserve', 'type': 'reference', 'referenceTypeName': 'details'}" 
},{
	 "source": "87", 
	 "target": "12", 
	 "label": "{'changeType': 'Preserve', 'type': 'reference', 'referenceTypeName': 'eStructuralFeatures'}" 
},{
	 "source": "12", 
	 "target": "87", 
	 "label": "{'changeType': 'Preserve', 'type': 'reference', 'referenceTypeName': 'eContainingClass'}" 
},{
	 "source": "88", 
	 "target": "87", 
	 "label": "{'changeType': 'Preserve', 'type': 'reference', 'referenceTypeName': 'eAnnotations'}" 
},{
	 "source": "87", 
	 "target": "88", 
	 "label": "{'changeType': 'Preserve', 'type': 'reference', 'referenceTypeName': 'eModelElement'}" 
},{
	 "source": "89", 
	 "target": "88", 
	 "label": "{'changeType': 'Preserve', 'type': 'reference', 'referenceTypeName': 'details'}" 
},{
	 "source": "90", 
	 "target": "12", 
	 "label": "{'changeType': 'Preserve', 'type': 'reference', 'referenceTypeName': 'eStructuralFeatures'}" 
},{
	 "source": "12", 
	 "target": "90", 
	 "label": "{'changeType': 'Preserve', 'type': 'reference', 'referenceTypeName': 'eContainingClass'}" 
},{
	 "source": "91", 
	 "target": "90", 
	 "label": "{'changeType': 'Preserve', 'type': 'reference', 'referenceTypeName': 'eAnnotations'}" 
},{
	 "source": "90", 
	 "target": "91", 
	 "label": "{'changeType': 'Preserve', 'type': 'reference', 'referenceTypeName': 'eModelElement'}" 
},{
	 "source": "92", 
	 "target": "91", 
	 "label": "{'changeType': 'Preserve', 'type': 'reference', 'referenceTypeName': 'details'}" 
},{
	 "source": "93", 
	 "target": "12", 
	 "label": "{'changeType': 'Preserve', 'type': 'reference', 'referenceTypeName': 'eStructuralFeatures'}" 
},{
	 "source": "12", 
	 "target": "93", 
	 "label": "{'changeType': 'Preserve', 'type': 'reference', 'referenceTypeName': 'eContainingClass'}" 
},{
	 "source": "94", 
	 "target": "12", 
	 "label": "{'changeType': 'Preserve', 'type': 'reference', 'referenceTypeName': 'eStructuralFeatures'}" 
},{
	 "source": "12", 
	 "target": "94", 
	 "label": "{'changeType': 'Preserve', 'type': 'reference', 'referenceTypeName': 'eContainingClass'}" 
},{
	 "source": "95", 
	 "target": "12", 
	 "label": "{'changeType': 'Preserve', 'type': 'reference', 'referenceTypeName': 'eStructuralFeatures'}" 
},{
	 "source": "12", 
	 "target": "95", 
	 "label": "{'changeType': 'Preserve', 'type': 'reference', 'referenceTypeName': 'eContainingClass'}" 
},{
	 "source": "96", 
	 "target": "95", 
	 "label": "{'changeType': 'Preserve', 'type': 'reference', 'referenceTypeName': 'eGenericType'}" 
},{
	 "source": "97", 
	 "target": "96", 
	 "label": "{'changeType': 'Preserve', 'type': 'reference', 'referenceTypeName': 'eTypeArguments'}" 
},{
	 "source": "98", 
	 "target": "12", 
	 "label": "{'changeType': 'Preserve', 'type': 'reference', 'referenceTypeName': 'eStructuralFeatures'}" 
},{
	 "source": "12", 
	 "target": "98", 
	 "label": "{'changeType': 'Preserve', 'type': 'reference', 'referenceTypeName': 'eContainingClass'}" 
},{
	 "source": "99", 
	 "target": "98", 
	 "label": "{'changeType': 'Preserve', 'type': 'reference', 'referenceTypeName': 'eAnnotations'}" 
},{
	 "source": "98", 
	 "target": "99", 
	 "label": "{'changeType': 'Preserve', 'type': 'reference', 'referenceTypeName': 'eModelElement'}" 
},{
	 "source": "100", 
	 "target": "99", 
	 "label": "{'changeType': 'Preserve', 'type': 'reference', 'referenceTypeName': 'details'}" 
},{
	 "source": "16", 
	 "target": "43", 
	 "label": "{'changeType': 'Preserve', 'type': 'reference', 'referenceTypeName': 'eClassifiers'}" 
},{
	 "source": "43", 
	 "target": "16", 
	 "label": "{'changeType': 'Preserve', 'type': 'reference', 'referenceTypeName': 'ePackage'}" 
},{
	 "source": "101", 
	 "target": "16", 
	 "label": "{'changeType': 'Preserve', 'type': 'reference', 'referenceTypeName': 'eAnnotations'}" 
},{
	 "source": "16", 
	 "target": "101", 
	 "label": "{'changeType': 'Preserve', 'type': 'reference', 'referenceTypeName': 'eModelElement'}" 
},{
	 "source": "102", 
	 "target": "101", 
	 "label": "{'changeType': 'Preserve', 'type': 'reference', 'referenceTypeName': 'details'}" 
},{
	 "source": "103", 
	 "target": "16", 
	 "label": "{'changeType': 'Preserve', 'type': 'reference', 'referenceTypeName': 'eStructuralFeatures'}" 
},{
	 "source": "16", 
	 "target": "103", 
	 "label": "{'changeType': 'Preserve', 'type': 'reference', 'referenceTypeName': 'eContainingClass'}" 
},{
	 "source": "104", 
	 "target": "103", 
	 "label": "{'changeType': 'Preserve', 'type': 'reference', 'referenceTypeName': 'eAnnotations'}" 
},{
	 "source": "103", 
	 "target": "104", 
	 "label": "{'changeType': 'Preserve', 'type': 'reference', 'referenceTypeName': 'eModelElement'}" 
},{
	 "source": "105", 
	 "target": "104", 
	 "label": "{'changeType': 'Preserve', 'type': 'reference', 'referenceTypeName': 'details'}" 
},{
	 "source": "106", 
	 "target": "16", 
	 "label": "{'changeType': 'Preserve', 'type': 'reference', 'referenceTypeName': 'eStructuralFeatures'}" 
},{
	 "source": "16", 
	 "target": "106", 
	 "label": "{'changeType': 'Preserve', 'type': 'reference', 'referenceTypeName': 'eContainingClass'}" 
},{
	 "source": "107", 
	 "target": "106", 
	 "label": "{'changeType': 'Preserve', 'type': 'reference', 'referenceTypeName': 'eAnnotations'}" 
},{
	 "source": "106", 
	 "target": "107", 
	 "label": "{'changeType': 'Preserve', 'type': 'reference', 'referenceTypeName': 'eModelElement'}" 
},{
	 "source": "108", 
	 "target": "107", 
	 "label": "{'changeType': 'Preserve', 'type': 'reference', 'referenceTypeName': 'details'}" 
},{
	 "source": "109", 
	 "target": "16", 
	 "label": "{'changeType': 'Preserve', 'type': 'reference', 'referenceTypeName': 'eStructuralFeatures'}" 
},{
	 "source": "16", 
	 "target": "109", 
	 "label": "{'changeType': 'Preserve', 'type': 'reference', 'referenceTypeName': 'eContainingClass'}" 
},{
	 "source": "110", 
	 "target": "109", 
	 "label": "{'changeType': 'Preserve', 'type': 'reference', 'referenceTypeName': 'eAnnotations'}" 
},{
	 "source": "109", 
	 "target": "110", 
	 "label": "{'changeType': 'Preserve', 'type': 'reference', 'referenceTypeName': 'eModelElement'}" 
},{
	 "source": "111", 
	 "target": "110", 
	 "label": "{'changeType': 'Preserve', 'type': 'reference', 'referenceTypeName': 'details'}" 
},{
	 "source": "112", 
	 "target": "16", 
	 "label": "{'changeType': 'Preserve', 'type': 'reference', 'referenceTypeName': 'eStructuralFeatures'}" 
},{
	 "source": "16", 
	 "target": "112", 
	 "label": "{'changeType': 'Preserve', 'type': 'reference', 'referenceTypeName': 'eContainingClass'}" 
},{
	 "source": "113", 
	 "target": "112", 
	 "label": "{'changeType': 'Preserve', 'type': 'reference', 'referenceTypeName': 'eAnnotations'}" 
},{
	 "source": "112", 
	 "target": "113", 
	 "label": "{'changeType': 'Preserve', 'type': 'reference', 'referenceTypeName': 'eModelElement'}" 
},{
	 "source": "114", 
	 "target": "113", 
	 "label": "{'changeType': 'Preserve', 'type': 'reference', 'referenceTypeName': 'details'}" 
},{
	 "source": "115", 
	 "target": "16", 
	 "label": "{'changeType': 'Preserve', 'type': 'reference', 'referenceTypeName': 'eStructuralFeatures'}" 
},{
	 "source": "16", 
	 "target": "115", 
	 "label": "{'changeType': 'Preserve', 'type': 'reference', 'referenceTypeName': 'eContainingClass'}" 
},{
	 "source": "116", 
	 "target": "115", 
	 "label": "{'changeType': 'Preserve', 'type': 'reference', 'referenceTypeName': 'eAnnotations'}" 
},{
	 "source": "115", 
	 "target": "116", 
	 "label": "{'changeType': 'Preserve', 'type': 'reference', 'referenceTypeName': 'eModelElement'}" 
},{
	 "source": "117", 
	 "target": "116", 
	 "label": "{'changeType': 'Preserve', 'type': 'reference', 'referenceTypeName': 'details'}" 
},{
	 "source": "118", 
	 "target": "16", 
	 "label": "{'changeType': 'Preserve', 'type': 'reference', 'referenceTypeName': 'eStructuralFeatures'}" 
},{
	 "source": "16", 
	 "target": "118", 
	 "label": "{'changeType': 'Preserve', 'type': 'reference', 'referenceTypeName': 'eContainingClass'}" 
},{
	 "source": "119", 
	 "target": "118", 
	 "label": "{'changeType': 'Preserve', 'type': 'reference', 'referenceTypeName': 'eAnnotations'}" 
},{
	 "source": "118", 
	 "target": "119", 
	 "label": "{'changeType': 'Preserve', 'type': 'reference', 'referenceTypeName': 'eModelElement'}" 
},{
	 "source": "120", 
	 "target": "119", 
	 "label": "{'changeType': 'Preserve', 'type': 'reference', 'referenceTypeName': 'details'}" 
},{
	 "source": "21", 
	 "target": "43", 
	 "label": "{'changeType': 'Preserve', 'type': 'reference', 'referenceTypeName': 'eClassifiers'}" 
},{
	 "source": "43", 
	 "target": "21", 
	 "label": "{'changeType': 'Preserve', 'type': 'reference', 'referenceTypeName': 'ePackage'}" 
},{
	 "source": "121", 
	 "target": "21", 
	 "label": "{'changeType': 'Preserve', 'type': 'reference', 'referenceTypeName': 'eAnnotations'}" 
},{
	 "source": "21", 
	 "target": "121", 
	 "label": "{'changeType': 'Preserve', 'type': 'reference', 'referenceTypeName': 'eModelElement'}" 
},{
	 "source": "122", 
	 "target": "121", 
	 "label": "{'changeType': 'Preserve', 'type': 'reference', 'referenceTypeName': 'details'}" 
},{
	 "source": "123", 
	 "target": "21", 
	 "label": "{'changeType': 'Preserve', 'type': 'reference', 'referenceTypeName': 'eStructuralFeatures'}" 
},{
	 "source": "21", 
	 "target": "123", 
	 "label": "{'changeType': 'Preserve', 'type': 'reference', 'referenceTypeName': 'eContainingClass'}" 
},{
	 "source": "124", 
	 "target": "123", 
	 "label": "{'changeType': 'Preserve', 'type': 'reference', 'referenceTypeName': 'eAnnotations'}" 
},{
	 "source": "123", 
	 "target": "124", 
	 "label": "{'changeType': 'Preserve', 'type': 'reference', 'referenceTypeName': 'eModelElement'}" 
},{
	 "source": "125", 
	 "target": "124", 
	 "label": "{'changeType': 'Preserve', 'type': 'reference', 'referenceTypeName': 'details'}" 
}]}