{"directed": true, "multigraph": false, "graph": {}, 
  "nodes": [{
	 "id": "0", 
	 "label": "{'changeType': 'Preserve', 'type': 'object', 'className': 'EPackage', 'attributes': {'id': '_ZmohYd6tEei97MD7GK1RmA', 'eAnnotations':['org.eclipse.emf.ecore.impl.EAnnotationImpl@1dc9b445 (source: http://www.eclipse.org/emf/2002/GenModel)'],'name':'declaration','nsURI':'http://www.eclipse.org/emf/edapt/cope/declaration/0.3','nsPrefix':'declaration','eFactoryInstance':'org.eclipse.emf.ecore.impl.EFactoryImpl@13706339','eClassifiers':['IdentifiedElement','DescribedElement','LabeledElement','Library','Operation','Placeholder','Parameter','Variable','Constraint','TypedElement']}}" 
},{
	 "id": "1", 
	 "label": "{'changeType': 'Change', 'type': 'attributeValue', 'className': 'EPackage', 'attributeName': 'nsURI', 'valueBefore': 'http://www.eclipse.org/emf/edapt/declaration/0.3', 'valueAfter': 'http://www.eclipse.org/emf/edapt/cope/declaration/0.3', 'attributes': {'id': '_ZmohYd6tEei97MD7GK1RmA_0'}}" 
},{
	 "id": "2", 
	 "label": "{'changeType': 'Preserve', 'type': 'object', 'className': 'EAnnotation', 'attributes': {'id': '_ZmohYt6tEei97MD7GK1RmA', 'source':'http://www.eclipse.org/emf/2002/GenModel','details':['org.eclipse.emf.ecore.impl.EStringToStringMapEntryImpl@36de0baf (key: documentation, value: Metamodel for the declaration of operations)'],'eModelElement':'declaration'}}" 
},{
	 "id": "3", 
	 "label": "{'changeType': 'Preserve', 'type': 'object', 'className': 'EStringToStringMapEntry', 'attributes': {'id': '_ZmohY96tEei97MD7GK1RmA', 'key':'documentation','value':'Metamodel for the declaration of operations'}}" 
},{
	 "id": "4", 
	 "label": "{'changeType': 'Preserve', 'type': 'object', 'className': 'EClass', 'attributes': {'id': '_ZmohZN6tEei97MD7GK1RmA', 'eAnnotations':['org.eclipse.emf.ecore.impl.EAnnotationImpl@707c22bd (source: http://www.eclipse.org/emf/2002/GenModel)'],'name':'IdentifiedElement','ePackage':'declaration','abstract':'true','interface':'false','eStructuralFeatures':['name']}}" 
},{
	 "id": "5", 
	 "label": "{'changeType': 'Preserve', 'type': 'object', 'className': 'EAnnotation', 'attributes': {'id': '_ZmohZd6tEei97MD7GK1RmA', 'source':'http://www.eclipse.org/emf/2002/GenModel','details':['org.eclipse.emf.ecore.impl.EStringToStringMapEntryImpl@20c7cb6b (key: documentation, value: Base class for elements which are identified by a name )'],'eModelElement':'IdentifiedElement'}}" 
},{
	 "id": "6", 
	 "label": "{'changeType': 'Preserve', 'type': 'object', 'className': 'EStringToStringMapEntry', 'attributes': {'id': '_ZmohZt6tEei97MD7GK1RmA', 'key':'documentation','value':'Base class for elements which are identified by a name '}}" 
},{
	 "id": "7", 
	 "label": "{'changeType': 'Preserve', 'type': 'object', 'className': 'EAttribute', 'attributes': {'id': '_ZmohZ96tEei97MD7GK1RmA', 'eAnnotations':['org.eclipse.emf.ecore.impl.EAnnotationImpl@4c05b2f6 (source: http://www.eclipse.org/emf/2002/GenModel)'],'name':'name','ordered':'true','unique':'true','lowerBound':'1','upperBound':'1','many':'false','required':'true','eType':'EString','eGenericType':'org.eclipse.emf.ecore.impl.EGenericTypeImpl@43ff1c56 (expression: EString)','changeable':'true','volatile':'false','transient':'false','unsettable':'false','derived':'false','eContainingClass':'IdentifiedElement','iD':'false','eAttributeType':'EString'}}" 
},{
	 "id": "8", 
	 "label": "{'changeType': 'Preserve', 'type': 'object', 'className': 'EAnnotation', 'attributes': {'id': '_ZmohaN6tEei97MD7GK1RmA', 'source':'http://www.eclipse.org/emf/2002/GenModel','details':['org.eclipse.emf.ecore.impl.EStringToStringMapEntryImpl@5d7d0801 (key: documentation, value: Identifier)'],'eModelElement':'name'}}" 
},{
	 "id": "9", 
	 "label": "{'changeType': 'Preserve', 'type': 'object', 'className': 'EStringToStringMapEntry', 'attributes': {'id': '_Zmohad6tEei97MD7GK1RmA', 'key':'documentation','value':'Identifier'}}" 
},{
	 "id": "10", 
	 "label": "{'changeType': 'Preserve', 'type': 'object', 'className': 'EClass', 'attributes': {'id': '_Zmoha96tEei97MD7GK1RmA', 'eAnnotations':['org.eclipse.emf.ecore.impl.EAnnotationImpl@55043abb (source: http://www.eclipse.org/emf/2002/GenModel)'],'name':'DescribedElement','ePackage':'declaration','abstract':'true','interface':'false','eStructuralFeatures':['description']}}" 
},{
	 "id": "11", 
	 "label": "{'changeType': 'Preserve', 'type': 'object', 'className': 'EAnnotation', 'attributes': {'id': '_ZmohbN6tEei97MD7GK1RmA', 'source':'http://www.eclipse.org/emf/2002/GenModel','details':['org.eclipse.emf.ecore.impl.EStringToStringMapEntryImpl@600c0d1a (key: documentation, value: Base class for elements having a description)'],'eModelElement':'DescribedElement'}}" 
},{
	 "id": "12", 
	 "label": "{'changeType': 'Preserve', 'type': 'object', 'className': 'EStringToStringMapEntry', 'attributes': {'id': '_Zmohbd6tEei97MD7GK1RmA', 'key':'documentation','value':'Base class for elements having a description'}}" 
},{
	 "id": "13", 
	 "label": "{'changeType': 'Preserve', 'type': 'object', 'className': 'EAttribute', 'attributes': {'id': '_Zmohbt6tEei97MD7GK1RmA', 'eAnnotations':['org.eclipse.emf.ecore.impl.EAnnotationImpl@52b29ef1 (source: http://www.eclipse.org/emf/2002/GenModel)'],'name':'description','ordered':'true','unique':'true','lowerBound':'0','upperBound':'1','many':'false','required':'false','eType':'EString','eGenericType':'org.eclipse.emf.ecore.impl.EGenericTypeImpl@26731afb (expression: EString)','changeable':'true','volatile':'false','transient':'false','unsettable':'false','derived':'false','eContainingClass':'DescribedElement','iD':'false','eAttributeType':'EString'}}" 
},{
	 "id": "14", 
	 "label": "{'changeType': 'Preserve', 'type': 'object', 'className': 'EAnnotation', 'attributes': {'id': '_Zmohb96tEei97MD7GK1RmA', 'source':'http://www.eclipse.org/emf/2002/GenModel','details':['org.eclipse.emf.ecore.impl.EStringToStringMapEntryImpl@2617a7fe (key: documentation, value: Description for the metamodeler to be able to understand the parameter)'],'eModelElement':'description'}}" 
},{
	 "id": "15", 
	 "label": "{'changeType': 'Preserve', 'type': 'object', 'className': 'EStringToStringMapEntry', 'attributes': {'id': '_ZmohcN6tEei97MD7GK1RmA', 'key':'documentation','value':'Description for the metamodeler to be able to understand the parameter'}}" 
},{
	 "id": "16", 
	 "label": "{'changeType': 'Preserve', 'type': 'object', 'className': 'EClass', 'attributes': {'id': '_Zmohct6tEei97MD7GK1RmA', 'eAnnotations':['org.eclipse.emf.ecore.impl.EAnnotationImpl@6e535d91 (source: http://www.eclipse.org/emf/2002/GenModel)'],'name':'LabeledElement','ePackage':'declaration','abstract':'true','interface':'false','eStructuralFeatures':['label']}}" 
},{
	 "id": "17", 
	 "label": "{'changeType': 'Preserve', 'type': 'object', 'className': 'EAnnotation', 'attributes': {'id': '_Zmohc96tEei97MD7GK1RmA', 'source':'http://www.eclipse.org/emf/2002/GenModel','details':['org.eclipse.emf.ecore.impl.EStringToStringMapEntryImpl@75e03ff2 (key: documentation, value: Base class for elements having a label)'],'eModelElement':'LabeledElement'}}" 
},{
	 "id": "18", 
	 "label": "{'changeType': 'Preserve', 'type': 'object', 'className': 'EStringToStringMapEntry', 'attributes': {'id': '_ZmohdN6tEei97MD7GK1RmA', 'key':'documentation','value':'Base class for elements having a label'}}" 
},{
	 "id": "19", 
	 "label": "{'changeType': 'Preserve', 'type': 'object', 'className': 'EAttribute', 'attributes': {'id': '_Zmohdd6tEei97MD7GK1RmA', 'eAnnotations':['org.eclipse.emf.ecore.impl.EAnnotationImpl@63d9ae0f (source: http://www.eclipse.org/emf/2002/GenModel)'],'name':'label','ordered':'true','unique':'true','lowerBound':'1','upperBound':'1','many':'false','required':'true','eType':'EString','eGenericType':'org.eclipse.emf.ecore.impl.EGenericTypeImpl@63797a8f (expression: EString)','changeable':'true','volatile':'false','transient':'false','unsettable':'false','derived':'false','eContainingClass':'LabeledElement','iD':'false','eAttributeType':'EString'}}" 
},{
	 "id": "20", 
	 "label": "{'changeType': 'Preserve', 'type': 'object', 'className': 'EAnnotation', 'attributes': {'id': '_Zmohdt6tEei97MD7GK1RmA', 'source':'http://www.eclipse.org/emf/2002/GenModel','details':['org.eclipse.emf.ecore.impl.EStringToStringMapEntryImpl@1712c830 (key: documentation, value: Label for an element)'],'eModelElement':'label'}}" 
},{
	 "id": "21", 
	 "label": "{'changeType': 'Preserve', 'type': 'object', 'className': 'EStringToStringMapEntry', 'attributes': {'id': '_Zmohd96tEei97MD7GK1RmA', 'key':'documentation','value':'Label for an element'}}" 
},{
	 "id": "22", 
	 "label": "{'changeType': 'Preserve', 'type': 'object', 'className': 'EClass', 'attributes': {'id': '_Zmohed6tEei97MD7GK1RmA', 'eAnnotations':['org.eclipse.emf.ecore.impl.EAnnotationImpl@5426a8e5 (source: http://www.eclipse.org/emf/2002/GenModel)'],'name':'Library','ePackage':'declaration','abstract':'false','interface':'false','eOperations':['getOperation','getCode'],'eStructuralFeatures':['operations','implementation']}}" 
},{
	 "id": "23", 
	 "label": "{'changeType': 'Preserve', 'type': 'object', 'className': 'EAnnotation', 'attributes': {'id': '_Zmohet6tEei97MD7GK1RmA', 'source':'http://www.eclipse.org/emf/2002/GenModel','details':['org.eclipse.emf.ecore.impl.EStringToStringMapEntryImpl@55f4a919 (key: documentation, value: Container for a set of coupled evolution operations)'],'eModelElement':'Library'}}" 
},{
	 "id": "24", 
	 "label": "{'changeType': 'Preserve', 'type': 'object', 'className': 'EStringToStringMapEntry', 'attributes': {'id': '_Zmohe96tEei97MD7GK1RmA', 'key':'documentation','value':'Container for a set of coupled evolution operations'}}" 
},{
	 "id": "25", 
	 "label": "{'changeType': 'Preserve', 'type': 'object', 'className': 'EOperation', 'attributes': {'id': '_ZmohfN6tEei97MD7GK1RmA', 'eAnnotations':['org.eclipse.emf.ecore.impl.EAnnotationImpl@967e9f4 (source: http://www.eclipse.org/emf/2002/GenModel)'],'name':'getOperation','ordered':'true','unique':'true','lowerBound':'0','upperBound':'1','many':'false','required':'false','eType':'Operation','eGenericType':'org.eclipse.emf.ecore.impl.EGenericTypeImpl@c830ad7 (expression: Operation)','eContainingClass':'Library','eParameters':['name']}}" 
},{
	 "id": "26", 
	 "label": "{'changeType': 'Preserve', 'type': 'object', 'className': 'EAnnotation', 'attributes': {'id': '_Zmohfd6tEei97MD7GK1RmA', 'source':'http://www.eclipse.org/emf/2002/GenModel','details':['org.eclipse.emf.ecore.impl.EStringToStringMapEntryImpl@68e719bd (key: documentation, value: Helper method to determine the operation in the library with a certain name)'],'eModelElement':'getOperation'}}" 
},{
	 "id": "27", 
	 "label": "{'changeType': 'Preserve', 'type': 'object', 'className': 'EStringToStringMapEntry', 'attributes': {'id': '_Zmohft6tEei97MD7GK1RmA', 'key':'documentation','value':'Helper method to determine the operation in the library with a certain name'}}" 
},{
	 "id": "28", 
	 "label": "{'changeType': 'Preserve', 'type': 'object', 'className': 'EParameter', 'attributes': {'id': '_Zmohf96tEei97MD7GK1RmA', 'name':'name','ordered':'true','unique':'true','lowerBound':'0','upperBound':'1','many':'false','required':'false','eType':'EString','eGenericType':'org.eclipse.emf.ecore.impl.EGenericTypeImpl@6d4e16ba (expression: EString)','eOperation':'getOperation'}}" 
},{
	 "id": "29", 
	 "label": "{'changeType': 'Preserve', 'type': 'object', 'className': 'EOperation', 'attributes': {'id': '_Zmohgd6tEei97MD7GK1RmA', 'eAnnotations':['org.eclipse.emf.ecore.impl.EAnnotationImpl@baaba98 (source: http://www.eclipse.org/emf/2002/GenModel)'],'name':'getCode','ordered':'true','unique':'true','lowerBound':'0','upperBound':'1','many':'false','required':'false','eType':'EString','eGenericType':'org.eclipse.emf.ecore.impl.EGenericTypeImpl@50ef7bf8 (expression: EString)','eContainingClass':'Library'}}" 
},{
	 "id": "30", 
	 "label": "{'changeType': 'Preserve', 'type': 'object', 'className': 'EAnnotation', 'attributes': {'id': '_Zmohgt6tEei97MD7GK1RmA', 'source':'http://www.eclipse.org/emf/2002/GenModel','details':['org.eclipse.emf.ecore.impl.EStringToStringMapEntryImpl@4d895f35 (key: documentation, value: Helper method to access the code implementing the operations declared in the library)'],'eModelElement':'getCode'}}" 
},{
	 "id": "31", 
	 "label": "{'changeType': 'Preserve', 'type': 'object', 'className': 'EStringToStringMapEntry', 'attributes': {'id': '_Zmohg96tEei97MD7GK1RmA', 'key':'documentation','value':'Helper method to access the code implementing the operations declared in the library'}}" 
},{
	 "id": "32", 
	 "label": "{'changeType': 'Preserve', 'type': 'object', 'className': 'EReference', 'attributes': {'id': '_Zmohhd6tEei97MD7GK1RmA', 'eAnnotations':['org.eclipse.emf.ecore.impl.EAnnotationImpl@5692fba5 (source: http://www.eclipse.org/emf/2002/GenModel)'],'name':'operations','ordered':'true','unique':'true','lowerBound':'0','upperBound':'-1','many':'true','required':'false','eType':'Operation','eGenericType':'org.eclipse.emf.ecore.impl.EGenericTypeImpl@e49045a (expression: Operation)','changeable':'true','volatile':'false','transient':'false','unsettable':'false','derived':'false','eContainingClass':'Library','containment':'true','container':'false','resolveProxies':'true','eOpposite':'library','eReferenceType':'Operation'}}" 
},{
	 "id": "33", 
	 "label": "{'changeType': 'Preserve', 'type': 'object', 'className': 'EAnnotation', 'attributes': {'id': '_Zmohht6tEei97MD7GK1RmA', 'source':'http://www.eclipse.org/emf/2002/GenModel','details':['org.eclipse.emf.ecore.impl.EStringToStringMapEntryImpl@516566b5 (key: documentation, value: Set of coupled evolution operations)'],'eModelElement':'operations'}}" 
},{
	 "id": "34", 
	 "label": "{'changeType': 'Preserve', 'type': 'object', 'className': 'EStringToStringMapEntry', 'attributes': {'id': '_Zmohh96tEei97MD7GK1RmA', 'key':'documentation','value':'Set of coupled evolution operations'}}" 
},{
	 "id": "35", 
	 "label": "{'changeType': 'Preserve', 'type': 'object', 'className': 'EAttribute', 'attributes': {'id': '_ZmohiN6tEei97MD7GK1RmA', 'eAnnotations':['org.eclipse.emf.ecore.impl.EAnnotationImpl@65a14ea2 (source: http://www.eclipse.org/emf/2002/GenModel)'],'name':'implementation','ordered':'true','unique':'true','lowerBound':'1','upperBound':'1','many':'false','required':'true','eType':'EString','eGenericType':'org.eclipse.emf.ecore.impl.EGenericTypeImpl@5e85448e (expression: EString)','changeable':'true','volatile':'false','transient':'false','unsettable':'false','derived':'false','eContainingClass':'Library','iD':'false','eAttributeType':'EString'}}" 
},{
	 "id": "36", 
	 "label": "{'changeType': 'Preserve', 'type': 'object', 'className': 'EAnnotation', 'attributes': {'id': '_Zmohid6tEei97MD7GK1RmA', 'source':'http://www.eclipse.org/emf/2002/GenModel','details':['org.eclipse.emf.ecore.impl.EStringToStringMapEntryImpl@24afde60 (key: documentation, value: Relative path to the code implementing the operations of the library)'],'eModelElement':'implementation'}}" 
},{
	 "id": "37", 
	 "label": "{'changeType': 'Preserve', 'type': 'object', 'className': 'EStringToStringMapEntry', 'attributes': {'id': '_Zmohit6tEei97MD7GK1RmA', 'key':'documentation','value':'Relative path to the code implementing the operations of the library'}}" 
},{
	 "id": "38", 
	 "label": "{'changeType': 'Preserve', 'type': 'object', 'className': 'EClass', 'attributes': {'id': '_ZmohjN6tEei97MD7GK1RmA', 'eAnnotations':['org.eclipse.emf.ecore.impl.EAnnotationImpl@3f8b35 (source: http://www.eclipse.org/emf/2002/GenModel)'],'name':'Operation','ePackage':'declaration','abstract':'false','interface':'false','eOperations':['getParameter','getVariable','getMainParameter','refines'],'eStructuralFeatures':['library','parameters','constraints','variables','deprecated','deleting','before','after'],'eGenericSuperTypes':['org.eclipse.emf.ecore.impl.EGenericTypeImpl@3cf3a826 (expression: IdentifiedElement)','org.eclipse.emf.ecore.impl.EGenericTypeImpl@66f53d06 (expression: DescribedElement)','org.eclipse.emf.ecore.impl.EGenericTypeImpl@1220b462 (expression: LabeledElement)']}}" 
},{
	 "id": "39", 
	 "label": "{'changeType': 'Preserve', 'type': 'object', 'className': 'EAnnotation', 'attributes': {'id': '_Zmohjd6tEei97MD7GK1RmA', 'source':'http://www.eclipse.org/emf/2002/GenModel','details':['org.eclipse.emf.ecore.impl.EStringToStringMapEntryImpl@21aca18c (key: documentation, value: Coupled evolution operation)'],'eModelElement':'Operation'}}" 
},{
	 "id": "40", 
	 "label": "{'changeType': 'Preserve', 'type': 'object', 'className': 'EStringToStringMapEntry', 'attributes': {'id': '_Zmohjt6tEei97MD7GK1RmA', 'key':'documentation','value':'Coupled evolution operation'}}" 
},{
	 "id": "41", 
	 "label": "{'changeType': 'Preserve', 'type': 'object', 'className': 'EOperation', 'attributes': {'id': '_Zmohj96tEei97MD7GK1RmA', 'eAnnotations':['org.eclipse.emf.ecore.impl.EAnnotationImpl@79ea9fab (source: http://www.eclipse.org/emf/2002/GenModel)'],'name':'getParameter','ordered':'true','unique':'true','lowerBound':'0','upperBound':'1','many':'false','required':'false','eType':'Parameter','eGenericType':'org.eclipse.emf.ecore.impl.EGenericTypeImpl@592fc3d2 (expression: Parameter)','eContainingClass':'Operation','eParameters':['name']}}" 
},{
	 "id": "42", 
	 "label": "{'changeType': 'Preserve', 'type': 'object', 'className': 'EAnnotation', 'attributes': {'id': '_ZmohkN6tEei97MD7GK1RmA', 'source':'http://www.eclipse.org/emf/2002/GenModel','details':['org.eclipse.emf.ecore.impl.EStringToStringMapEntryImpl@570c580 (key: documentation, value: Helper method to determine the parameter of the operation with a certain name)'],'eModelElement':'getParameter'}}" 
},{
	 "id": "43", 
	 "label": "{'changeType': 'Preserve', 'type': 'object', 'className': 'EStringToStringMapEntry', 'attributes': {'id': '_Zmohkd6tEei97MD7GK1RmA', 'key':'documentation','value':'Helper method to determine the parameter of the operation with a certain name'}}" 
},{
	 "id": "44", 
	 "label": "{'changeType': 'Preserve', 'type': 'object', 'className': 'EParameter', 'attributes': {'id': '_Zmohkt6tEei97MD7GK1RmA', 'name':'name','ordered':'true','unique':'true','lowerBound':'0','upperBound':'1','many':'false','required':'false','eType':'EString','eGenericType':'org.eclipse.emf.ecore.impl.EGenericTypeImpl@5a5cdac6 (expression: EString)','eOperation':'getParameter'}}" 
},{
	 "id": "45", 
	 "label": "{'changeType': 'Preserve', 'type': 'object', 'className': 'EOperation', 'attributes': {'id': '_ZmohlN6tEei97MD7GK1RmA', 'eAnnotations':['org.eclipse.emf.ecore.impl.EAnnotationImpl@74398658 (source: http://www.eclipse.org/emf/2002/GenModel)'],'name':'getVariable','ordered':'true','unique':'true','lowerBound':'0','upperBound':'1','many':'false','required':'false','eType':'Variable','eGenericType':'org.eclipse.emf.ecore.impl.EGenericTypeImpl@879d8b2 (expression: Variable)','eContainingClass':'Operation','eParameters':['name']}}" 
},{
	 "id": "46", 
	 "label": "{'changeType': 'Preserve', 'type': 'object', 'className': 'EAnnotation', 'attributes': {'id': '_Zmohld6tEei97MD7GK1RmA', 'source':'http://www.eclipse.org/emf/2002/GenModel','details':['org.eclipse.emf.ecore.impl.EStringToStringMapEntryImpl@106a9300 (key: documentation, value: Helper method to determine the variable of the operation with a certain name)'],'eModelElement':'getVariable'}}" 
},{
	 "id": "47", 
	 "label": "{'changeType': 'Preserve', 'type': 'object', 'className': 'EStringToStringMapEntry', 'attributes': {'id': '_Zmohlt6tEei97MD7GK1RmA', 'key':'documentation','value':'Helper method to determine the variable of the operation with a certain name'}}" 
},{
	 "id": "48", 
	 "label": "{'changeType': 'Preserve', 'type': 'object', 'className': 'EParameter', 'attributes': {'id': '_Zmohl96tEei97MD7GK1RmA', 'name':'name','ordered':'true','unique':'true','lowerBound':'0','upperBound':'1','many':'false','required':'false','eType':'EString','eGenericType':'org.eclipse.emf.ecore.impl.EGenericTypeImpl@6bf28442 (expression: EString)','eOperation':'getVariable'}}" 
},{
	 "id": "49", 
	 "label": "{'changeType': 'Preserve', 'type': 'object', 'className': 'EOperation', 'attributes': {'id': '_Zmohmd6tEei97MD7GK1RmA', 'eAnnotations':['org.eclipse.emf.ecore.impl.EAnnotationImpl@1777afc9 (source: http://www.eclipse.org/emf/2002/GenModel)'],'name':'getMainParameter','ordered':'true','unique':'true','lowerBound':'0','upperBound':'1','many':'false','required':'false','eType':'Parameter','eGenericType':'org.eclipse.emf.ecore.impl.EGenericTypeImpl@1cb8bed8 (expression: Parameter)','eContainingClass':'Operation'}}" 
},{
	 "id": "50", 
	 "label": "{'changeType': 'Preserve', 'type': 'object', 'className': 'EAnnotation', 'attributes': {'id': '_Zmohmt6tEei97MD7GK1RmA', 'source':'http://www.eclipse.org/emf/2002/GenModel','details':['org.eclipse.emf.ecore.impl.EStringToStringMapEntryImpl@5ce901ff (key: documentation, value: Helper method to determine the main parameter of the operation, i.e. the parameter with main set to true)'],'eModelElement':'getMainParameter'}}" 
},{
	 "id": "51", 
	 "label": "{'changeType': 'Preserve', 'type': 'object', 'className': 'EStringToStringMapEntry', 'attributes': {'id': '_Zmohm96tEei97MD7GK1RmA', 'key':'documentation','value':'Helper method to determine the main parameter of the operation, i.e. the parameter with main set to true'}}" 
},{
	 "id": "52", 
	 "label": "{'changeType': 'Preserve', 'type': 'object', 'className': 'EOperation', 'attributes': {'id': '_ZmohnN6tEei97MD7GK1RmA', 'name':'refines','ordered':'true','unique':'true','lowerBound':'0','upperBound':'1','many':'false','required':'false','eType':'EBoolean','eGenericType':'org.eclipse.emf.ecore.impl.EGenericTypeImpl@7e7b6e3a (expression: EBoolean)','eContainingClass':'Operation'}}" 
},{
	 "id": "53", 
	 "label": "{'changeType': 'Preserve', 'type': 'object', 'className': 'EReference', 'attributes': {'id': '_Zmohnt6tEei97MD7GK1RmA', 'eAnnotations':['org.eclipse.emf.ecore.impl.EAnnotationImpl@51884f19 (source: http://www.eclipse.org/emf/2002/GenModel)'],'name':'library','ordered':'true','unique':'true','lowerBound':'1','upperBound':'1','many':'false','required':'true','eType':'Library','eGenericType':'org.eclipse.emf.ecore.impl.EGenericTypeImpl@40aa8a46 (expression: Library)','changeable':'true','volatile':'false','transient':'false','unsettable':'false','derived':'false','eContainingClass':'Operation','containment':'false','container':'true','resolveProxies':'true','eOpposite':'operations','eReferenceType':'Library'}}" 
},{
	 "id": "54", 
	 "label": "{'changeType': 'Preserve', 'type': 'object', 'className': 'EAnnotation', 'attributes': {'id': '_Zmohn96tEei97MD7GK1RmA', 'source':'http://www.eclipse.org/emf/2002/GenModel','details':['org.eclipse.emf.ecore.impl.EStringToStringMapEntryImpl@7427f1ac (key: documentation, value: Library to which the operation belongs)'],'eModelElement':'library'}}" 
},{
	 "id": "55", 
	 "label": "{'changeType': 'Preserve', 'type': 'object', 'className': 'EStringToStringMapEntry', 'attributes': {'id': '_ZmohoN6tEei97MD7GK1RmA', 'key':'documentation','value':'Library to which the operation belongs'}}" 
},{
	 "id": "56", 
	 "label": "{'changeType': 'Preserve', 'type': 'object', 'className': 'EReference', 'attributes': {'id': '_Zmohod6tEei97MD7GK1RmA', 'eAnnotations':['org.eclipse.emf.ecore.impl.EAnnotationImpl@707d40ca (source: http://www.eclipse.org/emf/2002/GenModel)'],'name':'parameters','ordered':'true','unique':'true','lowerBound':'0','upperBound':'-1','many':'true','required':'false','eType':'Parameter','eGenericType':'org.eclipse.emf.ecore.impl.EGenericTypeImpl@5a9502c1 (expression: Parameter)','changeable':'true','volatile':'false','transient':'false','unsettable':'false','derived':'false','eContainingClass':'Operation','containment':'true','container':'false','resolveProxies':'true','eOpposite':'operation','eReferenceType':'Parameter'}}" 
},{
	 "id": "57", 
	 "label": "{'changeType': 'Preserve', 'type': 'object', 'className': 'EAnnotation', 'attributes': {'id': '_Zmohot6tEei97MD7GK1RmA', 'source':'http://www.eclipse.org/emf/2002/GenModel','details':['org.eclipse.emf.ecore.impl.EStringToStringMapEntryImpl@639e295b (key: documentation, value: A list of parameters of the coupled evolution operations)'],'eModelElement':'parameters'}}" 
},{
	 "id": "58", 
	 "label": "{'changeType': 'Preserve', 'type': 'object', 'className': 'EStringToStringMapEntry', 'attributes': {'id': '_Zmoho96tEei97MD7GK1RmA', 'key':'documentation','value':'A list of parameters of the coupled evolution operations'}}" 
},{
	 "id": "59", 
	 "label": "{'changeType': 'Preserve', 'type': 'object', 'className': 'EReference', 'attributes': {'id': '_ZmohpN6tEei97MD7GK1RmA', 'eAnnotations':['org.eclipse.emf.ecore.impl.EAnnotationImpl@44f75190 (source: http://www.eclipse.org/emf/2002/GenModel)'],'name':'constraints','ordered':'true','unique':'true','lowerBound':'0','upperBound':'-1','many':'true','required':'false','eType':'Constraint','eGenericType':'org.eclipse.emf.ecore.impl.EGenericTypeImpl@7d036b12 (expression: Constraint)','changeable':'true','volatile':'false','transient':'false','unsettable':'false','derived':'false','eContainingClass':'Operation','containment':'true','container':'false','resolveProxies':'true','eOpposite':'operation','eReferenceType':'Constraint'}}" 
},{
	 "id": "60", 
	 "label": "{'changeType': 'Preserve', 'type': 'object', 'className': 'EAnnotation', 'attributes': {'id': '_Zmohpd6tEei97MD7GK1RmA', 'source':'http://www.eclipse.org/emf/2002/GenModel','details':['org.eclipse.emf.ecore.impl.EStringToStringMapEntryImpl@5e9632d4 (key: documentation, value: A list of constraints restricting the executability of the coupled evolution operation)'],'eModelElement':'constraints'}}" 
},{
	 "id": "61", 
	 "label": "{'changeType': 'Preserve', 'type': 'object', 'className': 'EStringToStringMapEntry', 'attributes': {'id': '_Zmohpt6tEei97MD7GK1RmA', 'key':'documentation','value':'A list of constraints restricting the executability of the coupled evolution operation'}}" 
},{
	 "id": "62", 
	 "label": "{'changeType': 'Preserve', 'type': 'object', 'className': 'EReference', 'attributes': {'id': '_Zmohp96tEei97MD7GK1RmA', 'eAnnotations':['org.eclipse.emf.ecore.impl.EAnnotationImpl@1c0f3c95 (source: http://www.eclipse.org/emf/2002/GenModel)'],'name':'variables','ordered':'true','unique':'true','lowerBound':'0','upperBound':'-1','many':'true','required':'false','eType':'Variable','eGenericType':'org.eclipse.emf.ecore.impl.EGenericTypeImpl@3b798048 (expression: Variable)','changeable':'true','volatile':'false','transient':'false','unsettable':'false','derived':'false','eContainingClass':'Operation','containment':'true','container':'false','resolveProxies':'true','eOpposite':'operation','eReferenceType':'Variable'}}" 
},{
	 "id": "63", 
	 "label": "{'changeType': 'Preserve', 'type': 'object', 'className': 'EAnnotation', 'attributes': {'id': '_ZmohqN6tEei97MD7GK1RmA', 'source':'http://www.eclipse.org/emf/2002/GenModel','details':['org.eclipse.emf.ecore.impl.EStringToStringMapEntryImpl@628a8555 (key: documentation, value: A list of helper variables for use in initial expressions of parameters and constraint expressions. Helper variables are initialized in the order in which they are specified so that a variable can access all previously declared variables.)'],'eModelElement':'variables'}}" 
},{
	 "id": "64", 
	 "label": "{'changeType': 'Preserve', 'type': 'object', 'className': 'EStringToStringMapEntry', 'attributes': {'id': '_Zmohqd6tEei97MD7GK1RmA', 'key':'documentation','value':'A list of helper variables for use in initial expressions of parameters and constraint expressions. Helper variables are initialized in the order in which they are specified so that a variable can acc'}}" 
},{
	 "id": "65", 
	 "label": "{'changeType': 'Preserve', 'type': 'object', 'className': 'EAttribute', 'attributes': {'id': '_Zmohqt6tEei97MD7GK1RmA', 'eAnnotations':['org.eclipse.emf.ecore.impl.EAnnotationImpl@411cc33e (source: http://www.eclipse.org/emf/2002/GenModel)'],'name':'deprecated','ordered':'true','unique':'true','lowerBound':'0','upperBound':'1','many':'false','required':'false','eType':'EBoolean','eGenericType':'org.eclipse.emf.ecore.impl.EGenericTypeImpl@12842de6 (expression: EBoolean)','changeable':'true','volatile':'false','transient':'false','defaultValueLiteral':'false','defaultValue':'false','unsettable':'false','derived':'false','eContainingClass':'Operation','iD':'false','eAttributeType':'EBoolean'}}" 
},{
	 "id": "66", 
	 "label": "{'changeType': 'Preserve', 'type': 'object', 'className': 'EAnnotation', 'attributes': {'id': '_Zmohq96tEei97MD7GK1RmA', 'source':'http://www.eclipse.org/emf/2002/GenModel','details':['org.eclipse.emf.ecore.impl.EStringToStringMapEntryImpl@2412b41c (key: documentation, value: Whether this operation should no longer be used)'],'eModelElement':'deprecated'}}" 
},{
	 "id": "67", 
	 "label": "{'changeType': 'Preserve', 'type': 'object', 'className': 'EStringToStringMapEntry', 'attributes': {'id': '_ZmohrN6tEei97MD7GK1RmA', 'key':'documentation','value':'Whether this operation should no longer be used'}}" 
},{
	 "id": "68", 
	 "label": "{'changeType': 'Preserve', 'type': 'object', 'className': 'EAttribute', 'attributes': {'id': '_Zmohrt6tEei97MD7GK1RmA', 'eAnnotations':['org.eclipse.emf.ecore.impl.EAnnotationImpl@103cbb01 (source: http://www.eclipse.org/emf/2002/GenModel)'],'name':'deleting','ordered':'true','unique':'true','lowerBound':'0','upperBound':'1','many':'false','required':'false','eType':'EBoolean','eGenericType':'org.eclipse.emf.ecore.impl.EGenericTypeImpl@12e7ad82 (expression: EBoolean)','changeable':'true','volatile':'false','transient':'false','defaultValueLiteral':'false','defaultValue':'false','unsettable':'false','derived':'false','eContainingClass':'Operation','iD':'false','eAttributeType':'EBoolean'}}" 
},{
	 "id": "69", 
	 "label": "{'changeType': 'Preserve', 'type': 'object', 'className': 'EAnnotation', 'attributes': {'id': '_Zmohr96tEei97MD7GK1RmA', 'source':'http://www.eclipse.org/emf/2002/GenModel','details':['org.eclipse.emf.ecore.impl.EStringToStringMapEntryImpl@21bf4f4e (key: documentation, value: Whether the operation deletes elements of values of elements)'],'eModelElement':'deleting'}}" 
},{
	 "id": "70", 
	 "label": "{'changeType': 'Preserve', 'type': 'object', 'className': 'EStringToStringMapEntry', 'attributes': {'id': '_ZmohsN6tEei97MD7GK1RmA', 'key':'documentation','value':'Whether the operation deletes elements of values of elements'}}" 
},{
	 "id": "71", 
	 "label": "{'changeType': 'Preserve', 'type': 'object', 'className': 'EAttribute', 'attributes': {'id': '_Zmohst6tEei97MD7GK1RmA', 'name':'before','ordered':'true','unique':'true','lowerBound':'0','upperBound':'1','many':'false','required':'false','eType':'EString','eGenericType':'org.eclipse.emf.ecore.impl.EGenericTypeImpl@247450dc (expression: EString)','changeable':'true','volatile':'false','transient':'false','unsettable':'false','derived':'false','eContainingClass':'Operation','iD':'false','eAttributeType':'EString'}}" 
},{
	 "id": "72", 
	 "label": "{'changeType': 'Preserve', 'type': 'object', 'className': 'EAttribute', 'attributes': {'id': '_ZmohtN6tEei97MD7GK1RmA', 'name':'after','ordered':'true','unique':'true','lowerBound':'0','upperBound':'1','many':'false','required':'false','eType':'EString','eGenericType':'org.eclipse.emf.ecore.impl.EGenericTypeImpl@504e97e1 (expression: EString)','changeable':'true','volatile':'false','transient':'false','unsettable':'false','derived':'false','eContainingClass':'Operation','iD':'false','eAttributeType':'EString'}}" 
},{
	 "id": "73", 
	 "label": "{'changeType': 'Preserve', 'type': 'object', 'className': 'EClass', 'attributes': {'id': '_Zmohtt6tEei97MD7GK1RmA', 'eAnnotations':['org.eclipse.emf.ecore.impl.EAnnotationImpl@5fdf000 (source: http://www.eclipse.org/emf/2002/GenModel)'],'name':'Placeholder','ePackage':'declaration','abstract':'true','interface':'false','eStructuralFeatures':['initExpression'],'eGenericSuperTypes':['org.eclipse.emf.ecore.impl.EGenericTypeImpl@62eeb781 (expression: TypedElement)','org.eclipse.emf.ecore.impl.EGenericTypeImpl@2f4c486c (expression: IdentifiedElement)']}}" 
},{
	 "id": "74", 
	 "label": "{'changeType': 'Preserve', 'type': 'object', 'className': 'EAnnotation', 'attributes': {'id': '_Zmoht96tEei97MD7GK1RmA', 'source':'http://www.eclipse.org/emf/2002/GenModel','details':['org.eclipse.emf.ecore.impl.EStringToStringMapEntryImpl@21a88ec1 (key: documentation, value: Base class for parameters and variables)'],'eModelElement':'Placeholder'}}" 
},{
	 "id": "75", 
	 "label": "{'changeType': 'Preserve', 'type': 'object', 'className': 'EStringToStringMapEntry', 'attributes': {'id': '_ZmohuN6tEei97MD7GK1RmA', 'key':'documentation','value':'Base class for parameters and variables'}}" 
},{
	 "id": "76", 
	 "label": "{'changeType': 'Preserve', 'type': 'object', 'className': 'EAttribute', 'attributes': {'id': '_Zmohud6tEei97MD7GK1RmA', 'eAnnotations':['org.eclipse.emf.ecore.impl.EAnnotationImpl@5c2c220 (source: http://www.eclipse.org/emf/2002/GenModel)'],'name':'initExpression','ordered':'true','unique':'true','lowerBound':'0','upperBound':'1','many':'false','required':'false','eType':'EString','eGenericType':'org.eclipse.emf.ecore.impl.EGenericTypeImpl@a6e1ad5 (expression: EString)','changeable':'true','volatile':'false','transient':'false','unsettable':'false','derived':'false','eContainingClass':'Placeholder','iD':'false','eAttributeType':'EString'}}" 
},{
	 "id": "77", 
	 "label": "{'changeType': 'Preserve', 'type': 'object', 'className': 'EAnnotation', 'attributes': {'id': '_Zmohut6tEei97MD7GK1RmA', 'source':'http://www.eclipse.org/emf/2002/GenModel','details':['org.eclipse.emf.ecore.impl.EStringToStringMapEntryImpl@6fd55f68 (key: documentation, value: The init expression evaluates to the initial value for this placeholder)'],'eModelElement':'initExpression'}}" 
},{
	 "id": "78", 
	 "label": "{'changeType': 'Preserve', 'type': 'object', 'className': 'EStringToStringMapEntry', 'attributes': {'id': '_Zmohu96tEei97MD7GK1RmA', 'key':'documentation','value':'The init expression evaluates to the initial value for this placeholder'}}" 
},{
	 "id": "79", 
	 "label": "{'changeType': 'Preserve', 'type': 'object', 'className': 'EClass', 'attributes': {'id': '_Zmohvd6tEei97MD7GK1RmA', 'eAnnotations':['org.eclipse.emf.ecore.impl.EAnnotationImpl@69ab1e57 (source: http://www.eclipse.org/emf/2002/GenModel)'],'name':'Parameter','ePackage':'declaration','abstract':'false','interface':'false','eStructuralFeatures':['operation','required','choiceExpression','main'],'eGenericSuperTypes':['org.eclipse.emf.ecore.impl.EGenericTypeImpl@56822dea (expression: Placeholder)','org.eclipse.emf.ecore.impl.EGenericTypeImpl@13e9064d (expression: DescribedElement)']}}" 
},{
	 "id": "80", 
	 "label": "{'changeType': 'Preserve', 'type': 'object', 'className': 'EAnnotation', 'attributes': {'id': '_Zmohvt6tEei97MD7GK1RmA', 'source':'http://www.eclipse.org/emf/2002/GenModel','details':['org.eclipse.emf.ecore.impl.EStringToStringMapEntryImpl@3d98c066 (key: documentation, value: A parameter of an operation)'],'eModelElement':'Parameter'}}" 
},{
	 "id": "81", 
	 "label": "{'changeType': 'Preserve', 'type': 'object', 'className': 'EStringToStringMapEntry', 'attributes': {'id': '_Zmohv96tEei97MD7GK1RmA', 'key':'documentation','value':'A parameter of an operation'}}" 
},{
	 "id": "82", 
	 "label": "{'changeType': 'Preserve', 'type': 'object', 'className': 'EReference', 'attributes': {'id': '_ZmohwN6tEei97MD7GK1RmA', 'eAnnotations':['org.eclipse.emf.ecore.impl.EAnnotationImpl@10da06f0 (source: http://www.eclipse.org/emf/2002/GenModel)'],'name':'operation','ordered':'true','unique':'true','lowerBound':'1','upperBound':'1','many':'false','required':'true','eType':'Operation','eGenericType':'org.eclipse.emf.ecore.impl.EGenericTypeImpl@21b2fd37 (expression: Operation)','changeable':'true','volatile':'false','transient':'false','unsettable':'false','derived':'false','eContainingClass':'Parameter','containment':'false','container':'true','resolveProxies':'true','eOpposite':'parameters','eReferenceType':'Operation'}}" 
},{
	 "id": "83", 
	 "label": "{'changeType': 'Preserve', 'type': 'object', 'className': 'EAnnotation', 'attributes': {'id': '_Zmohwd6tEei97MD7GK1RmA', 'source':'http://www.eclipse.org/emf/2002/GenModel','details':['org.eclipse.emf.ecore.impl.EStringToStringMapEntryImpl@6bba6f7d (key: documentation, value: Operation to which the parameter belongs)'],'eModelElement':'operation'}}" 
},{
	 "id": "84", 
	 "label": "{'changeType': 'Preserve', 'type': 'object', 'className': 'EStringToStringMapEntry', 'attributes': {'id': '_Zmohwt6tEei97MD7GK1RmA', 'key':'documentation','value':'Operation to which the parameter belongs'}}" 
},{
	 "id": "85", 
	 "label": "{'changeType': 'Preserve', 'type': 'object', 'className': 'EAttribute', 'attributes': {'id': '_Zmohw96tEei97MD7GK1RmA', 'eAnnotations':['org.eclipse.emf.ecore.impl.EAnnotationImpl@35373306 (source: http://www.eclipse.org/emf/2002/GenModel)'],'name':'required','ordered':'true','unique':'true','lowerBound':'0','upperBound':'1','many':'false','required':'false','eType':'EBoolean','eGenericType':'org.eclipse.emf.ecore.impl.EGenericTypeImpl@4de3068f (expression: EBoolean)','changeable':'true','volatile':'false','transient':'false','defaultValueLiteral':'true','defaultValue':'true','unsettable':'false','derived':'false','eContainingClass':'Parameter','iD':'false','eAttributeType':'EBoolean'}}" 
},{
	 "id": "86", 
	 "label": "{'changeType': 'Preserve', 'type': 'object', 'className': 'EAnnotation', 'attributes': {'id': '_ZmohxN6tEei97MD7GK1RmA', 'source':'http://www.eclipse.org/emf/2002/GenModel','details':['org.eclipse.emf.ecore.impl.EStringToStringMapEntryImpl@751a5ed6 (key: documentation, value: Whether the parameter is required to be set for allowing an operation to be executed)'],'eModelElement':'required'}}" 
},{
	 "id": "87", 
	 "label": "{'changeType': 'Preserve', 'type': 'object', 'className': 'EStringToStringMapEntry', 'attributes': {'id': '_Zmohxd6tEei97MD7GK1RmA', 'key':'documentation','value':'Whether the parameter is required to be set for allowing an operation to be executed'}}" 
},{
	 "id": "88", 
	 "label": "{'changeType': 'Preserve', 'type': 'object', 'className': 'EAttribute', 'attributes': {'id': '_Zmohx96tEei97MD7GK1RmA', 'eAnnotations':['org.eclipse.emf.ecore.impl.EAnnotationImpl@13a0d78c (source: http://www.eclipse.org/emf/2002/GenModel)'],'name':'choiceExpression','ordered':'true','unique':'true','lowerBound':'0','upperBound':'1','many':'false','required':'false','eType':'EString','eGenericType':'org.eclipse.emf.ecore.impl.EGenericTypeImpl@616978bc (expression: EString)','changeable':'true','volatile':'false','transient':'false','unsettable':'false','derived':'false','eContainingClass':'Parameter','iD':'false','eAttributeType':'EString'}}" 
},{
	 "id": "89", 
	 "label": "{'changeType': 'Preserve', 'type': 'object', 'className': 'EAnnotation', 'attributes': {'id': '_ZmohyN6tEei97MD7GK1RmA', 'source':'http://www.eclipse.org/emf/2002/GenModel','details':['org.eclipse.emf.ecore.impl.EStringToStringMapEntryImpl@346bd7c0 (key: documentation, value: The choice expression determines the possible values for the parameter)'],'eModelElement':'choiceExpression'}}" 
},{
	 "id": "90", 
	 "label": "{'changeType': 'Preserve', 'type': 'object', 'className': 'EStringToStringMapEntry', 'attributes': {'id': '_Zmohyd6tEei97MD7GK1RmA', 'key':'documentation','value':'The choice expression determines the possible values for the parameter'}}" 
},{
	 "id": "91", 
	 "label": "{'changeType': 'Preserve', 'type': 'object', 'className': 'EAttribute', 'attributes': {'id': '_Zmohy96tEei97MD7GK1RmA', 'eAnnotations':['org.eclipse.emf.ecore.impl.EAnnotationImpl@7024a3d6 (source: http://www.eclipse.org/emf/2002/GenModel)'],'name':'main','ordered':'true','unique':'true','lowerBound':'0','upperBound':'1','many':'false','required':'false','eType':'EBoolean','eGenericType':'org.eclipse.emf.ecore.impl.EGenericTypeImpl@309d98b2 (expression: EBoolean)','changeable':'true','volatile':'false','transient':'false','defaultValue':'false','unsettable':'false','derived':'false','eContainingClass':'Parameter','iD':'false','eAttributeType':'EBoolean'}}" 
},{
	 "id": "92", 
	 "label": "{'changeType': 'Preserve', 'type': 'object', 'className': 'EAnnotation', 'attributes': {'id': '_ZmohzN6tEei97MD7GK1RmA', 'source':'http://www.eclipse.org/emf/2002/GenModel','details':['org.eclipse.emf.ecore.impl.EStringToStringMapEntryImpl@1a9bafc5 (key: documentation, value: Whether the parameter is determined by selection (at most one parameter for unambiguousness))'],'eModelElement':'main'}}" 
},{
	 "id": "93", 
	 "label": "{'changeType': 'Preserve', 'type': 'object', 'className': 'EStringToStringMapEntry', 'attributes': {'id': '_Zmohzd6tEei97MD7GK1RmA', 'key':'documentation','value':'Whether the parameter is determined by selection (at most one parameter for unambiguousness)'}}" 
},{
	 "id": "94", 
	 "label": "{'changeType': 'Preserve', 'type': 'object', 'className': 'EClass', 'attributes': {'id': '_Zmohz96tEei97MD7GK1RmA', 'eAnnotations':['org.eclipse.emf.ecore.impl.EAnnotationImpl@2fd28487 (source: http://www.eclipse.org/emf/2002/GenModel)'],'name':'Variable','ePackage':'declaration','abstract':'false','interface':'false','eStructuralFeatures':['operation'],'eGenericSuperTypes':['org.eclipse.emf.ecore.impl.EGenericTypeImpl@68f0fbdb (expression: Placeholder)']}}" 
},{
	 "id": "95", 
	 "label": "{'changeType': 'Preserve', 'type': 'object', 'className': 'EAnnotation', 'attributes': {'id': '_Zmoh0N6tEei97MD7GK1RmA', 'source':'http://www.eclipse.org/emf/2002/GenModel','details':['org.eclipse.emf.ecore.impl.EStringToStringMapEntryImpl@73d6d1c7 (key: documentation, value: A helper variable for use in initial expressions of parameters and constraint expressions)'],'eModelElement':'Variable'}}" 
},{
	 "id": "96", 
	 "label": "{'changeType': 'Preserve', 'type': 'object', 'className': 'EStringToStringMapEntry', 'attributes': {'id': '_Zmoh0d6tEei97MD7GK1RmA', 'key':'documentation','value':'A helper variable for use in initial expressions of parameters and constraint expressions'}}" 
},{
	 "id": "97", 
	 "label": "{'changeType': 'Preserve', 'type': 'object', 'className': 'EReference', 'attributes': {'id': '_Zmoh0t6tEei97MD7GK1RmA', 'eAnnotations':['org.eclipse.emf.ecore.impl.EAnnotationImpl@642b8a96 (source: http://www.eclipse.org/emf/2002/GenModel)'],'name':'operation','ordered':'true','unique':'true','lowerBound':'1','upperBound':'1','many':'false','required':'true','eType':'Operation','eGenericType':'org.eclipse.emf.ecore.impl.EGenericTypeImpl@5f66cb41 (expression: Operation)','changeable':'true','volatile':'false','transient':'false','unsettable':'false','derived':'false','eContainingClass':'Variable','containment':'false','container':'true','resolveProxies':'true','eOpposite':'variables','eReferenceType':'Operation'}}" 
},{
	 "id": "98", 
	 "label": "{'changeType': 'Preserve', 'type': 'object', 'className': 'EAnnotation', 'attributes': {'id': '_Zmoh096tEei97MD7GK1RmA', 'source':'http://www.eclipse.org/emf/2002/GenModel','details':['org.eclipse.emf.ecore.impl.EStringToStringMapEntryImpl@21b6273d (key: documentation, value: Operation to which the variable belongs)'],'eModelElement':'operation'}}" 
},{
	 "id": "99", 
	 "label": "{'changeType': 'Preserve', 'type': 'object', 'className': 'EStringToStringMapEntry', 'attributes': {'id': '_Zmoh1N6tEei97MD7GK1RmA', 'key':'documentation','value':'Operation to which the variable belongs'}}" 
},{
	 "id": "100", 
	 "label": "{'changeType': 'Preserve', 'type': 'object', 'className': 'EClass', 'attributes': {'id': '_Zmoh1d6tEei97MD7GK1RmA', 'eAnnotations':['org.eclipse.emf.ecore.impl.EAnnotationImpl@7e089e9a (source: http://www.eclipse.org/emf/2002/GenModel)'],'name':'Constraint','ePackage':'declaration','abstract':'false','interface':'false','eStructuralFeatures':['operation','booleanExpression'],'eGenericSuperTypes':['org.eclipse.emf.ecore.impl.EGenericTypeImpl@46cfd3ef (expression: LabeledElement)']}}" 
},{
	 "id": "101", 
	 "label": "{'changeType': 'Preserve', 'type': 'object', 'className': 'EAnnotation', 'attributes': {'id': '_Zmoh1t6tEei97MD7GK1RmA', 'source':'http://www.eclipse.org/emf/2002/GenModel','details':['org.eclipse.emf.ecore.impl.EStringToStringMapEntryImpl@6e17c1a9 (key: documentation, value: A constraint which determines whether an operation can be executed with a setting of parameters)'],'eModelElement':'Constraint'}}" 
},{
	 "id": "102", 
	 "label": "{'changeType': 'Preserve', 'type': 'object', 'className': 'EStringToStringMapEntry', 'attributes': {'id': '_Zmoh196tEei97MD7GK1RmA', 'key':'documentation','value':'A constraint which determines whether an operation can be executed with a setting of parameters'}}" 
},{
	 "id": "103", 
	 "label": "{'changeType': 'Preserve', 'type': 'object', 'className': 'EReference', 'attributes': {'id': '_Zmoh2N6tEei97MD7GK1RmA', 'eAnnotations':['org.eclipse.emf.ecore.impl.EAnnotationImpl@12118db1 (source: http://www.eclipse.org/emf/2002/GenModel)'],'name':'operation','ordered':'true','unique':'true','lowerBound':'1','upperBound':'1','many':'false','required':'true','eType':'Operation','eGenericType':'org.eclipse.emf.ecore.impl.EGenericTypeImpl@28572a6f (expression: Operation)','changeable':'true','volatile':'false','transient':'false','unsettable':'false','derived':'false','eContainingClass':'Constraint','containment':'false','container':'true','resolveProxies':'true','eOpposite':'constraints','eReferenceType':'Operation'}}" 
},{
	 "id": "104", 
	 "label": "{'changeType': 'Preserve', 'type': 'object', 'className': 'EAnnotation', 'attributes': {'id': '_Zmoh2d6tEei97MD7GK1RmA', 'source':'http://www.eclipse.org/emf/2002/GenModel','details':['org.eclipse.emf.ecore.impl.EStringToStringMapEntryImpl@42db1cd3 (key: documentation, value: Operation to which the parameter belongs)'],'eModelElement':'operation'}}" 
},{
	 "id": "105", 
	 "label": "{'changeType': 'Preserve', 'type': 'object', 'className': 'EStringToStringMapEntry', 'attributes': {'id': '_Zmoh2t6tEei97MD7GK1RmA', 'key':'documentation','value':'Operation to which the parameter belongs'}}" 
},{
	 "id": "106", 
	 "label": "{'changeType': 'Preserve', 'type': 'object', 'className': 'EAttribute', 'attributes': {'id': '_Zmoh296tEei97MD7GK1RmA', 'eAnnotations':['org.eclipse.emf.ecore.impl.EAnnotationImpl@3d86c2a8 (source: http://www.eclipse.org/emf/2002/GenModel)'],'name':'booleanExpression','ordered':'true','unique':'true','lowerBound':'1','upperBound':'1','many':'false','required':'true','eType':'EString','eGenericType':'org.eclipse.emf.ecore.impl.EGenericTypeImpl@39431197 (expression: EString)','changeable':'true','volatile':'false','transient':'false','unsettable':'false','derived':'false','eContainingClass':'Constraint','iD':'false','eAttributeType':'EString'}}" 
},{
	 "id": "107", 
	 "label": "{'changeType': 'Preserve', 'type': 'object', 'className': 'EAnnotation', 'attributes': {'id': '_Zmoh3N6tEei97MD7GK1RmA', 'source':'http://www.eclipse.org/emf/2002/GenModel','details':['org.eclipse.emf.ecore.impl.EStringToStringMapEntryImpl@2364acac (key: documentation, value: The boolean expression to evaluate whether the constraint is fulfilled)'],'eModelElement':'booleanExpression'}}" 
},{
	 "id": "108", 
	 "label": "{'changeType': 'Preserve', 'type': 'object', 'className': 'EStringToStringMapEntry', 'attributes': {'id': '_Zmoh3d6tEei97MD7GK1RmA', 'key':'documentation','value':'The boolean expression to evaluate whether the constraint is fulfilled'}}" 
},{
	 "id": "109", 
	 "label": "{'changeType': 'Preserve', 'type': 'object', 'className': 'EClass', 'attributes': {'id': '_Zmoh396tEei97MD7GK1RmA', 'eAnnotations':['org.eclipse.emf.ecore.impl.EAnnotationImpl@2f02416 (source: http://www.eclipse.org/emf/2002/GenModel)'],'name':'TypedElement','ePackage':'declaration','abstract':'true','interface':'false','eStructuralFeatures':['many','classifier','classifierName']}}" 
},{
	 "id": "110", 
	 "label": "{'changeType': 'Preserve', 'type': 'object', 'className': 'EAnnotation', 'attributes': {'id': '_Zmoh4N6tEei97MD7GK1RmA', 'source':'http://www.eclipse.org/emf/2002/GenModel','details':['org.eclipse.emf.ecore.impl.EStringToStringMapEntryImpl@4f7f928 (key: documentation, value: Proxy for a type)'],'eModelElement':'TypedElement'}}" 
},{
	 "id": "111", 
	 "label": "{'changeType': 'Preserve', 'type': 'object', 'className': 'EStringToStringMapEntry', 'attributes': {'id': '_Zmoh4d6tEei97MD7GK1RmA', 'key':'documentation','value':'Proxy for a type'}}" 
},{
	 "id": "112", 
	 "label": "{'changeType': 'Preserve', 'type': 'object', 'className': 'EAttribute', 'attributes': {'id': '_Zmoh4t6tEei97MD7GK1RmA', 'eAnnotations':['org.eclipse.emf.ecore.impl.EAnnotationImpl@6d19ef16 (source: http://www.eclipse.org/emf/2002/GenModel)'],'name':'many','ordered':'true','unique':'true','lowerBound':'0','upperBound':'1','many':'false','required':'false','eType':'EBoolean','eGenericType':'org.eclipse.emf.ecore.impl.EGenericTypeImpl@55cf2c7f (expression: EBoolean)','changeable':'true','volatile':'false','transient':'false','defaultValue':'false','unsettable':'false','derived':'false','eContainingClass':'TypedElement','iD':'false','eAttributeType':'EBoolean'}}" 
},{
	 "id": "113", 
	 "label": "{'changeType': 'Preserve', 'type': 'object', 'className': 'EAnnotation', 'attributes': {'id': '_Zmoh496tEei97MD7GK1RmA', 'source':'http://www.eclipse.org/emf/2002/GenModel','details':['org.eclipse.emf.ecore.impl.EStringToStringMapEntryImpl@6ecab637 (key: documentation, value: Whether the type is multi-valued)'],'eModelElement':'many'}}" 
},{
	 "id": "114", 
	 "label": "{'changeType': 'Preserve', 'type': 'object', 'className': 'EStringToStringMapEntry', 'attributes': {'id': '_Zmoh5N6tEei97MD7GK1RmA', 'key':'documentation','value':'Whether the type is multi-valued'}}" 
},{
	 "id": "115", 
	 "label": "{'changeType': 'Preserve', 'type': 'object', 'className': 'EReference', 'attributes': {'id': '_Zmoh5t6tEei97MD7GK1RmA', 'eAnnotations':['org.eclipse.emf.ecore.impl.EAnnotationImpl@1e80b550 (source: http://www.eclipse.org/emf/2002/GenModel)'],'name':'classifier','ordered':'true','unique':'true','lowerBound':'1','upperBound':'1','many':'false','required':'true','eType':'EClassifier','eGenericType':'org.eclipse.emf.ecore.impl.EGenericTypeImpl@940afba (expression: EClassifier)','changeable':'true','volatile':'true','transient':'true','unsettable':'false','derived':'true','eContainingClass':'TypedElement','containment':'false','container':'false','resolveProxies':'true','eReferenceType':'EClassifier'}}" 
},{
	 "id": "116", 
	 "label": "{'changeType': 'Preserve', 'type': 'object', 'className': 'EAnnotation', 'attributes': {'id': '_Zmoh596tEei97MD7GK1RmA', 'source':'http://www.eclipse.org/emf/2002/GenModel','details':['org.eclipse.emf.ecore.impl.EStringToStringMapEntryImpl@2540d3b9 (key: documentation, value: Classifier for which the type stands (the value of this reference is derived from the type's name))'],'eModelElement':'classifier'}}" 
},{
	 "id": "117", 
	 "label": "{'changeType': 'Preserve', 'type': 'object', 'className': 'EStringToStringMapEntry', 'attributes': {'id': '_Zmoh6N6tEei97MD7GK1RmA', 'key':'documentation','value':'Classifier for which the type stands (the value of this reference is derived from the type's name)'}}" 
},{
	 "id": "118", 
	 "label": "{'changeType': 'Preserve', 'type': 'object', 'className': 'EAttribute', 'attributes': {'id': '_Zmoh6t6tEei97MD7GK1RmA', 'eAnnotations':['org.eclipse.emf.ecore.impl.EAnnotationImpl@327617da (source: http://www.eclipse.org/emf/2002/GenModel)'],'name':'classifierName','ordered':'true','unique':'true','lowerBound':'1','upperBound':'1','many':'false','required':'true','eType':'EString','eGenericType':'org.eclipse.emf.ecore.impl.EGenericTypeImpl@1d3997c2 (expression: EString)','changeable':'true','volatile':'false','transient':'false','unsettable':'false','derived':'false','eContainingClass':'TypedElement','iD':'false','eAttributeType':'EString'}}" 
},{
	 "id": "119", 
	 "label": "{'changeType': 'Preserve', 'type': 'object', 'className': 'EAnnotation', 'attributes': {'id': '_Zmoh696tEei97MD7GK1RmA', 'source':'http://www.eclipse.org/emf/2002/GenModel','details':['org.eclipse.emf.ecore.impl.EStringToStringMapEntryImpl@1188c736 (key: documentation, value: Name of the classifier for which the type stands)'],'eModelElement':'classifierName'}}" 
},{
	 "id": "120", 
	 "label": "{'changeType': 'Preserve', 'type': 'object', 'className': 'EStringToStringMapEntry', 'attributes': {'id': '_Zmoh7N6tEei97MD7GK1RmA', 'key':'documentation','value':'Name of the classifier for which the type stands'}}" 
}], 
 "links": [{
	 "source": "0", 
	 "target": "1", 
	 "label": "{'changeType': 'Change', 'type': 'attribute'}" 
},{
	 "source": "2", 
	 "target": "0", 
	 "label": "{'changeType': 'Preserve', 'type': 'reference', 'referenceTypeName': 'eAnnotations'}" 
},{
	 "source": "0", 
	 "target": "2", 
	 "label": "{'changeType': 'Preserve', 'type': 'reference', 'referenceTypeName': 'eModelElement'}" 
},{
	 "source": "3", 
	 "target": "2", 
	 "label": "{'changeType': 'Preserve', 'type': 'reference', 'referenceTypeName': 'details'}" 
},{
	 "source": "4", 
	 "target": "0", 
	 "label": "{'changeType': 'Preserve', 'type': 'reference', 'referenceTypeName': 'eClassifiers'}" 
},{
	 "source": "0", 
	 "target": "4", 
	 "label": "{'changeType': 'Preserve', 'type': 'reference', 'referenceTypeName': 'ePackage'}" 
},{
	 "source": "5", 
	 "target": "4", 
	 "label": "{'changeType': 'Preserve', 'type': 'reference', 'referenceTypeName': 'eAnnotations'}" 
},{
	 "source": "4", 
	 "target": "5", 
	 "label": "{'changeType': 'Preserve', 'type': 'reference', 'referenceTypeName': 'eModelElement'}" 
},{
	 "source": "6", 
	 "target": "5", 
	 "label": "{'changeType': 'Preserve', 'type': 'reference', 'referenceTypeName': 'details'}" 
},{
	 "source": "7", 
	 "target": "4", 
	 "label": "{'changeType': 'Preserve', 'type': 'reference', 'referenceTypeName': 'eStructuralFeatures'}" 
},{
	 "source": "4", 
	 "target": "7", 
	 "label": "{'changeType': 'Preserve', 'type': 'reference', 'referenceTypeName': 'eContainingClass'}" 
},{
	 "source": "8", 
	 "target": "7", 
	 "label": "{'changeType': 'Preserve', 'type': 'reference', 'referenceTypeName': 'eAnnotations'}" 
},{
	 "source": "7", 
	 "target": "8", 
	 "label": "{'changeType': 'Preserve', 'type': 'reference', 'referenceTypeName': 'eModelElement'}" 
},{
	 "source": "9", 
	 "target": "8", 
	 "label": "{'changeType': 'Preserve', 'type': 'reference', 'referenceTypeName': 'details'}" 
},{
	 "source": "10", 
	 "target": "0", 
	 "label": "{'changeType': 'Preserve', 'type': 'reference', 'referenceTypeName': 'eClassifiers'}" 
},{
	 "source": "0", 
	 "target": "10", 
	 "label": "{'changeType': 'Preserve', 'type': 'reference', 'referenceTypeName': 'ePackage'}" 
},{
	 "source": "11", 
	 "target": "10", 
	 "label": "{'changeType': 'Preserve', 'type': 'reference', 'referenceTypeName': 'eAnnotations'}" 
},{
	 "source": "10", 
	 "target": "11", 
	 "label": "{'changeType': 'Preserve', 'type': 'reference', 'referenceTypeName': 'eModelElement'}" 
},{
	 "source": "12", 
	 "target": "11", 
	 "label": "{'changeType': 'Preserve', 'type': 'reference', 'referenceTypeName': 'details'}" 
},{
	 "source": "13", 
	 "target": "10", 
	 "label": "{'changeType': 'Preserve', 'type': 'reference', 'referenceTypeName': 'eStructuralFeatures'}" 
},{
	 "source": "10", 
	 "target": "13", 
	 "label": "{'changeType': 'Preserve', 'type': 'reference', 'referenceTypeName': 'eContainingClass'}" 
},{
	 "source": "14", 
	 "target": "13", 
	 "label": "{'changeType': 'Preserve', 'type': 'reference', 'referenceTypeName': 'eAnnotations'}" 
},{
	 "source": "13", 
	 "target": "14", 
	 "label": "{'changeType': 'Preserve', 'type': 'reference', 'referenceTypeName': 'eModelElement'}" 
},{
	 "source": "15", 
	 "target": "14", 
	 "label": "{'changeType': 'Preserve', 'type': 'reference', 'referenceTypeName': 'details'}" 
},{
	 "source": "16", 
	 "target": "0", 
	 "label": "{'changeType': 'Preserve', 'type': 'reference', 'referenceTypeName': 'eClassifiers'}" 
},{
	 "source": "0", 
	 "target": "16", 
	 "label": "{'changeType': 'Preserve', 'type': 'reference', 'referenceTypeName': 'ePackage'}" 
},{
	 "source": "17", 
	 "target": "16", 
	 "label": "{'changeType': 'Preserve', 'type': 'reference', 'referenceTypeName': 'eAnnotations'}" 
},{
	 "source": "16", 
	 "target": "17", 
	 "label": "{'changeType': 'Preserve', 'type': 'reference', 'referenceTypeName': 'eModelElement'}" 
},{
	 "source": "18", 
	 "target": "17", 
	 "label": "{'changeType': 'Preserve', 'type': 'reference', 'referenceTypeName': 'details'}" 
},{
	 "source": "19", 
	 "target": "16", 
	 "label": "{'changeType': 'Preserve', 'type': 'reference', 'referenceTypeName': 'eStructuralFeatures'}" 
},{
	 "source": "16", 
	 "target": "19", 
	 "label": "{'changeType': 'Preserve', 'type': 'reference', 'referenceTypeName': 'eContainingClass'}" 
},{
	 "source": "20", 
	 "target": "19", 
	 "label": "{'changeType': 'Preserve', 'type': 'reference', 'referenceTypeName': 'eAnnotations'}" 
},{
	 "source": "19", 
	 "target": "20", 
	 "label": "{'changeType': 'Preserve', 'type': 'reference', 'referenceTypeName': 'eModelElement'}" 
},{
	 "source": "21", 
	 "target": "20", 
	 "label": "{'changeType': 'Preserve', 'type': 'reference', 'referenceTypeName': 'details'}" 
},{
	 "source": "22", 
	 "target": "0", 
	 "label": "{'changeType': 'Preserve', 'type': 'reference', 'referenceTypeName': 'eClassifiers'}" 
},{
	 "source": "0", 
	 "target": "22", 
	 "label": "{'changeType': 'Preserve', 'type': 'reference', 'referenceTypeName': 'ePackage'}" 
},{
	 "source": "23", 
	 "target": "22", 
	 "label": "{'changeType': 'Preserve', 'type': 'reference', 'referenceTypeName': 'eAnnotations'}" 
},{
	 "source": "22", 
	 "target": "23", 
	 "label": "{'changeType': 'Preserve', 'type': 'reference', 'referenceTypeName': 'eModelElement'}" 
},{
	 "source": "24", 
	 "target": "23", 
	 "label": "{'changeType': 'Preserve', 'type': 'reference', 'referenceTypeName': 'details'}" 
},{
	 "source": "25", 
	 "target": "22", 
	 "label": "{'changeType': 'Preserve', 'type': 'reference', 'referenceTypeName': 'eOperations'}" 
},{
	 "source": "22", 
	 "target": "25", 
	 "label": "{'changeType': 'Preserve', 'type': 'reference', 'referenceTypeName': 'eContainingClass'}" 
},{
	 "source": "26", 
	 "target": "25", 
	 "label": "{'changeType': 'Preserve', 'type': 'reference', 'referenceTypeName': 'eAnnotations'}" 
},{
	 "source": "25", 
	 "target": "26", 
	 "label": "{'changeType': 'Preserve', 'type': 'reference', 'referenceTypeName': 'eModelElement'}" 
},{
	 "source": "27", 
	 "target": "26", 
	 "label": "{'changeType': 'Preserve', 'type': 'reference', 'referenceTypeName': 'details'}" 
},{
	 "source": "28", 
	 "target": "25", 
	 "label": "{'changeType': 'Preserve', 'type': 'reference', 'referenceTypeName': 'eParameters'}" 
},{
	 "source": "25", 
	 "target": "28", 
	 "label": "{'changeType': 'Preserve', 'type': 'reference', 'referenceTypeName': 'eOperation'}" 
},{
	 "source": "29", 
	 "target": "22", 
	 "label": "{'changeType': 'Preserve', 'type': 'reference', 'referenceTypeName': 'eOperations'}" 
},{
	 "source": "22", 
	 "target": "29", 
	 "label": "{'changeType': 'Preserve', 'type': 'reference', 'referenceTypeName': 'eContainingClass'}" 
},{
	 "source": "30", 
	 "target": "29", 
	 "label": "{'changeType': 'Preserve', 'type': 'reference', 'referenceTypeName': 'eAnnotations'}" 
},{
	 "source": "29", 
	 "target": "30", 
	 "label": "{'changeType': 'Preserve', 'type': 'reference', 'referenceTypeName': 'eModelElement'}" 
},{
	 "source": "31", 
	 "target": "30", 
	 "label": "{'changeType': 'Preserve', 'type': 'reference', 'referenceTypeName': 'details'}" 
},{
	 "source": "32", 
	 "target": "22", 
	 "label": "{'changeType': 'Preserve', 'type': 'reference', 'referenceTypeName': 'eStructuralFeatures'}" 
},{
	 "source": "22", 
	 "target": "32", 
	 "label": "{'changeType': 'Preserve', 'type': 'reference', 'referenceTypeName': 'eContainingClass'}" 
},{
	 "source": "33", 
	 "target": "32", 
	 "label": "{'changeType': 'Preserve', 'type': 'reference', 'referenceTypeName': 'eAnnotations'}" 
},{
	 "source": "32", 
	 "target": "33", 
	 "label": "{'changeType': 'Preserve', 'type': 'reference', 'referenceTypeName': 'eModelElement'}" 
},{
	 "source": "34", 
	 "target": "33", 
	 "label": "{'changeType': 'Preserve', 'type': 'reference', 'referenceTypeName': 'details'}" 
},{
	 "source": "35", 
	 "target": "22", 
	 "label": "{'changeType': 'Preserve', 'type': 'reference', 'referenceTypeName': 'eStructuralFeatures'}" 
},{
	 "source": "22", 
	 "target": "35", 
	 "label": "{'changeType': 'Preserve', 'type': 'reference', 'referenceTypeName': 'eContainingClass'}" 
},{
	 "source": "36", 
	 "target": "35", 
	 "label": "{'changeType': 'Preserve', 'type': 'reference', 'referenceTypeName': 'eAnnotations'}" 
},{
	 "source": "35", 
	 "target": "36", 
	 "label": "{'changeType': 'Preserve', 'type': 'reference', 'referenceTypeName': 'eModelElement'}" 
},{
	 "source": "37", 
	 "target": "36", 
	 "label": "{'changeType': 'Preserve', 'type': 'reference', 'referenceTypeName': 'details'}" 
},{
	 "source": "38", 
	 "target": "0", 
	 "label": "{'changeType': 'Preserve', 'type': 'reference', 'referenceTypeName': 'eClassifiers'}" 
},{
	 "source": "0", 
	 "target": "38", 
	 "label": "{'changeType': 'Preserve', 'type': 'reference', 'referenceTypeName': 'ePackage'}" 
},{
	 "source": "39", 
	 "target": "38", 
	 "label": "{'changeType': 'Preserve', 'type': 'reference', 'referenceTypeName': 'eAnnotations'}" 
},{
	 "source": "38", 
	 "target": "39", 
	 "label": "{'changeType': 'Preserve', 'type': 'reference', 'referenceTypeName': 'eModelElement'}" 
},{
	 "source": "40", 
	 "target": "39", 
	 "label": "{'changeType': 'Preserve', 'type': 'reference', 'referenceTypeName': 'details'}" 
},{
	 "source": "41", 
	 "target": "38", 
	 "label": "{'changeType': 'Preserve', 'type': 'reference', 'referenceTypeName': 'eOperations'}" 
},{
	 "source": "38", 
	 "target": "41", 
	 "label": "{'changeType': 'Preserve', 'type': 'reference', 'referenceTypeName': 'eContainingClass'}" 
},{
	 "source": "42", 
	 "target": "41", 
	 "label": "{'changeType': 'Preserve', 'type': 'reference', 'referenceTypeName': 'eAnnotations'}" 
},{
	 "source": "41", 
	 "target": "42", 
	 "label": "{'changeType': 'Preserve', 'type': 'reference', 'referenceTypeName': 'eModelElement'}" 
},{
	 "source": "43", 
	 "target": "42", 
	 "label": "{'changeType': 'Preserve', 'type': 'reference', 'referenceTypeName': 'details'}" 
},{
	 "source": "44", 
	 "target": "41", 
	 "label": "{'changeType': 'Preserve', 'type': 'reference', 'referenceTypeName': 'eParameters'}" 
},{
	 "source": "41", 
	 "target": "44", 
	 "label": "{'changeType': 'Preserve', 'type': 'reference', 'referenceTypeName': 'eOperation'}" 
},{
	 "source": "45", 
	 "target": "38", 
	 "label": "{'changeType': 'Preserve', 'type': 'reference', 'referenceTypeName': 'eOperations'}" 
},{
	 "source": "38", 
	 "target": "45", 
	 "label": "{'changeType': 'Preserve', 'type': 'reference', 'referenceTypeName': 'eContainingClass'}" 
},{
	 "source": "46", 
	 "target": "45", 
	 "label": "{'changeType': 'Preserve', 'type': 'reference', 'referenceTypeName': 'eAnnotations'}" 
},{
	 "source": "45", 
	 "target": "46", 
	 "label": "{'changeType': 'Preserve', 'type': 'reference', 'referenceTypeName': 'eModelElement'}" 
},{
	 "source": "47", 
	 "target": "46", 
	 "label": "{'changeType': 'Preserve', 'type': 'reference', 'referenceTypeName': 'details'}" 
},{
	 "source": "48", 
	 "target": "45", 
	 "label": "{'changeType': 'Preserve', 'type': 'reference', 'referenceTypeName': 'eParameters'}" 
},{
	 "source": "45", 
	 "target": "48", 
	 "label": "{'changeType': 'Preserve', 'type': 'reference', 'referenceTypeName': 'eOperation'}" 
},{
	 "source": "49", 
	 "target": "38", 
	 "label": "{'changeType': 'Preserve', 'type': 'reference', 'referenceTypeName': 'eOperations'}" 
},{
	 "source": "38", 
	 "target": "49", 
	 "label": "{'changeType': 'Preserve', 'type': 'reference', 'referenceTypeName': 'eContainingClass'}" 
},{
	 "source": "50", 
	 "target": "49", 
	 "label": "{'changeType': 'Preserve', 'type': 'reference', 'referenceTypeName': 'eAnnotations'}" 
},{
	 "source": "49", 
	 "target": "50", 
	 "label": "{'changeType': 'Preserve', 'type': 'reference', 'referenceTypeName': 'eModelElement'}" 
},{
	 "source": "51", 
	 "target": "50", 
	 "label": "{'changeType': 'Preserve', 'type': 'reference', 'referenceTypeName': 'details'}" 
},{
	 "source": "52", 
	 "target": "38", 
	 "label": "{'changeType': 'Preserve', 'type': 'reference', 'referenceTypeName': 'eOperations'}" 
},{
	 "source": "38", 
	 "target": "52", 
	 "label": "{'changeType': 'Preserve', 'type': 'reference', 'referenceTypeName': 'eContainingClass'}" 
},{
	 "source": "53", 
	 "target": "38", 
	 "label": "{'changeType': 'Preserve', 'type': 'reference', 'referenceTypeName': 'eStructuralFeatures'}" 
},{
	 "source": "38", 
	 "target": "53", 
	 "label": "{'changeType': 'Preserve', 'type': 'reference', 'referenceTypeName': 'eContainingClass'}" 
},{
	 "source": "54", 
	 "target": "53", 
	 "label": "{'changeType': 'Preserve', 'type': 'reference', 'referenceTypeName': 'eAnnotations'}" 
},{
	 "source": "53", 
	 "target": "54", 
	 "label": "{'changeType': 'Preserve', 'type': 'reference', 'referenceTypeName': 'eModelElement'}" 
},{
	 "source": "55", 
	 "target": "54", 
	 "label": "{'changeType': 'Preserve', 'type': 'reference', 'referenceTypeName': 'details'}" 
},{
	 "source": "56", 
	 "target": "38", 
	 "label": "{'changeType': 'Preserve', 'type': 'reference', 'referenceTypeName': 'eStructuralFeatures'}" 
},{
	 "source": "38", 
	 "target": "56", 
	 "label": "{'changeType': 'Preserve', 'type': 'reference', 'referenceTypeName': 'eContainingClass'}" 
},{
	 "source": "57", 
	 "target": "56", 
	 "label": "{'changeType': 'Preserve', 'type': 'reference', 'referenceTypeName': 'eAnnotations'}" 
},{
	 "source": "56", 
	 "target": "57", 
	 "label": "{'changeType': 'Preserve', 'type': 'reference', 'referenceTypeName': 'eModelElement'}" 
},{
	 "source": "58", 
	 "target": "57", 
	 "label": "{'changeType': 'Preserve', 'type': 'reference', 'referenceTypeName': 'details'}" 
},{
	 "source": "59", 
	 "target": "38", 
	 "label": "{'changeType': 'Preserve', 'type': 'reference', 'referenceTypeName': 'eStructuralFeatures'}" 
},{
	 "source": "38", 
	 "target": "59", 
	 "label": "{'changeType': 'Preserve', 'type': 'reference', 'referenceTypeName': 'eContainingClass'}" 
},{
	 "source": "60", 
	 "target": "59", 
	 "label": "{'changeType': 'Preserve', 'type': 'reference', 'referenceTypeName': 'eAnnotations'}" 
},{
	 "source": "59", 
	 "target": "60", 
	 "label": "{'changeType': 'Preserve', 'type': 'reference', 'referenceTypeName': 'eModelElement'}" 
},{
	 "source": "61", 
	 "target": "60", 
	 "label": "{'changeType': 'Preserve', 'type': 'reference', 'referenceTypeName': 'details'}" 
},{
	 "source": "62", 
	 "target": "38", 
	 "label": "{'changeType': 'Preserve', 'type': 'reference', 'referenceTypeName': 'eStructuralFeatures'}" 
},{
	 "source": "38", 
	 "target": "62", 
	 "label": "{'changeType': 'Preserve', 'type': 'reference', 'referenceTypeName': 'eContainingClass'}" 
},{
	 "source": "63", 
	 "target": "62", 
	 "label": "{'changeType': 'Preserve', 'type': 'reference', 'referenceTypeName': 'eAnnotations'}" 
},{
	 "source": "62", 
	 "target": "63", 
	 "label": "{'changeType': 'Preserve', 'type': 'reference', 'referenceTypeName': 'eModelElement'}" 
},{
	 "source": "64", 
	 "target": "63", 
	 "label": "{'changeType': 'Preserve', 'type': 'reference', 'referenceTypeName': 'details'}" 
},{
	 "source": "65", 
	 "target": "38", 
	 "label": "{'changeType': 'Preserve', 'type': 'reference', 'referenceTypeName': 'eStructuralFeatures'}" 
},{
	 "source": "38", 
	 "target": "65", 
	 "label": "{'changeType': 'Preserve', 'type': 'reference', 'referenceTypeName': 'eContainingClass'}" 
},{
	 "source": "66", 
	 "target": "65", 
	 "label": "{'changeType': 'Preserve', 'type': 'reference', 'referenceTypeName': 'eAnnotations'}" 
},{
	 "source": "65", 
	 "target": "66", 
	 "label": "{'changeType': 'Preserve', 'type': 'reference', 'referenceTypeName': 'eModelElement'}" 
},{
	 "source": "67", 
	 "target": "66", 
	 "label": "{'changeType': 'Preserve', 'type': 'reference', 'referenceTypeName': 'details'}" 
},{
	 "source": "68", 
	 "target": "38", 
	 "label": "{'changeType': 'Preserve', 'type': 'reference', 'referenceTypeName': 'eStructuralFeatures'}" 
},{
	 "source": "38", 
	 "target": "68", 
	 "label": "{'changeType': 'Preserve', 'type': 'reference', 'referenceTypeName': 'eContainingClass'}" 
},{
	 "source": "69", 
	 "target": "68", 
	 "label": "{'changeType': 'Preserve', 'type': 'reference', 'referenceTypeName': 'eAnnotations'}" 
},{
	 "source": "68", 
	 "target": "69", 
	 "label": "{'changeType': 'Preserve', 'type': 'reference', 'referenceTypeName': 'eModelElement'}" 
},{
	 "source": "70", 
	 "target": "69", 
	 "label": "{'changeType': 'Preserve', 'type': 'reference', 'referenceTypeName': 'details'}" 
},{
	 "source": "71", 
	 "target": "38", 
	 "label": "{'changeType': 'Preserve', 'type': 'reference', 'referenceTypeName': 'eStructuralFeatures'}" 
},{
	 "source": "38", 
	 "target": "71", 
	 "label": "{'changeType': 'Preserve', 'type': 'reference', 'referenceTypeName': 'eContainingClass'}" 
},{
	 "source": "72", 
	 "target": "38", 
	 "label": "{'changeType': 'Preserve', 'type': 'reference', 'referenceTypeName': 'eStructuralFeatures'}" 
},{
	 "source": "38", 
	 "target": "72", 
	 "label": "{'changeType': 'Preserve', 'type': 'reference', 'referenceTypeName': 'eContainingClass'}" 
},{
	 "source": "73", 
	 "target": "0", 
	 "label": "{'changeType': 'Preserve', 'type': 'reference', 'referenceTypeName': 'eClassifiers'}" 
},{
	 "source": "0", 
	 "target": "73", 
	 "label": "{'changeType': 'Preserve', 'type': 'reference', 'referenceTypeName': 'ePackage'}" 
},{
	 "source": "74", 
	 "target": "73", 
	 "label": "{'changeType': 'Preserve', 'type': 'reference', 'referenceTypeName': 'eAnnotations'}" 
},{
	 "source": "73", 
	 "target": "74", 
	 "label": "{'changeType': 'Preserve', 'type': 'reference', 'referenceTypeName': 'eModelElement'}" 
},{
	 "source": "75", 
	 "target": "74", 
	 "label": "{'changeType': 'Preserve', 'type': 'reference', 'referenceTypeName': 'details'}" 
},{
	 "source": "76", 
	 "target": "73", 
	 "label": "{'changeType': 'Preserve', 'type': 'reference', 'referenceTypeName': 'eStructuralFeatures'}" 
},{
	 "source": "73", 
	 "target": "76", 
	 "label": "{'changeType': 'Preserve', 'type': 'reference', 'referenceTypeName': 'eContainingClass'}" 
},{
	 "source": "77", 
	 "target": "76", 
	 "label": "{'changeType': 'Preserve', 'type': 'reference', 'referenceTypeName': 'eAnnotations'}" 
},{
	 "source": "76", 
	 "target": "77", 
	 "label": "{'changeType': 'Preserve', 'type': 'reference', 'referenceTypeName': 'eModelElement'}" 
},{
	 "source": "78", 
	 "target": "77", 
	 "label": "{'changeType': 'Preserve', 'type': 'reference', 'referenceTypeName': 'details'}" 
},{
	 "source": "79", 
	 "target": "0", 
	 "label": "{'changeType': 'Preserve', 'type': 'reference', 'referenceTypeName': 'eClassifiers'}" 
},{
	 "source": "0", 
	 "target": "79", 
	 "label": "{'changeType': 'Preserve', 'type': 'reference', 'referenceTypeName': 'ePackage'}" 
},{
	 "source": "80", 
	 "target": "79", 
	 "label": "{'changeType': 'Preserve', 'type': 'reference', 'referenceTypeName': 'eAnnotations'}" 
},{
	 "source": "79", 
	 "target": "80", 
	 "label": "{'changeType': 'Preserve', 'type': 'reference', 'referenceTypeName': 'eModelElement'}" 
},{
	 "source": "81", 
	 "target": "80", 
	 "label": "{'changeType': 'Preserve', 'type': 'reference', 'referenceTypeName': 'details'}" 
},{
	 "source": "82", 
	 "target": "79", 
	 "label": "{'changeType': 'Preserve', 'type': 'reference', 'referenceTypeName': 'eStructuralFeatures'}" 
},{
	 "source": "79", 
	 "target": "82", 
	 "label": "{'changeType': 'Preserve', 'type': 'reference', 'referenceTypeName': 'eContainingClass'}" 
},{
	 "source": "83", 
	 "target": "82", 
	 "label": "{'changeType': 'Preserve', 'type': 'reference', 'referenceTypeName': 'eAnnotations'}" 
},{
	 "source": "82", 
	 "target": "83", 
	 "label": "{'changeType': 'Preserve', 'type': 'reference', 'referenceTypeName': 'eModelElement'}" 
},{
	 "source": "84", 
	 "target": "83", 
	 "label": "{'changeType': 'Preserve', 'type': 'reference', 'referenceTypeName': 'details'}" 
},{
	 "source": "85", 
	 "target": "79", 
	 "label": "{'changeType': 'Preserve', 'type': 'reference', 'referenceTypeName': 'eStructuralFeatures'}" 
},{
	 "source": "79", 
	 "target": "85", 
	 "label": "{'changeType': 'Preserve', 'type': 'reference', 'referenceTypeName': 'eContainingClass'}" 
},{
	 "source": "86", 
	 "target": "85", 
	 "label": "{'changeType': 'Preserve', 'type': 'reference', 'referenceTypeName': 'eAnnotations'}" 
},{
	 "source": "85", 
	 "target": "86", 
	 "label": "{'changeType': 'Preserve', 'type': 'reference', 'referenceTypeName': 'eModelElement'}" 
},{
	 "source": "87", 
	 "target": "86", 
	 "label": "{'changeType': 'Preserve', 'type': 'reference', 'referenceTypeName': 'details'}" 
},{
	 "source": "88", 
	 "target": "79", 
	 "label": "{'changeType': 'Preserve', 'type': 'reference', 'referenceTypeName': 'eStructuralFeatures'}" 
},{
	 "source": "79", 
	 "target": "88", 
	 "label": "{'changeType': 'Preserve', 'type': 'reference', 'referenceTypeName': 'eContainingClass'}" 
},{
	 "source": "89", 
	 "target": "88", 
	 "label": "{'changeType': 'Preserve', 'type': 'reference', 'referenceTypeName': 'eAnnotations'}" 
},{
	 "source": "88", 
	 "target": "89", 
	 "label": "{'changeType': 'Preserve', 'type': 'reference', 'referenceTypeName': 'eModelElement'}" 
},{
	 "source": "90", 
	 "target": "89", 
	 "label": "{'changeType': 'Preserve', 'type': 'reference', 'referenceTypeName': 'details'}" 
},{
	 "source": "91", 
	 "target": "79", 
	 "label": "{'changeType': 'Preserve', 'type': 'reference', 'referenceTypeName': 'eStructuralFeatures'}" 
},{
	 "source": "79", 
	 "target": "91", 
	 "label": "{'changeType': 'Preserve', 'type': 'reference', 'referenceTypeName': 'eContainingClass'}" 
},{
	 "source": "92", 
	 "target": "91", 
	 "label": "{'changeType': 'Preserve', 'type': 'reference', 'referenceTypeName': 'eAnnotations'}" 
},{
	 "source": "91", 
	 "target": "92", 
	 "label": "{'changeType': 'Preserve', 'type': 'reference', 'referenceTypeName': 'eModelElement'}" 
},{
	 "source": "93", 
	 "target": "92", 
	 "label": "{'changeType': 'Preserve', 'type': 'reference', 'referenceTypeName': 'details'}" 
},{
	 "source": "94", 
	 "target": "0", 
	 "label": "{'changeType': 'Preserve', 'type': 'reference', 'referenceTypeName': 'eClassifiers'}" 
},{
	 "source": "0", 
	 "target": "94", 
	 "label": "{'changeType': 'Preserve', 'type': 'reference', 'referenceTypeName': 'ePackage'}" 
},{
	 "source": "95", 
	 "target": "94", 
	 "label": "{'changeType': 'Preserve', 'type': 'reference', 'referenceTypeName': 'eAnnotations'}" 
},{
	 "source": "94", 
	 "target": "95", 
	 "label": "{'changeType': 'Preserve', 'type': 'reference', 'referenceTypeName': 'eModelElement'}" 
},{
	 "source": "96", 
	 "target": "95", 
	 "label": "{'changeType': 'Preserve', 'type': 'reference', 'referenceTypeName': 'details'}" 
},{
	 "source": "97", 
	 "target": "94", 
	 "label": "{'changeType': 'Preserve', 'type': 'reference', 'referenceTypeName': 'eStructuralFeatures'}" 
},{
	 "source": "94", 
	 "target": "97", 
	 "label": "{'changeType': 'Preserve', 'type': 'reference', 'referenceTypeName': 'eContainingClass'}" 
},{
	 "source": "98", 
	 "target": "97", 
	 "label": "{'changeType': 'Preserve', 'type': 'reference', 'referenceTypeName': 'eAnnotations'}" 
},{
	 "source": "97", 
	 "target": "98", 
	 "label": "{'changeType': 'Preserve', 'type': 'reference', 'referenceTypeName': 'eModelElement'}" 
},{
	 "source": "99", 
	 "target": "98", 
	 "label": "{'changeType': 'Preserve', 'type': 'reference', 'referenceTypeName': 'details'}" 
},{
	 "source": "100", 
	 "target": "0", 
	 "label": "{'changeType': 'Preserve', 'type': 'reference', 'referenceTypeName': 'eClassifiers'}" 
},{
	 "source": "0", 
	 "target": "100", 
	 "label": "{'changeType': 'Preserve', 'type': 'reference', 'referenceTypeName': 'ePackage'}" 
},{
	 "source": "101", 
	 "target": "100", 
	 "label": "{'changeType': 'Preserve', 'type': 'reference', 'referenceTypeName': 'eAnnotations'}" 
},{
	 "source": "100", 
	 "target": "101", 
	 "label": "{'changeType': 'Preserve', 'type': 'reference', 'referenceTypeName': 'eModelElement'}" 
},{
	 "source": "102", 
	 "target": "101", 
	 "label": "{'changeType': 'Preserve', 'type': 'reference', 'referenceTypeName': 'details'}" 
},{
	 "source": "103", 
	 "target": "100", 
	 "label": "{'changeType': 'Preserve', 'type': 'reference', 'referenceTypeName': 'eStructuralFeatures'}" 
},{
	 "source": "100", 
	 "target": "103", 
	 "label": "{'changeType': 'Preserve', 'type': 'reference', 'referenceTypeName': 'eContainingClass'}" 
},{
	 "source": "104", 
	 "target": "103", 
	 "label": "{'changeType': 'Preserve', 'type': 'reference', 'referenceTypeName': 'eAnnotations'}" 
},{
	 "source": "103", 
	 "target": "104", 
	 "label": "{'changeType': 'Preserve', 'type': 'reference', 'referenceTypeName': 'eModelElement'}" 
},{
	 "source": "105", 
	 "target": "104", 
	 "label": "{'changeType': 'Preserve', 'type': 'reference', 'referenceTypeName': 'details'}" 
},{
	 "source": "106", 
	 "target": "100", 
	 "label": "{'changeType': 'Preserve', 'type': 'reference', 'referenceTypeName': 'eStructuralFeatures'}" 
},{
	 "source": "100", 
	 "target": "106", 
	 "label": "{'changeType': 'Preserve', 'type': 'reference', 'referenceTypeName': 'eContainingClass'}" 
},{
	 "source": "107", 
	 "target": "106", 
	 "label": "{'changeType': 'Preserve', 'type': 'reference', 'referenceTypeName': 'eAnnotations'}" 
},{
	 "source": "106", 
	 "target": "107", 
	 "label": "{'changeType': 'Preserve', 'type': 'reference', 'referenceTypeName': 'eModelElement'}" 
},{
	 "source": "108", 
	 "target": "107", 
	 "label": "{'changeType': 'Preserve', 'type': 'reference', 'referenceTypeName': 'details'}" 
},{
	 "source": "109", 
	 "target": "0", 
	 "label": "{'changeType': 'Preserve', 'type': 'reference', 'referenceTypeName': 'eClassifiers'}" 
},{
	 "source": "0", 
	 "target": "109", 
	 "label": "{'changeType': 'Preserve', 'type': 'reference', 'referenceTypeName': 'ePackage'}" 
},{
	 "source": "110", 
	 "target": "109", 
	 "label": "{'changeType': 'Preserve', 'type': 'reference', 'referenceTypeName': 'eAnnotations'}" 
},{
	 "source": "109", 
	 "target": "110", 
	 "label": "{'changeType': 'Preserve', 'type': 'reference', 'referenceTypeName': 'eModelElement'}" 
},{
	 "source": "111", 
	 "target": "110", 
	 "label": "{'changeType': 'Preserve', 'type': 'reference', 'referenceTypeName': 'details'}" 
},{
	 "source": "112", 
	 "target": "109", 
	 "label": "{'changeType': 'Preserve', 'type': 'reference', 'referenceTypeName': 'eStructuralFeatures'}" 
},{
	 "source": "109", 
	 "target": "112", 
	 "label": "{'changeType': 'Preserve', 'type': 'reference', 'referenceTypeName': 'eContainingClass'}" 
},{
	 "source": "113", 
	 "target": "112", 
	 "label": "{'changeType': 'Preserve', 'type': 'reference', 'referenceTypeName': 'eAnnotations'}" 
},{
	 "source": "112", 
	 "target": "113", 
	 "label": "{'changeType': 'Preserve', 'type': 'reference', 'referenceTypeName': 'eModelElement'}" 
},{
	 "source": "114", 
	 "target": "113", 
	 "label": "{'changeType': 'Preserve', 'type': 'reference', 'referenceTypeName': 'details'}" 
},{
	 "source": "115", 
	 "target": "109", 
	 "label": "{'changeType': 'Preserve', 'type': 'reference', 'referenceTypeName': 'eStructuralFeatures'}" 
},{
	 "source": "109", 
	 "target": "115", 
	 "label": "{'changeType': 'Preserve', 'type': 'reference', 'referenceTypeName': 'eContainingClass'}" 
},{
	 "source": "116", 
	 "target": "115", 
	 "label": "{'changeType': 'Preserve', 'type': 'reference', 'referenceTypeName': 'eAnnotations'}" 
},{
	 "source": "115", 
	 "target": "116", 
	 "label": "{'changeType': 'Preserve', 'type': 'reference', 'referenceTypeName': 'eModelElement'}" 
},{
	 "source": "117", 
	 "target": "116", 
	 "label": "{'changeType': 'Preserve', 'type': 'reference', 'referenceTypeName': 'details'}" 
},{
	 "source": "118", 
	 "target": "109", 
	 "label": "{'changeType': 'Preserve', 'type': 'reference', 'referenceTypeName': 'eStructuralFeatures'}" 
},{
	 "source": "109", 
	 "target": "118", 
	 "label": "{'changeType': 'Preserve', 'type': 'reference', 'referenceTypeName': 'eContainingClass'}" 
},{
	 "source": "119", 
	 "target": "118", 
	 "label": "{'changeType': 'Preserve', 'type': 'reference', 'referenceTypeName': 'eAnnotations'}" 
},{
	 "source": "118", 
	 "target": "119", 
	 "label": "{'changeType': 'Preserve', 'type': 'reference', 'referenceTypeName': 'eModelElement'}" 
},{
	 "source": "120", 
	 "target": "119", 
	 "label": "{'changeType': 'Preserve', 'type': 'reference', 'referenceTypeName': 'details'}" 
}]}